account_id,user_id,account_type,balance,kyc_verified,account_age_days
A1,U1,savings,244465,1,782
A2,U1,current,456249,0,782
A3,U2,savings,22496,0,1775
A4,U2,current,29664,0,1775
A5,U3,savings,78744,0,1809
A6,U4,savings,295317,0,826
A7,U5,current,306659,1,1389
A8,U5,current,174476,0,1389
A9,U6,current,190540,0,1501
A10,U7,savings,236112,1,1703
A11,U7,current,456435,1,1703
A12,U8,current,531720,0,1631
A13,U9,savings,186815,0,212
A14,U9,savings,79440,0,212
A15,U10,current,345828,1,1683
A16,U11,current,43916,1,868
A17,U12,current,628661,0,1514
A18,U13,current,126930,0,383
A19,U13,savings,187267,0,383
A20,U14,current,331743,0,121
A21,U15,current,58922,0,1260
A22,U16,savings,363169,1,1712
A23,U17,savings,178091,1,1369
A24,U17,savings,261302,1,1369
A25,U18,current,22499,1,1438
A26,U19,current,229665,1,666
A27,U19,savings,179843,0,666
A28,U20,savings,179357,0,777
A29,U20,savings,231636,0,777
A30,U21,savings,43223,0,32
A31,U21,savings,212327,0,32
A32,U22,current,259993,0,851
A33,U23,current,128269,0,606
A34,U24,current,13783,0,1526
A35,U24,current,14217,0,1526
A36,U25,savings,6671,0,1906
A37,U26,savings,693824,1,1919
A38,U26,savings,548402,1,1919
A39,U27,savings,401928,0,1234
A40,U28,savings,56595,1,351
A41,U29,current,344774,0,323
A42,U30,savings,78014,1,1076
A43,U31,savings,237478,0,147
A44,U31,current,279673,0,147
A45,U32,current,748234,0,369
A46,U33,savings,33367,1,742
A47,U34,savings,13175,1,390
A48,U34,current,52549,0,390
A49,U35,current,213462,1,205
A50,U35,current,165331,0,205
A51,U36,savings,97251,0,902
A52,U37,current,257620,0,1546
A53,U37,savings,152684,1,1546
A54,U38,current,171311,1,1728
A55,U38,current,409268,0,1728
A56,U39,current,205443,1,562
A57,U39,savings,198947,0,562
A58,U40,savings,301827,1,1172
A59,U41,savings,93462,1,1499
A60,U42,current,594576,1,1402
A61,U42,current,121541,0,1402
A62,U43,current,5449,1,785
A63,U44,current,161915,0,1180
A64,U44,savings,41880,1,1180
A65,U45,savings,8015,0,1754
A66,U45,current,63194,0,1754
A67,U46,savings,399330,0,1030
A68,U47,savings,288527,0,1411
A69,U47,savings,197121,1,1411
A70,U48,current,128878,1,516
A71,U49,savings,50907,0,1737
A72,U49,savings,108949,1,1737
A73,U50,savings,54399,0,1858
A74,U51,savings,11231,1,1656
A75,U52,savings,46232,0,1412
A76,U52,savings,58241,0,1412
A77,U53,current,192766,1,122
A78,U54,savings,33900,0,1923
A79,U54,savings,38311,1,1923
A80,U55,savings,17370,0,398
A81,U56,savings,48574,1,1880
A82,U56,savings,20095,1,1880
A83,U57,current,204993,0,1229
A84,U57,savings,228887,1,1229
A85,U58,savings,74524,1,1556
A86,U59,current,6978,0,107
A87,U59,current,21475,1,107
A88,U60,current,38163,1,402
A89,U61,savings,39872,0,1564
A90,U61,current,80845,0,1564
A91,U62,savings,56393,1,1901
A92,U62,savings,42925,1,1901
A93,U63,current,20591,1,1557
A94,U64,savings,8394,1,992
A95,U65,current,14302,0,1199
A96,U66,savings,67458,1,1116
A97,U67,current,53671,1,1349
A98,U67,savings,49765,0,1349
A99,U68,savings,266426,0,1265
A100,U68,current,561920,1,1265
A101,U69,savings,422945,0,839
A102,U70,savings,47064,1,904
A103,U71,savings,24237,0,82
A104,U72,savings,515405,1,1926
A105,U73,savings,156795,1,1629
A106,U74,savings,27738,1,228
A107,U74,current,15099,0,228
A108,U75,current,369340,1,189
A109,U76,savings,199193,0,707
A110,U77,current,840253,0,1232
A111,U77,current,910557,1,1232
A112,U78,savings,14572,1,1919
A113,U78,current,9870,0,1919
A114,U79,current,54052,1,1668
A115,U79,savings,251793,1,1668
A116,U80,savings,201689,1,270
A117,U80,savings,72739,0,270
A118,U81,savings,33613,0,1870
A119,U81,savings,22716,0,1870
A120,U82,current,43085,0,1941
A121,U82,savings,92686,1,1941
A122,U83,current,62224,1,1775
A123,U84,current,505604,1,1598
A124,U85,current,445941,0,978
A125,U86,current,55284,0,431
A126,U87,savings,237761,0,1928
A127,U88,savings,7043,1,1411
A128,U89,savings,146623,1,1303
A129,U90,current,47552,0,1511
A130,U91,savings,68350,0,1642
A131,U91,current,72215,0,1642
A132,U92,savings,526150,0,833
A133,U93,savings,251553,1,1953
A134,U93,current,428030,1,1953
A135,U94,current,188663,0,309
A136,U95,savings,15396,0,650
A137,U96,current,93157,1,1275
A138,U97,current,91204,1,684
A139,U97,current,445491,1,684
A140,U98,current,96104,0,1707
A141,U98,current,102766,1,1707
A142,U99,current,32797,0,1879
A143,U100,savings,116911,1,1277
A144,U101,current,188050,0,1189
A145,U101,savings,170679,1,1189
A146,U102,current,377069,0,154
A147,U103,savings,666792,0,577
A148,U104,savings,11995,1,990
A149,U105,current,832928,0,1657
A150,U105,current,242916,1,1657
A151,U106,savings,115652,0,1508
A152,U107,savings,159788,0,184
A153,U108,savings,41935,1,1423
A154,U108,current,170173,0,1423
A155,U109,current,4935,1,1236
A156,U110,current,135547,1,165
A157,U110,current,106712,1,165
A158,U111,current,296179,1,1105
A159,U111,current,267886,0,1105
A160,U112,savings,63668,0,1225
A161,U113,savings,529053,0,1842
A162,U114,current,281740,0,573
A163,U114,current,462242,0,573
A164,U115,savings,573673,0,988
A165,U115,current,278656,1,988
A166,U116,savings,110018,1,676
A167,U116,savings,623284,1,676
A168,U117,savings,103489,0,504
A169,U117,current,293917,0,504
A170,U118,savings,4522,0,1869
A171,U118,current,16203,1,1869
A172,U119,current,121944,1,907
A173,U120,savings,273330,0,863
A174,U120,savings,607049,1,863
A175,U121,current,34729,1,79
A176,U121,savings,24988,1,79
A177,U122,savings,13984,1,1951
A178,U123,savings,226437,1,857
A179,U124,savings,45627,1,556
A180,U125,savings,103286,0,1395
A181,U126,current,77339,0,1919
A182,U126,savings,142022,1,1919
A183,U127,current,26466,0,1597
A184,U128,savings,324410,0,1384
A185,U128,savings,80417,0,1384
A186,U129,current,279480,0,804
A187,U130,current,77375,0,1348
A188,U131,savings,64637,0,440
A189,U131,current,68149,0,440
A190,U132,current,27432,0,1827
A191,U132,current,167345,0,1827
A192,U133,current,384119,1,729
A193,U134,savings,344928,0,1777
A194,U135,savings,939268,0,967
A195,U136,current,34759,0,779
A196,U137,current,105121,0,1770
A197,U137,current,138687,0,1770
A198,U138,savings,15754,1,837
A199,U139,savings,218153,0,2000
A200,U140,current,326995,1,1787
A201,U140,current,99233,0,1787
A202,U141,current,38181,1,1233
A203,U142,current,184780,1,826
A204,U142,current,28712,0,826
A205,U143,current,155904,0,477
A206,U143,savings,20445,0,477
A207,U144,current,567165,1,1715
A208,U144,savings,260858,1,1715
A209,U145,current,74142,1,1324
A210,U146,savings,12902,0,1962
A211,U146,savings,12408,0,1962
A212,U147,current,178296,0,697
A213,U147,savings,169931,1,697
A214,U148,current,140695,0,970
A215,U148,current,354733,0,970
A216,U149,current,337167,1,1222
A217,U150,savings,411048,0,88
A218,U150,current,55636,1,88
A219,U151,savings,30582,1,561
A220,U152,savings,67926,0,1622
A221,U153,current,186661,1,1701
A222,U153,current,210425,1,1701
A223,U154,savings,49916,1,1553
A224,U154,savings,26475,0,1553
A225,U155,current,67365,0,1325
A226,U155,savings,148478,1,1325
A227,U156,current,33011,1,1978
A228,U157,savings,31841,1,1224
A229,U157,savings,20684,1,1224
A230,U158,current,272056,1,751
A231,U159,savings,295099,0,80
A232,U159,savings,387064,0,80
A233,U160,current,9582,0,700
A234,U161,current,69778,1,1999
A235,U162,savings,123902,1,834
A236,U163,savings,4462,0,149
A237,U164,savings,317492,1,1442
A238,U165,savings,15876,1,1508
A239,U165,savings,20757,1,1508
A240,U166,current,74885,0,1778
A241,U166,current,22334,0,1778
A242,U167,current,431269,1,1197
A243,U168,savings,344846,1,1111
A244,U169,savings,79600,1,963
A245,U169,savings,212476,1,963
A246,U170,savings,422865,1,857
A247,U170,current,731951,0,857
A248,U171,current,339223,0,679
A249,U172,savings,398941,0,94
A250,U173,savings,6039,1,1401
A251,U173,current,8167,0,1401
A252,U174,savings,166645,1,364
A253,U174,current,58188,1,364
A254,U175,savings,37726,0,483
A255,U176,savings,547731,1,86
A256,U176,current,144265,0,86
A257,U177,current,115674,0,1323
A258,U178,savings,77360,0,551
A259,U178,savings,76784,1,551
A260,U179,current,63158,1,743
A261,U180,current,92221,0,262
A262,U180,savings,38993,0,262
A263,U181,current,11657,1,1130
A264,U181,savings,8367,0,1130
A265,U182,current,4074,0,795
A266,U182,current,15039,1,795
A267,U183,savings,50324,0,552
A268,U183,current,60412,0,552
A269,U184,current,5009,0,891
A270,U184,savings,8469,0,891
A271,U185,savings,15222,1,1082
A272,U185,savings,13653,0,1082
A273,U186,savings,23694,0,615
A274,U187,current,17613,0,1955
A275,U187,savings,20393,1,1955
A276,U188,current,80050,1,443
A277,U188,current,13730,0,443
A278,U189,current,38218,0,1134
A279,U190,savings,61943,1,1805
A280,U191,savings,94302,0,1860
A281,U192,current,353264,0,793
A282,U193,current,58594,0,125
A283,U194,current,167757,0,1310
A284,U194,current,36853,1,1310
A285,U195,current,69592,1,1013
A286,U195,current,242000,0,1013
A287,U196,current,74839,1,162
A288,U197,current,36477,1,1172
A289,U198,current,82201,0,1553
A290,U198,current,129963,1,1553
A291,U199,current,231140,1,1190
A292,U200,current,328705,1,61
A293,U200,savings,256162,0,61
A294,U201,savings,23637,1,1695
A295,U202,savings,28585,1,648
A296,U203,current,292287,0,1437
A297,U204,current,21342,0,392
A298,U205,savings,250100,0,83
A299,U205,savings,119249,1,83
A300,U206,savings,166661,1,587
A301,U207,current,61836,1,1406
A302,U208,savings,337801,0,369
A303,U209,savings,66537,0,1990
A304,U210,current,5514,1,1600
A305,U211,savings,93454,0,581
A306,U211,savings,436170,1,581
A307,U212,savings,222712,1,642
A308,U212,current,113927,0,642
A309,U213,current,18278,1,87
A310,U214,savings,26539,1,483
A311,U214,current,10306,0,483
A312,U215,current,176223,0,1542
A313,U216,savings,109166,0,652
A314,U217,current,33264,1,111
A315,U217,current,12449,0,111
A316,U218,savings,65544,0,1478
A317,U218,savings,71455,0,1478
A318,U219,current,197532,0,1379
A319,U220,current,23820,1,630
A320,U221,savings,10161,1,167
A321,U221,savings,6795,0,167
A322,U222,current,76701,1,1204
A323,U222,savings,72913,1,1204
A324,U223,current,323369,0,1195
A325,U224,savings,32884,1,1731
A326,U225,savings,18056,1,701
A327,U226,current,29091,1,1990
A328,U227,current,60715,1,1025
A329,U228,savings,201769,0,507
A330,U229,current,147092,0,257
A331,U229,savings,371115,0,257
A332,U230,savings,75393,1,878
A333,U230,current,118097,1,878
A334,U231,savings,219448,0,105
A335,U231,savings,354307,1,105
A336,U232,savings,118478,0,550
A337,U232,current,277152,1,550
A338,U233,savings,132135,0,1101
A339,U233,current,40565,0,1101
A340,U234,savings,23572,1,1048
A341,U235,current,151297,1,951
A342,U236,savings,359018,0,199
A343,U237,current,704287,1,303
A344,U238,current,35368,1,1025
A345,U238,current,76115,1,1025
A346,U239,savings,293401,1,1589
A347,U239,current,356837,0,1589
A348,U240,savings,224074,0,755
A349,U240,current,115701,0,755
A350,U241,current,57805,1,193
A351,U242,savings,159726,1,589
A352,U243,current,47241,0,1123
A353,U244,savings,37892,0,397
A354,U245,current,469623,1,1377
A355,U246,current,400256,0,1948
A356,U247,current,332945,0,1442
A357,U247,current,79343,1,1442
A358,U248,savings,652041,1,1167
A359,U249,current,511196,0,1846
A360,U249,savings,461775,0,1846
A361,U250,savings,267116,1,926
A362,U251,savings,201376,0,1818
A363,U251,current,186583,1,1818
A364,U252,savings,193258,1,70
A365,U252,current,53751,1,70
A366,U253,current,268130,0,1660
A367,U253,current,372552,0,1660
A368,U254,current,209016,0,98
A369,U254,current,227634,1,98
A370,U255,current,379669,1,511
A371,U255,current,643236,0,511
A372,U256,current,137120,1,428
A373,U257,current,26727,1,410
A374,U257,savings,36045,1,410
A375,U258,current,29201,1,1046
A376,U258,savings,6493,1,1046
A377,U259,savings,47812,0,1952
A378,U259,savings,41237,1,1952
A379,U260,savings,152232,1,1360
A380,U260,savings,219725,0,1360
A381,U261,current,124888,0,781
A382,U262,current,668054,1,1548
A383,U263,savings,403197,1,675
A384,U263,current,136680,1,675
A385,U264,current,217081,1,1402
A386,U265,savings,346317,0,1410
A387,U265,savings,118951,0,1410
A388,U266,savings,21362,1,434
A389,U267,savings,53895,1,1267
A390,U268,current,556772,1,360
A391,U269,savings,209433,1,595
A392,U270,savings,61002,1,1829
A393,U270,savings,47900,0,1829
A394,U271,savings,28823,1,357
A395,U271,current,27372,0,357
A396,U272,savings,30389,1,706
A397,U272,current,37355,0,706
A398,U273,savings,125750,0,883
A399,U274,current,13157,0,1190
A400,U274,current,25821,1,1190
A401,U275,savings,16305,1,204
A402,U275,current,14054,1,204
A403,U276,current,206633,0,1717
A404,U276,savings,90017,0,1717
A405,U277,current,22187,1,792
A406,U277,savings,14629,0,792
A407,U278,savings,183180,0,1751
A408,U279,current,263138,0,1689
A409,U279,savings,180013,1,1689
A410,U280,savings,4714,1,548
A411,U280,current,25246,0,548
A412,U281,savings,6218,0,1793
A413,U282,savings,372921,0,1619
A414,U282,savings,629298,0,1619
A415,U283,savings,64589,1,1680
A416,U283,savings,71408,0,1680
A417,U284,current,382842,0,1746
A418,U284,savings,96138,0,1746
A419,U285,savings,136264,0,328
A420,U285,savings,59880,1,328
A421,U286,savings,7792,0,1460
A422,U286,current,16930,0,1460
A423,U287,current,275894,0,1850
A424,U288,savings,33954,1,1577
A425,U288,savings,27934,0,1577
A426,U289,current,101169,1,584
A427,U289,savings,71745,1,584
A428,U290,savings,34897,1,906
A429,U290,current,12742,1,906
A430,U291,current,246081,1,921
A431,U292,savings,276009,1,1306
A432,U292,savings,159097,1,1306
A433,U293,savings,150237,1,1037
A434,U294,current,66607,0,1975
A435,U294,current,72626,1,1975
A436,U295,current,79729,0,373
A437,U295,current,69740,1,373
A438,U296,current,79667,1,170
A439,U297,current,164826,0,1992
A440,U298,savings,176791,1,1981
A441,U299,savings,484523,1,1010
A442,U300,current,73871,1,1087
A443,U301,savings,239657,1,490
A444,U302,current,280461,0,192
A445,U302,current,178139,0,192
A446,U303,current,71300,0,109
A447,U303,savings,61672,1,109
A448,U304,current,146688,1,1308
A449,U305,current,478198,1,604
A450,U306,savings,127901,1,1189
A451,U306,savings,334256,1,1189
A452,U307,savings,41855,0,923
A453,U307,current,11886,1,923
A454,U308,savings,51412,1,1432
A455,U309,savings,713907,1,1557
A456,U309,savings,135600,0,1557
A457,U310,savings,34289,1,728
A458,U311,savings,10426,0,1088
A459,U311,savings,41806,0,1088
A460,U312,current,43505,1,1620
A461,U313,savings,5717,1,423
A462,U313,savings,19882,1,423
A463,U314,savings,5907,0,1036
A464,U315,savings,25803,0,44
A465,U315,current,51513,0,44
A466,U316,savings,121165,0,812
A467,U316,savings,57625,0,812
A468,U317,current,84274,1,1547
A469,U317,savings,51020,1,1547
A470,U318,current,399108,0,244
A471,U319,current,419367,1,635
A472,U319,current,220248,1,635
A473,U320,current,307382,0,1659
A474,U320,savings,72137,0,1659
A475,U321,current,152243,1,604
A476,U321,current,191900,0,604
A477,U322,current,20577,0,870
A478,U322,savings,62621,0,870
A479,U323,current,299190,1,1912
A480,U323,current,509421,1,1912
A481,U324,current,79966,0,109
A482,U324,current,120771,1,109
A483,U325,current,328721,1,1535
A484,U325,current,216176,0,1535
A485,U326,savings,44705,0,1850
A486,U326,current,40441,0,1850
A487,U327,current,327343,1,940
A488,U328,current,28711,1,1567
A489,U329,savings,133458,1,1664
A490,U330,current,73683,0,1493
A491,U330,current,170487,0,1493
A492,U331,current,91839,0,419
A493,U331,savings,340066,1,419
A494,U332,savings,418992,0,1649
A495,U333,savings,433859,0,1639
A496,U334,current,369359,1,618
A497,U335,current,116404,1,1206
A498,U336,savings,17419,1,1923
A499,U337,savings,222651,0,1293
A500,U337,savings,344558,1,1293
A501,U338,savings,126912,0,747
A502,U339,savings,119524,1,913
A503,U339,current,426705,0,913
A504,U340,current,341886,0,563
A505,U340,current,257622,1,563
A506,U341,savings,240572,0,577
A507,U342,savings,17415,1,329
A508,U343,savings,6289,1,1899
A509,U344,savings,214308,1,606
A510,U344,savings,208308,0,606
A511,U345,savings,518459,1,304
A512,U345,current,290406,1,304
A513,U346,savings,215110,0,1393
A514,U346,current,91903,1,1393
A515,U347,current,15589,0,472
A516,U347,current,38698,1,472
A517,U348,current,114673,1,89
A518,U349,current,71973,0,888
A519,U349,current,145840,0,888
A520,U350,current,258633,1,1127
A521,U351,savings,18973,1,725
A522,U351,current,14213,1,725
A523,U352,current,428863,0,1823
A524,U352,savings,175296,0,1823
A525,U353,savings,132668,0,230
A526,U354,savings,108491,1,269
A527,U355,savings,443602,0,937
A528,U355,current,543300,1,937
A529,U356,savings,159111,0,1439
A530,U357,savings,198710,0,269
A531,U357,current,183204,0,269
A532,U358,savings,178449,0,868
A533,U358,savings,229544,0,868
A534,U359,current,75048,0,1899
A535,U360,savings,5056,0,445
A536,U361,savings,118020,0,1559
A537,U361,current,118646,0,1559
A538,U362,current,412569,0,860
A539,U362,current,156371,0,860
A540,U363,current,50478,0,1292
A541,U363,current,40043,1,1292
A542,U364,current,19571,0,1273
A543,U365,savings,54554,1,41
A544,U366,current,183855,1,939
A545,U367,savings,65083,0,389
A546,U367,savings,217773,0,389
A547,U368,savings,398529,0,544
A548,U368,current,233024,1,544
A549,U369,current,42384,0,330
A550,U370,savings,74937,1,1637
A551,U371,current,139408,0,1924
A552,U371,savings,195200,1,1924
A553,U372,current,262638,0,417
A554,U373,current,136984,1,795
A555,U373,savings,383850,0,795
A556,U374,savings,8017,1,764
A557,U374,current,11553,0,764
A558,U375,savings,150658,1,136
A559,U376,savings,276209,0,256
A560,U376,savings,217126,0,256
A561,U377,savings,225200,0,765
A562,U377,savings,52449,1,765
A563,U378,savings,55240,0,502
A564,U379,savings,361233,1,749
A565,U380,current,68015,0,949
A566,U381,savings,73363,1,1232
A567,U382,current,83576,1,439
A568,U383,current,77094,0,1040
A569,U384,current,195002,1,1911
A570,U384,current,191431,1,1911
A571,U385,current,182931,1,928
A572,U385,current,170967,1,928
A573,U386,savings,62404,1,1589
A574,U387,current,15019,1,1235
A575,U387,savings,38671,0,1235
A576,U388,current,62610,1,1101
A577,U388,savings,36469,0,1101
A578,U389,savings,23134,1,1897
A579,U389,current,9397,0,1897
A580,U390,savings,572290,1,46
A581,U391,current,73217,0,1301
A582,U392,current,791529,0,1538
A583,U392,current,224011,1,1538
A584,U393,current,37956,1,112
A585,U394,current,432650,0,1286
A586,U394,current,335886,0,1286
A587,U395,savings,243604,0,1827
A588,U395,savings,129520,1,1827
A589,U396,savings,46763,1,1715
A590,U396,savings,219545,0,1715
A591,U397,savings,26773,1,1567
A592,U398,savings,55721,0,961
A593,U398,savings,265268,1,961
A594,U399,current,25346,1,1722
A595,U400,savings,17005,0,1542
A596,U401,current,62879,1,674
A597,U402,current,748464,0,1476
A598,U402,savings,243475,0,1476
A599,U403,current,5190,0,1941
A600,U403,savings,11434,1,1941
A601,U404,savings,96760,1,759
A602,U404,savings,154937,1,759
A603,U405,savings,22276,0,856
A604,U405,current,11608,1,856
A605,U406,current,20619,0,296
A606,U406,current,20349,0,296
A607,U407,current,67284,1,1433
A608,U408,savings,48288,1,896
A609,U409,current,438337,1,962
A610,U409,current,509699,0,962
A611,U410,savings,200622,0,314
A612,U410,savings,278453,1,314
A613,U411,current,111447,1,287
A614,U411,savings,242352,0,287
A615,U412,current,31068,1,1185
A616,U413,current,908490,0,1978
A617,U413,savings,841941,1,1978
A618,U414,savings,57244,1,995
A619,U415,current,19663,0,410
A620,U415,current,9547,1,410
A621,U416,savings,189103,1,440
A622,U417,savings,33514,0,283
A623,U417,savings,50618,0,283
A624,U418,current,327728,1,146
A625,U418,current,94914,1,146
A626,U419,savings,88523,1,935
A627,U420,current,130079,1,348
A628,U421,current,501687,0,929
A629,U421,current,417394,0,929
A630,U422,savings,40695,0,1222
A631,U422,current,65423,1,1222
A632,U423,current,312222,1,623
A633,U423,savings,158874,1,623
A634,U424,current,176251,0,1341
A635,U425,savings,46026,0,285
A636,U425,current,19648,1,285
A637,U426,savings,260707,1,1533
A638,U427,savings,777238,1,757
A639,U427,savings,168011,1,757
A640,U428,savings,35714,0,408
A641,U429,savings,54680,1,520
A642,U430,current,155258,1,519
A643,U430,savings,65197,0,519
A644,U431,savings,379922,0,1165
A645,U431,savings,476497,1,1165
A646,U432,savings,131851,1,926
A647,U433,savings,8322,0,635
A648,U434,savings,342899,1,980
A649,U434,savings,49637,0,980
A650,U435,savings,95428,0,1240
A651,U436,current,285595,0,1522
A652,U437,current,117540,1,1109
A653,U437,savings,308428,1,1109
A654,U438,current,62213,0,652
A655,U439,current,270004,0,531
A656,U440,savings,16179,1,1036
A657,U440,savings,13952,0,1036
A658,U441,savings,133446,1,1597
A659,U441,current,104035,0,1597
A660,U442,current,229274,1,861
A661,U442,savings,86471,0,861
A662,U443,current,407564,1,1688
A663,U444,current,74540,0,1955
A664,U445,current,124922,0,1775
A665,U446,savings,22292,0,55
A666,U446,savings,5688,0,55
A667,U447,savings,149606,0,307
A668,U448,current,212053,0,1887
A669,U449,current,18478,1,859
A670,U450,savings,21491,0,409
A671,U451,current,195814,0,1300
A672,U452,savings,30790,1,1425
A673,U452,savings,43421,1,1425
A674,U453,savings,51654,0,1646
A675,U454,savings,14602,0,710
A676,U454,savings,58435,0,710
A677,U455,current,164682,1,49
A678,U456,current,68698,0,932
A679,U456,current,8163,1,932
A680,U457,current,32514,1,1995
A681,U458,current,392288,0,1834
A682,U459,savings,60606,1,150
A683,U460,savings,50659,0,1970
A684,U461,savings,215729,1,1016
A685,U461,current,235701,0,1016
A686,U462,savings,64761,1,1443
A687,U462,savings,13263,1,1443
A688,U463,savings,733513,1,804
A689,U463,savings,305682,1,804
A690,U464,current,5285,0,57
A691,U464,savings,9535,1,57
A692,U465,current,112816,1,406
A693,U466,current,30404,0,1496
A694,U467,current,65636,0,1080
A695,U467,current,53452,1,1080
A696,U468,current,101721,1,787
A697,U469,savings,71470,0,1223
A698,U469,current,58219,1,1223
A699,U470,current,137760,1,687
A700,U471,savings,228377,0,1206
A701,U472,current,70068,0,1200
A702,U473,current,14831,1,1520
A703,U474,savings,26733,0,1934
A704,U475,savings,366545,1,1760
A705,U475,current,421390,0,1760
A706,U476,savings,12571,0,1705
A707,U477,current,57268,0,1985
A708,U478,current,208755,1,462
A709,U478,current,307201,1,462
A710,U479,savings,48964,0,228
A711,U480,current,100105,1,257
A712,U481,current,513405,0,1230
A713,U481,savings,165075,0,1230
A714,U482,savings,18412,1,1588
A715,U483,current,607824,0,1620
A716,U483,savings,142594,0,1620
A717,U484,savings,162982,0,1744
A718,U485,savings,14306,0,74
A719,U486,current,188606,1,1956
A720,U486,current,184787,1,1956
A721,U487,current,34890,0,661
A722,U487,savings,47298,0,661
A723,U488,current,171195,1,205
A724,U489,savings,150967,1,1746
A725,U490,current,261504,1,538
A726,U490,savings,400621,1,538
A727,U491,current,39761,0,667
A728,U491,savings,15522,0,667
A729,U492,savings,77195,1,1441
A730,U493,savings,578811,1,1426
A731,U494,current,20853,0,731
A732,U495,current,32559,0,1680
A733,U496,current,51509,0,1301
A734,U497,savings,22788,0,1592
A735,U497,current,43378,1,1592
A736,U498,current,22651,1,1381
A737,U499,savings,163634,1,1748
A738,U500,current,120068,0,190
A739,U501,savings,596673,0,923
A740,U501,current,292792,0,923
A741,U502,current,48194,0,1514
A742,U502,current,208780,0,1514
A743,U503,current,51213,0,964
A744,U503,current,59430,1,964
A745,U504,current,592809,1,1655
A746,U505,current,608764,0,1659
A747,U506,current,591118,1,400
A748,U507,current,189665,0,869
A749,U508,current,837672,1,1767
A750,U508,savings,134857,0,1767
A751,U509,current,18926,0,1986
A752,U509,current,25984,0,1986
A753,U510,current,23957,0,387
A754,U510,savings,31289,1,387
A755,U511,current,34804,0,1167
A756,U512,savings,55255,0,191
A757,U513,current,68880,1,1663
A758,U513,current,26906,1,1663
A759,U514,current,45978,1,1256
A760,U515,current,43133,0,1502
A761,U516,savings,130716,1,97
A762,U517,savings,93674,0,1736
A763,U518,savings,42427,0,326
A764,U518,savings,21292,0,326
A765,U519,current,26659,0,738
A766,U519,savings,17805,0,738
A767,U520,current,492767,1,248
A768,U521,current,50793,1,868
A769,U522,current,467021,0,420
A770,U523,current,164251,1,1695
A771,U524,savings,277909,0,122
A772,U524,current,393045,1,122
A773,U525,savings,36954,0,1123
A774,U525,current,5947,1,1123
A775,U526,current,5218,0,324
A776,U527,current,434232,1,1879
A777,U528,current,7269,1,1290
A778,U529,savings,157868,0,1692
A779,U529,savings,195934,0,1692
A780,U530,current,198461,1,448
A781,U530,current,751411,1,448
A782,U531,savings,140294,0,1302
A783,U532,savings,17727,1,1550
A784,U532,current,32703,0,1550
A785,U533,current,213561,0,203
A786,U533,current,365986,1,203
A787,U534,current,36550,0,1021
A788,U535,savings,85910,1,966
A789,U536,savings,11813,0,1796
A790,U536,current,24482,1,1796
A791,U537,savings,129982,0,1327
A792,U537,savings,138623,1,1327
A793,U538,savings,15301,0,878
A794,U539,savings,68359,0,1042
A795,U539,savings,43758,1,1042
A796,U540,savings,37164,0,1744
A797,U540,current,26483,1,1744
A798,U541,savings,894543,0,988
A799,U542,savings,22248,0,987
A800,U542,savings,10673,0,987
A801,U543,current,205034,1,1479
A802,U543,savings,81111,1,1479
A803,U544,current,113173,1,1379
A804,U545,current,6244,1,1884
A805,U545,current,12212,1,1884
A806,U546,savings,314044,0,1240
A807,U547,savings,206222,0,1254
A808,U547,current,38188,0,1254
A809,U548,savings,527611,1,1184
A810,U549,current,157648,0,749
A811,U550,savings,69185,1,1040
A812,U551,current,268934,0,585
A813,U551,current,111323,0,585
A814,U552,current,3198,1,1148
A815,U553,current,105506,0,888
A816,U553,savings,27847,1,888
A817,U554,current,394870,0,1637
A818,U555,savings,21171,0,634
A819,U555,current,16194,1,634
A820,U556,savings,70421,0,446
A821,U557,savings,44097,0,1152
A822,U557,current,32213,1,1152
A823,U558,savings,28475,1,1355
A824,U559,current,151560,1,1882
A825,U560,savings,329464,0,1059
A826,U561,current,9619,0,58
A827,U562,current,59958,0,324
A828,U563,savings,712612,0,177
A829,U563,current,859392,0,177
A830,U564,savings,778236,0,596
A831,U565,savings,144136,1,1046
A832,U566,current,148764,0,262
A833,U566,savings,293870,1,262
A834,U567,current,622357,0,1446
A835,U567,savings,560151,1,1446
A836,U568,savings,165698,0,197
A837,U568,current,27975,1,197
A838,U569,current,72691,1,1412
A839,U570,savings,378626,1,1672
A840,U570,savings,230321,0,1672
A841,U571,savings,59402,1,486
A842,U571,current,224861,1,486
A843,U572,savings,268910,1,1672
A844,U573,savings,227770,0,187
A845,U573,savings,96430,0,187
A846,U574,current,208191,0,876
A847,U574,current,143340,1,876
A848,U575,current,465716,1,1469
A849,U576,current,271018,0,1267
A850,U577,savings,129545,1,446
A851,U577,savings,158361,0,446
A852,U578,savings,19609,1,61
A853,U579,current,25862,1,1345
A854,U579,current,15185,0,1345
A855,U580,current,86069,1,1261
A856,U581,current,181138,0,1372
A857,U582,current,501687,0,480
A858,U583,savings,39339,0,813
A859,U584,current,24364,1,1421
A860,U584,savings,22055,0,1421
A861,U585,current,68662,1,1783
A862,U585,savings,31214,1,1783
A863,U586,savings,23676,1,67
A864,U587,savings,408342,1,215
A865,U587,savings,176445,0,215
A866,U588,savings,97295,1,1959
A867,U588,savings,35284,1,1959
A868,U589,savings,79007,0,1286
A869,U589,current,21277,0,1286
A870,U590,savings,132092,0,51
A871,U590,current,79729,1,51
A872,U591,savings,107195,0,999
A873,U592,savings,37528,0,1282
A874,U593,savings,47499,1,273
A875,U594,savings,209596,1,943
A876,U594,current,162763,1,943
A877,U595,savings,15562,0,348
A878,U596,current,20292,1,256
A879,U596,current,23737,1,256
A880,U597,savings,26910,0,1711
A881,U597,current,5066,0,1711
A882,U598,savings,12911,1,1425
A883,U599,current,218456,1,1284
A884,U600,savings,458350,0,1812
A885,U601,savings,167939,0,286
A886,U601,current,401862,1,286
A887,U602,savings,256475,1,1983
A888,U603,current,173325,1,248
A889,U603,savings,317045,1,248
A890,U604,savings,20484,1,1133
A891,U605,savings,205236,1,210
A892,U606,savings,621507,0,823
A893,U607,savings,212749,0,1366
A894,U608,savings,56107,0,681
A895,U608,current,200263,1,681
A896,U609,current,48102,0,1498
A897,U609,savings,78558,1,1498
A898,U610,savings,225316,0,943
A899,U610,savings,201215,0,943
A900,U611,savings,266398,0,800
A901,U612,savings,99933,1,1253
A902,U612,savings,74882,1,1253
A903,U613,savings,125133,1,257
A904,U614,savings,241730,1,1049
A905,U615,savings,213374,0,1695
A906,U615,current,299252,0,1695
A907,U616,savings,656606,0,1455
A908,U617,current,76923,1,1673
A909,U618,savings,62783,1,350
A910,U618,savings,123654,0,350
A911,U619,current,172494,1,146
A912,U620,current,350308,0,699
A913,U621,current,70029,1,838
A914,U621,savings,25755,0,838
A915,U622,current,16894,0,1233
A916,U622,savings,20293,0,1233
A917,U623,current,400334,0,1067
A918,U623,current,392200,0,1067
A919,U624,current,94782,1,1253
A920,U624,current,128788,0,1253
A921,U625,savings,303581,0,268
A922,U626,savings,19157,0,1539
A923,U626,savings,5175,0,1539
A924,U627,savings,216518,1,1099
A925,U628,savings,423893,1,1427
A926,U629,current,57608,1,1110
A927,U630,current,193660,1,1402
A928,U630,savings,293781,0,1402
A929,U631,current,105967,1,1525
A930,U631,savings,127210,0,1525
A931,U632,savings,71793,1,1707
A932,U632,current,221820,1,1707
A933,U633,current,378728,1,1146
A934,U634,savings,248274,1,1406
A935,U634,savings,119610,1,1406
A936,U635,current,502509,0,118
A937,U635,current,373707,0,118
A938,U636,current,45974,1,394
A939,U637,savings,6075,1,457
A940,U638,current,46422,1,999
A941,U638,savings,66213,1,999
A942,U639,savings,28804,1,1973
A943,U640,current,22917,1,1898
A944,U640,current,11609,1,1898
A945,U641,current,93392,1,586
A946,U641,savings,316540,0,586
A947,U642,current,92712,0,1405
A948,U643,current,154191,1,1208
A949,U643,savings,167650,0,1208
A950,U644,current,171758,1,1245
A951,U644,savings,193983,1,1245
A952,U645,current,62761,0,1444
A953,U646,savings,360772,1,1029
A954,U646,current,462978,1,1029
A955,U647,current,35445,0,1947
A956,U648,savings,123449,1,1782
A957,U648,savings,98307,1,1782
A958,U649,current,24165,1,1196
A959,U650,current,54864,1,361
A960,U651,savings,55887,1,1140
A961,U651,savings,29339,1,1140
A962,U652,savings,219656,1,1615
A963,U653,current,306875,0,112
A964,U653,savings,255621,0,112
A965,U654,savings,366831,1,705
A966,U654,savings,119786,1,705
A967,U655,savings,42460,0,853
A968,U655,savings,104722,0,853
A969,U656,current,223170,0,1395
A970,U656,current,61830,1,1395
A971,U657,current,355788,1,903
A972,U657,savings,833108,1,903
A973,U658,current,22034,0,1478
A974,U659,savings,71441,0,930
A975,U660,savings,65350,0,1491
A976,U661,current,88437,1,887
A977,U661,savings,143924,0,887
A978,U662,savings,23766,1,1935
A979,U662,savings,20707,0,1935
A980,U663,current,38192,1,1090
A981,U664,savings,276279,0,336
A982,U664,savings,83256,0,336
A983,U665,savings,30508,1,1049
A984,U666,current,310147,0,1333
A985,U667,savings,148957,1,1517
A986,U667,current,136955,1,1517
A987,U668,savings,329932,1,1450
A988,U668,savings,148077,1,1450
A989,U669,current,79014,1,1697
A990,U670,current,267519,1,637
A991,U671,current,778049,1,594
A992,U672,current,195436,1,368
A993,U673,current,369487,1,1832
A994,U673,current,215653,0,1832
A995,U674,savings,231029,0,124
A996,U675,current,14805,1,1159
A997,U676,current,136810,0,247
A998,U676,current,42798,0,247
A999,U677,current,17331,0,238
A1000,U678,savings,74574,1,750
A1001,U678,current,94688,0,750
A1002,U679,current,259452,0,105
A1003,U680,current,51268,1,1158
A1004,U681,savings,242892,1,1687
A1005,U682,savings,80732,1,628
A1006,U682,current,510462,1,628
A1007,U683,current,847000,0,1650
A1008,U683,current,513662,1,1650
A1009,U684,current,127285,1,935
A1010,U684,savings,478161,0,935
A1011,U685,savings,69876,0,1774
A1012,U686,savings,36720,1,104
A1013,U687,savings,44633,0,745
A1014,U687,savings,175635,0,745
A1015,U688,savings,199314,0,961
A1016,U689,current,117371,0,1396
A1017,U690,savings,249316,1,359
A1018,U690,current,183867,1,359
A1019,U691,current,53930,0,848
A1020,U692,current,61964,1,1203
A1021,U693,current,381383,1,1351
A1022,U694,savings,225071,1,1937
A1023,U694,savings,409990,1,1937
A1024,U695,savings,154548,1,1401
A1025,U696,savings,99148,1,825
A1026,U697,savings,408593,0,1307
A1027,U697,savings,427128,0,1307
A1028,U698,current,203856,0,1794
A1029,U698,savings,234095,1,1794
A1030,U699,savings,199298,1,316
A1031,U699,current,82259,1,316
A1032,U700,savings,301980,0,964
A1033,U700,current,179215,0,964
A1034,U701,current,191708,1,1454
A1035,U702,savings,52678,1,1403
A1036,U703,current,188392,0,1066
A1037,U704,current,58080,0,366
A1038,U704,current,70171,0,366
A1039,U705,current,153173,0,611
A1040,U705,current,184819,1,611
A1041,U706,savings,431931,1,700
A1042,U706,savings,363671,0,700
A1043,U707,current,182233,1,1495
A1044,U707,savings,53967,0,1495
A1045,U708,savings,270574,0,461
A1046,U708,current,281153,0,461
A1047,U709,current,16677,0,626
A1048,U709,current,34266,1,626
A1049,U710,current,269426,1,897
A1050,U711,savings,72948,0,162
A1051,U711,current,171717,0,162
A1052,U712,savings,284504,0,795
A1053,U712,current,368163,0,795
A1054,U713,current,362117,0,420
A1055,U713,savings,108038,0,420
A1056,U714,savings,260935,0,1436
A1057,U715,savings,132581,0,96
A1058,U715,savings,71872,1,96
A1059,U716,savings,288129,0,1315
A1060,U717,savings,56628,1,526
A1061,U717,savings,15734,0,526
A1062,U718,current,416118,1,1510
A1063,U719,savings,36783,0,1667
A1064,U720,savings,124972,1,181
A1065,U721,savings,317351,0,1540
A1066,U722,savings,74196,1,1758
A1067,U722,current,255333,1,1758
A1068,U723,current,22066,1,1349
A1069,U723,current,5263,1,1349
A1070,U724,current,155100,0,1513
A1071,U725,current,27948,1,254
A1072,U725,current,19587,1,254
A1073,U726,current,283146,1,1169
A1074,U727,savings,331791,0,1320
A1075,U728,current,144869,1,1548
A1076,U729,current,385664,1,979
A1077,U729,current,284917,0,979
A1078,U730,current,53969,0,1740
A1079,U730,current,19569,0,1740
A1080,U731,current,499423,0,899
A1081,U732,savings,128374,1,1726
A1082,U733,savings,24093,0,318
A1083,U734,current,22953,1,1155
A1084,U734,savings,70160,1,1155
A1085,U735,current,86413,1,1333
A1086,U736,savings,22908,1,992
A1087,U736,savings,122499,1,992
A1088,U737,savings,18646,1,1549
A1089,U738,savings,24685,1,162
A1090,U738,current,22139,0,162
A1091,U739,current,585671,0,1683
A1092,U740,savings,409612,0,806
A1093,U740,current,815293,0,806
A1094,U741,current,55774,1,148
A1095,U741,current,89734,0,148
A1096,U742,current,62647,0,1930
A1097,U743,current,8408,0,1915
A1098,U744,savings,8648,1,943
A1099,U745,savings,42719,1,1339
A1100,U745,savings,79731,1,1339
A1101,U746,savings,26443,1,1099
A1102,U746,savings,8061,1,1099
A1103,U747,current,345945,0,1131
A1104,U747,current,311326,1,1131
A1105,U748,savings,542762,0,1960
A1106,U749,savings,106105,0,1907
A1107,U749,savings,68577,1,1907
A1108,U750,current,130999,0,528
A1109,U750,current,312425,0,528
A1110,U751,savings,256588,1,68
A1111,U751,current,315457,0,68
A1112,U752,current,287114,0,1587
A1113,U753,savings,299027,0,487
A1114,U754,savings,189421,1,1528
A1115,U755,savings,31607,1,1282
A1116,U755,savings,73035,1,1282
A1117,U756,savings,567813,1,1263
A1118,U756,savings,600293,0,1263
A1119,U757,current,263200,0,201
A1120,U758,savings,237304,1,914
A1121,U759,current,167405,0,1727
A1122,U760,current,296675,1,477
A1123,U760,savings,488651,1,477
A1124,U761,savings,116502,0,170
A1125,U761,current,170029,0,170
A1126,U762,savings,632889,1,1630
A1127,U763,savings,28048,0,1599
A1128,U764,savings,30771,0,735
A1129,U764,current,15004,1,735
A1130,U765,current,21827,0,1236
A1131,U765,savings,107684,0,1236
A1132,U766,savings,37703,1,1854
A1133,U767,savings,189573,0,1315
A1134,U768,current,89206,0,87
A1135,U768,current,119862,1,87
A1136,U769,current,26936,1,745
A1137,U769,savings,90236,1,745
A1138,U770,savings,254589,0,694
A1139,U770,savings,311992,0,694
A1140,U771,savings,296549,0,161
A1141,U771,current,229454,0,161
A1142,U772,current,65091,0,139
A1143,U772,current,61610,0,139
A1144,U773,current,191250,0,135
A1145,U773,savings,260212,0,135
A1146,U774,current,74725,1,157
A1147,U775,savings,297577,0,1523
A1148,U776,current,555131,1,1038
A1149,U776,savings,181765,1,1038
A1150,U777,savings,260817,1,503
A1151,U777,savings,433953,0,503
A1152,U778,current,174398,0,791
A1153,U779,current,270467,1,296
A1154,U779,current,179974,0,296
A1155,U780,savings,48783,1,1794
A1156,U780,current,45644,1,1794
A1157,U781,savings,46957,1,623
A1158,U781,current,16117,0,623
A1159,U782,savings,72179,0,537
A1160,U782,savings,333760,1,537
A1161,U783,savings,142251,0,1986
A1162,U783,savings,136769,0,1986
A1163,U784,savings,49114,0,1442
A1164,U784,savings,57290,1,1442
A1165,U785,savings,77943,1,466
A1166,U786,current,28485,1,252
A1167,U786,savings,69096,1,252
A1168,U787,savings,384284,0,868
A1169,U788,savings,73398,0,1216
A1170,U788,savings,244222,0,1216
A1171,U789,current,20713,1,1304
A1172,U789,savings,7519,0,1304
A1173,U790,savings,48600,1,1441
A1174,U791,savings,95458,1,1128
A1175,U791,current,314964,1,1128
A1176,U792,savings,10657,1,194
A1177,U793,savings,16683,1,1346
A1178,U794,current,84915,0,706
A1179,U795,savings,20900,0,1511
A1180,U796,current,290812,1,392
A1181,U797,current,68488,0,944
A1182,U798,current,19480,1,1320
A1183,U798,savings,9315,0,1320
A1184,U799,current,323541,0,1807
A1185,U799,current,432181,0,1807
A1186,U800,current,199588,1,769
A1187,U800,current,73956,1,769
A1188,U801,savings,257712,1,749
A1189,U802,current,218778,1,1378
A1190,U803,savings,62410,0,821
A1191,U803,savings,93815,1,821
A1192,U804,current,24042,1,1835
A1193,U805,savings,59597,0,93
A1194,U806,current,117302,1,1292
A1195,U807,savings,29526,1,1611
A1196,U808,savings,35330,0,1851
A1197,U809,current,36930,0,936
A1198,U810,savings,86037,1,742
A1199,U810,current,26337,1,742
A1200,U811,current,459511,0,441
A1201,U811,current,189912,1,441
A1202,U812,current,405041,0,95
A1203,U813,savings,40274,1,37
A1204,U814,current,460725,1,861
A1205,U815,current,50167,1,334
A1206,U815,savings,48863,0,334
A1207,U816,current,286275,1,731
A1208,U816,current,278946,1,731
A1209,U817,savings,675177,0,505
A1210,U817,savings,441475,0,505
A1211,U818,savings,42745,0,1529
A1212,U819,current,260028,1,1166
A1213,U820,savings,183749,1,197
A1214,U821,savings,38811,0,947
A1215,U821,savings,118732,0,947
A1216,U822,savings,53213,1,1505
A1217,U822,savings,254516,1,1505
A1218,U823,savings,28925,1,1212
A1219,U824,current,19489,0,1384
A1220,U825,current,109681,0,121
A1221,U826,savings,64279,0,1868
A1222,U826,current,89869,0,1868
A1223,U827,savings,10996,0,1253
A1224,U828,savings,88230,0,223
A1225,U828,savings,118858,0,223
A1226,U829,current,40145,0,1857
A1227,U829,savings,13658,1,1857
A1228,U830,savings,565831,1,60
A1229,U831,savings,31355,0,1322
A1230,U831,savings,166311,1,1322
A1231,U832,savings,26740,1,390
A1232,U833,current,44934,1,415
A1233,U834,current,50923,1,1908
A1234,U835,current,91099,1,1297
A1235,U836,savings,326958,1,1266
A1236,U837,current,467382,1,1773
A1237,U838,current,437602,1,651
A1238,U838,current,511430,0,651
A1239,U839,current,184264,1,1027
A1240,U839,savings,162257,1,1027
A1241,U840,current,284174,0,1989
A1242,U840,savings,403548,0,1989
A1243,U841,current,209448,0,833
A1244,U842,current,56673,1,737
A1245,U843,savings,64158,0,351
A1246,U843,savings,80580,1,351
A1247,U844,savings,38240,1,1657
A1248,U845,current,280707,1,1326
A1249,U846,savings,23868,1,107
A1250,U847,savings,192396,0,565
A1251,U848,savings,229011,0,1204
A1252,U848,savings,158358,0,1204
A1253,U849,current,105288,0,848
A1254,U849,current,155983,0,848
A1255,U850,current,405989,0,1543
A1256,U850,current,358008,1,1543
A1257,U851,savings,81440,0,1881
A1258,U852,current,8980,0,1577
A1259,U852,savings,12991,1,1577
A1260,U853,savings,398043,0,1212
A1261,U854,current,14691,1,1276
A1262,U854,current,7690,0,1276
A1263,U855,savings,289982,1,1928
A1264,U856,current,56732,0,390
A1265,U857,savings,132191,1,1610
A1266,U857,current,53618,0,1610
A1267,U858,savings,56233,0,1024
A1268,U859,current,525182,0,1826
A1269,U860,current,282873,1,946
A1270,U861,current,54404,0,1689
A1271,U861,current,252395,0,1689
A1272,U862,current,20858,0,704
A1273,U863,savings,19019,1,1907
A1274,U864,current,17020,1,1837
A1275,U865,current,111249,1,566
A1276,U865,current,197307,1,566
A1277,U866,current,187945,1,642
A1278,U866,current,298348,1,642
A1279,U867,savings,54978,0,1804
A1280,U867,current,35763,1,1804
A1281,U868,current,50366,1,1461
A1282,U868,current,74101,0,1461
A1283,U869,savings,86159,0,306
A1284,U869,current,111729,1,306
A1285,U870,savings,74942,0,1002
A1286,U870,savings,68095,0,1002
A1287,U871,current,44651,0,905
A1288,U872,current,42165,0,1958
A1289,U872,savings,285327,0,1958
A1290,U873,current,79705,0,84
A1291,U874,current,23251,1,777
A1292,U875,savings,43605,1,828
A1293,U875,savings,18535,0,828
A1294,U876,current,8310,0,338
A1295,U877,current,538244,1,361
A1296,U878,current,109896,1,188
A1297,U879,current,545910,0,380
A1298,U879,savings,205226,0,380
A1299,U880,current,73705,1,1703
A1300,U880,current,361787,1,1703
A1301,U881,savings,547467,1,1388
A1302,U881,current,244642,1,1388
A1303,U882,savings,437111,1,1774
A1304,U883,current,49174,0,1775
A1305,U883,current,238338,0,1775
A1306,U884,savings,260651,0,998
A1307,U884,savings,242700,0,998
A1308,U885,current,219779,1,386
A1309,U886,savings,17470,0,1232
A1310,U887,savings,225359,1,1827
A1311,U888,savings,20065,1,348
A1312,U889,current,259989,1,505
A1313,U889,savings,287090,0,505
A1314,U890,savings,37684,0,1208
A1315,U890,current,54626,0,1208
A1316,U891,current,165093,0,1148
A1317,U892,savings,341933,0,1868
A1318,U893,savings,140694,0,1716
A1319,U893,savings,533691,1,1716
A1320,U894,current,195561,0,1926
A1321,U895,savings,211784,0,1744
A1322,U895,current,343472,0,1744
A1323,U896,savings,422900,0,230
A1324,U896,savings,446462,1,230
A1325,U897,current,340981,1,848
A1326,U898,savings,547757,1,1504
A1327,U898,current,388308,0,1504
A1328,U899,current,24340,0,411
A1329,U900,savings,267462,0,933
A1330,U901,current,21670,0,1139
A1331,U901,current,38012,0,1139
A1332,U902,current,355997,0,1571
A1333,U902,current,275640,1,1571
A1334,U903,current,90390,0,421
A1335,U903,savings,90529,0,421
A1336,U904,current,544535,0,1829
A1337,U904,savings,81143,0,1829
A1338,U905,current,54122,1,1590
A1339,U905,current,60834,1,1590
A1340,U906,savings,120474,1,619
A1341,U907,savings,58699,1,1235
A1342,U908,current,119969,0,1446
A1343,U908,savings,129673,1,1446
A1344,U909,savings,69886,0,332
A1345,U909,savings,258879,0,332
A1346,U910,current,77462,1,277
A1347,U911,current,13973,1,1939
A1348,U911,current,55499,1,1939
A1349,U912,savings,31558,0,1608
A1350,U912,current,138092,1,1608
A1351,U913,current,199735,1,1019
A1352,U913,savings,120383,1,1019
A1353,U914,savings,302660,1,869
A1354,U914,current,321436,0,869
A1355,U915,current,438891,1,164
A1356,U916,current,65487,1,1465
A1357,U916,savings,27158,1,1465
A1358,U917,savings,70519,1,462
A1359,U918,savings,67287,1,767
A1360,U919,savings,512447,0,1758
A1361,U919,current,486877,0,1758
A1362,U920,current,58297,0,364
A1363,U920,savings,81965,1,364
A1364,U921,savings,126197,0,1267
A1365,U922,savings,35381,0,916
A1366,U923,savings,118831,1,1262
A1367,U924,savings,20143,1,595
A1368,U925,savings,428003,1,618
A1369,U925,current,444893,1,618
A1370,U926,savings,484703,1,712
A1371,U927,current,55396,0,601
A1372,U927,savings,9564,1,601
A1373,U928,current,99386,1,465
A1374,U929,current,266055,0,439
A1375,U929,savings,422415,1,439
A1376,U930,current,602199,1,363
A1377,U931,savings,28447,1,1467
A1378,U931,current,11456,0,1467
A1379,U932,savings,66806,0,1949
A1380,U932,current,70352,1,1949
A1381,U933,current,400796,0,1599
A1382,U934,current,5580,1,736
A1383,U934,current,14513,1,736
A1384,U935,current,84655,1,1080
A1385,U936,savings,79441,0,738
A1386,U936,savings,99256,1,738
A1387,U937,savings,48056,1,1671
A1388,U938,savings,17960,0,1778
A1389,U938,savings,8259,1,1778
A1390,U939,savings,17224,0,78
A1391,U939,savings,40762,0,78
A1392,U940,savings,524489,1,507
A1393,U941,savings,12341,0,344
A1394,U941,savings,25916,1,344
A1395,U942,current,92088,1,1150
A1396,U943,current,13887,1,1454
A1397,U944,current,19320,0,964
A1398,U944,savings,15464,0,964
A1399,U945,savings,11650,1,118
A1400,U946,current,17790,0,1055
A1401,U947,current,22304,1,805
A1402,U948,savings,32368,0,1762
A1403,U949,current,37774,0,552
A1404,U949,current,95462,1,552
A1405,U950,savings,535428,1,603
A1406,U950,current,530451,1,603
A1407,U951,savings,216889,0,219
A1408,U951,current,436703,0,219
A1409,U952,savings,523148,1,1325
A1410,U952,current,525516,0,1325
A1411,U953,savings,284189,1,793
A1412,U953,savings,410502,0,793
A1413,U954,savings,84936,0,375
A1414,U954,current,574005,1,375
A1415,U955,current,154404,0,668
A1416,U956,current,810373,1,1068
A1417,U957,current,171110,0,468
A1418,U958,current,59957,0,1894
A1419,U958,current,206368,1,1894
A1420,U959,current,7191,1,1278
A1421,U960,savings,211340,1,1508
A1422,U960,savings,125554,1,1508
A1423,U961,savings,8274,0,1192
A1424,U961,current,12765,0,1192
A1425,U962,current,22515,0,333
A1426,U962,current,18655,0,333
A1427,U963,current,40135,1,111
A1428,U964,current,37605,0,400
A1429,U964,savings,90934,0,400
A1430,U965,savings,36194,0,1449
A1431,U965,current,21000,1,1449
A1432,U966,savings,47001,1,385
A1433,U967,savings,20893,1,1453
A1434,U967,current,10251,0,1453
A1435,U968,savings,280687,1,1452
A1436,U968,savings,121432,0,1452
A1437,U969,savings,371997,0,1926
A1438,U969,savings,545204,0,1926
A1439,U970,current,22126,1,452
A1440,U971,savings,309476,0,1585
A1441,U971,current,441204,1,1585
A1442,U972,current,16212,0,1140
A1443,U973,savings,257177,1,1114
A1444,U974,current,12528,0,1788
A1445,U974,current,44628,0,1788
A1446,U975,current,187700,1,328
A1447,U975,current,105800,0,328
A1448,U976,current,615759,0,335
A1449,U977,current,233575,0,1574
A1450,U977,current,142324,0,1574
A1451,U978,savings,70705,0,145
A1452,U979,savings,209111,0,1912
A1453,U979,current,107834,1,1912
A1454,U980,current,62777,0,1740
A1455,U981,savings,155358,0,366
A1456,U981,current,220820,1,366
A1457,U982,current,79471,1,619
A1458,U983,current,14822,1,1046
A1459,U984,savings,40578,0,177
A1460,U984,savings,77967,1,177
A1461,U985,savings,36136,1,1603
A1462,U986,savings,10159,1,730
A1463,U987,savings,60366,0,1729
A1464,U987,current,64629,1,1729
A1465,U988,savings,180069,1,1658
A1466,U988,current,390179,1,1658
A1467,U989,savings,24124,0,429
A1468,U990,savings,473076,1,1424
A1469,U990,current,229898,0,1424
A1470,U991,current,265600,0,863
A1471,U992,savings,211725,0,492
A1472,U993,savings,45117,1,1262
A1473,U993,current,30284,1,1262
A1474,U994,savings,5183,1,680
A1475,U994,current,3947,1,680
A1476,U995,current,245243,1,542
A1477,U995,current,646601,1,542
A1478,U996,current,307643,0,1983
A1479,U996,savings,389858,0,1983
A1480,U997,current,111115,1,1589
A1481,U998,current,165540,1,480
A1482,U998,current,84643,0,480
A1483,U999,current,370589,0,1995
A1484,U1000,savings,99541,1,1608
A1485,U1001,current,208219,0,1625
A1486,U1002,savings,878865,1,1481
A1487,U1003,savings,46718,1,1939
A1488,U1004,current,103518,0,830
A1489,U1004,savings,79027,1,830
A1490,U1005,savings,8341,1,238
A1491,U1006,current,48185,1,1901
A1492,U1007,savings,424842,0,565
A1493,U1008,savings,379480,1,1610
A1494,U1009,current,5507,0,1717
A1495,U1009,current,22766,1,1717
A1496,U1010,current,137366,0,1850
A1497,U1011,current,94652,0,1222
A1498,U1012,savings,14079,0,1696
A1499,U1013,savings,25872,1,1984
A1500,U1014,current,24875,1,618
A1501,U1015,current,24514,0,858
A1502,U1016,current,445533,0,1790
A1503,U1016,current,128726,1,1790
A1504,U1017,current,24787,0,1958
A1505,U1017,current,11819,0,1958
A1506,U1018,current,93765,0,981
A1507,U1018,current,20803,0,981
A1508,U1019,savings,60895,0,1236
A1509,U1019,savings,54594,0,1236
A1510,U1020,savings,14308,0,77
A1511,U1021,savings,132754,1,108
A1512,U1021,savings,354249,0,108
A1513,U1022,savings,334724,0,496
A1514,U1023,current,98599,0,1840
A1515,U1023,savings,16731,0,1840
A1516,U1024,savings,204013,0,1986
A1517,U1024,current,362986,1,1986
A1518,U1025,savings,19231,1,1280
A1519,U1026,savings,32687,0,714
A1520,U1026,savings,22200,0,714
A1521,U1027,savings,121255,1,1058
A1522,U1028,current,57053,0,436
A1523,U1029,savings,125156,0,1627
A1524,U1030,current,166000,0,967
A1525,U1031,current,73709,0,1227
A1526,U1032,current,55223,1,1950
A1527,U1033,current,16202,0,1562
A1528,U1033,savings,28193,0,1562
A1529,U1034,savings,219867,0,1353
A1530,U1035,savings,207934,0,1255
A1531,U1035,current,167045,1,1255
A1532,U1036,current,16361,0,667
A1533,U1036,savings,35236,1,667
A1534,U1037,savings,15539,1,391
A1535,U1037,savings,111289,1,391
A1536,U1038,current,50856,0,1923
A1537,U1038,savings,20813,0,1923
A1538,U1039,current,143014,0,144
A1539,U1040,savings,476987,0,637
A1540,U1040,current,265815,1,637
A1541,U1041,savings,47284,0,199
A1542,U1041,savings,16368,1,199
A1543,U1042,savings,165690,1,721
A1544,U1043,current,377718,1,1380
A1545,U1044,current,31801,0,1094
A1546,U1044,current,26881,1,1094
A1547,U1045,savings,28891,1,841
A1548,U1045,current,18923,1,841
A1549,U1046,savings,116353,1,525
A1550,U1047,current,125486,1,1817
A1551,U1048,current,294658,1,1400
A1552,U1049,savings,768409,1,289
A1553,U1050,current,77219,0,739
A1554,U1050,current,76027,0,739
A1555,U1051,current,49344,1,1449
A1556,U1052,savings,209848,0,1144
A1557,U1052,current,214382,1,1144
A1558,U1053,current,12784,0,590
A1559,U1054,savings,228440,1,561
A1560,U1054,savings,146152,0,561
A1561,U1055,current,24351,1,1110
A1562,U1055,current,13928,1,1110
A1563,U1056,savings,89045,1,589
A1564,U1056,current,140974,1,589
A1565,U1057,savings,305131,1,1331
A1566,U1057,current,382586,0,1331
A1567,U1058,savings,91072,1,1655
A1568,U1059,current,189588,0,746
A1569,U1059,current,121972,0,746
A1570,U1060,current,156493,0,708
A1571,U1060,current,43932,0,708
A1572,U1061,current,268809,0,131
A1573,U1062,current,23439,0,1709
A1574,U1063,savings,24897,1,1894
A1575,U1064,current,182629,0,62
A1576,U1064,current,136191,1,62
A1577,U1065,savings,760683,0,1806
A1578,U1065,savings,653621,0,1806
A1579,U1066,current,43901,1,667
A1580,U1067,current,17327,0,392
A1581,U1067,current,20531,0,392
A1582,U1068,current,460989,0,949
A1583,U1068,current,290878,1,949
A1584,U1069,savings,464070,0,1435
A1585,U1069,current,785198,1,1435
A1586,U1070,current,324660,0,1848
A1587,U1071,current,204213,0,387
A1588,U1071,current,75679,1,387
A1589,U1072,savings,24369,0,1773
A1590,U1072,current,71169,0,1773
A1591,U1073,current,156144,0,898
A1592,U1073,savings,94347,1,898
A1593,U1074,savings,21813,1,142
A1594,U1074,savings,40534,0,142
A1595,U1075,current,173021,1,122
A1596,U1075,savings,76195,1,122
A1597,U1076,savings,29945,1,731
A1598,U1077,current,42143,1,1161
A1599,U1078,savings,24804,0,582
A1600,U1078,savings,13952,1,582
A1601,U1079,current,10390,1,1148
A1602,U1080,current,70958,1,684
A1603,U1081,current,11781,1,763
A1604,U1081,current,40810,1,763
A1605,U1082,current,59730,0,1716
A1606,U1082,savings,72922,1,1716
A1607,U1083,savings,389024,0,394
A1608,U1083,savings,632457,0,394
A1609,U1084,current,67760,1,1728
A1610,U1084,savings,187346,0,1728
A1611,U1085,current,368687,1,969
A1612,U1085,current,228034,0,969
A1613,U1086,current,419886,0,1350
A1614,U1086,current,339804,1,1350
A1615,U1087,current,40390,1,265
A1616,U1087,savings,43618,0,265
A1617,U1088,savings,759776,1,958
A1618,U1089,savings,508845,1,935
A1619,U1089,current,580480,0,935
A1620,U1090,current,43920,0,1428
A1621,U1091,current,443079,0,858
A1622,U1092,current,78295,1,1898
A1623,U1092,current,160957,1,1898
A1624,U1093,savings,147413,0,315
A1625,U1093,savings,334503,1,315
A1626,U1094,current,66646,1,1635
A1627,U1094,current,47742,1,1635
A1628,U1095,current,382962,1,249
A1629,U1096,current,43329,1,114
A1630,U1097,savings,111152,1,660
A1631,U1098,current,178124,1,1572
A1632,U1098,current,155486,0,1572
A1633,U1099,current,32867,0,1007
A1634,U1099,savings,8121,1,1007
A1635,U1100,current,221508,1,1807
A1636,U1100,current,347025,0,1807
A1637,U1101,current,202939,0,1704
A1638,U1102,savings,40460,0,31
A1639,U1102,current,20853,0,31
A1640,U1103,current,210162,0,1898
A1641,U1103,current,558574,0,1898
A1642,U1104,current,25538,1,1625
A1643,U1104,current,17557,1,1625
A1644,U1105,savings,433754,0,1147
A1645,U1105,current,393385,0,1147
A1646,U1106,savings,56505,1,1782
A1647,U1107,current,66845,0,1271
A1648,U1107,current,13359,1,1271
A1649,U1108,current,178994,0,1349
A1650,U1108,savings,177405,0,1349
A1651,U1109,savings,372556,1,348
A1652,U1110,savings,68367,1,385
A1653,U1111,savings,208565,1,1070
A1654,U1112,savings,8161,1,981
A1655,U1112,savings,12191,0,981
A1656,U1113,savings,222163,1,1434
A1657,U1113,current,165584,1,1434
A1658,U1114,current,108231,1,1462
A1659,U1114,savings,233825,1,1462
A1660,U1115,current,283740,0,1910
A1661,U1115,current,71703,1,1910
A1662,U1116,savings,725448,1,1428
A1663,U1117,current,212830,1,131
A1664,U1118,current,113831,0,549
A1665,U1119,savings,22714,1,817
A1666,U1120,current,253845,0,1762
A1667,U1120,current,351492,0,1762
A1668,U1121,savings,570451,1,144
A1669,U1122,savings,261176,0,103
A1670,U1122,savings,211523,0,103
A1671,U1123,savings,255010,1,395
A1672,U1124,savings,25631,0,756
A1673,U1124,savings,14700,1,756
A1674,U1125,savings,402093,0,1264
A1675,U1126,current,64797,1,496
A1676,U1127,current,260168,1,1957
A1677,U1127,savings,112144,1,1957
A1678,U1128,current,74943,0,994
A1679,U1128,current,622424,0,994
A1680,U1129,current,14938,1,323
A1681,U1130,current,621246,0,1142
A1682,U1131,savings,11902,1,590
A1683,U1132,savings,816860,0,1042
A1684,U1132,current,158772,1,1042
A1685,U1133,current,216183,0,113
A1686,U1134,savings,201119,0,1716
A1687,U1135,savings,111998,0,879
A1688,U1135,current,89137,0,879
A1689,U1136,current,24024,1,1221
A1690,U1136,savings,21323,1,1221
A1691,U1137,current,11112,1,708
A1692,U1137,savings,58873,1,708
A1693,U1138,current,397575,1,1378
A1694,U1139,current,48508,0,1180
A1695,U1139,savings,32314,0,1180
A1696,U1140,current,113511,0,366
A1697,U1140,current,452477,1,366
A1698,U1141,savings,62732,1,726
A1699,U1141,current,33152,1,726
A1700,U1142,current,302592,1,1321
A1701,U1143,savings,54476,0,1869
A1702,U1144,current,11473,1,50
A1703,U1145,current,145209,0,659
A1704,U1146,savings,265054,1,571
A1705,U1147,savings,249827,0,171
A1706,U1147,current,257637,1,171
A1707,U1148,current,133282,0,1559
A1708,U1149,savings,16684,0,389
A1709,U1149,current,126519,0,389
A1710,U1150,savings,497871,1,1588
A1711,U1151,current,21872,0,87
A1712,U1151,savings,29242,0,87
A1713,U1152,current,294311,0,892
A1714,U1153,savings,316982,0,1294
A1715,U1153,current,162898,0,1294
A1716,U1154,savings,243601,1,1969
A1717,U1155,savings,24727,0,1561
A1718,U1156,savings,5350,0,597
A1719,U1157,savings,7437,0,931
A1720,U1158,savings,502489,0,830
A1721,U1158,savings,387049,0,830
A1722,U1159,current,24404,0,1105
A1723,U1160,current,45800,0,436
A1724,U1160,current,55550,1,436
A1725,U1161,current,164491,0,1680
A1726,U1162,current,164389,0,816
A1727,U1163,savings,76900,1,200
A1728,U1164,current,232393,1,893
A1729,U1164,savings,117056,0,893
A1730,U1165,current,12835,0,1026
A1731,U1166,current,424404,1,298
A1732,U1166,savings,111441,0,298
A1733,U1167,savings,705686,0,678
A1734,U1167,savings,332616,0,678
A1735,U1168,savings,68033,0,1035
A1736,U1169,current,180321,0,119
A1737,U1170,current,94435,0,1564
A1738,U1171,savings,260074,1,543
A1739,U1172,current,374518,0,1193
A1740,U1173,current,528129,1,1752
A1741,U1174,current,373813,0,1193
A1742,U1174,savings,331405,0,1193
A1743,U1175,savings,231808,0,1904
A1744,U1176,current,434008,0,280
A1745,U1177,current,289785,0,1080
A1746,U1178,savings,229825,0,334
A1747,U1178,current,383204,0,334
A1748,U1179,savings,19625,0,197
A1749,U1180,current,73318,1,873
A1750,U1180,savings,42691,1,873
A1751,U1181,savings,12930,1,122
A1752,U1182,current,70490,0,396
A1753,U1183,savings,70666,1,1154
A1754,U1183,current,13250,0,1154
A1755,U1184,current,192617,0,72
A1756,U1184,current,230554,1,72
A1757,U1185,current,11573,0,1970
A1758,U1185,savings,16797,1,1970
A1759,U1186,current,53186,1,1934
A1760,U1186,savings,24966,1,1934
A1761,U1187,savings,11727,1,99
A1762,U1187,savings,49403,1,99
A1763,U1188,savings,34136,1,1430
A1764,U1189,current,71660,0,1422
A1765,U1190,savings,425640,1,1311
A1766,U1190,current,166570,1,1311
A1767,U1191,savings,48815,0,921
A1768,U1191,savings,32991,0,921
A1769,U1192,savings,88135,1,1333
A1770,U1193,current,29157,1,1215
A1771,U1194,savings,50740,0,1564
A1772,U1194,current,64127,0,1564
A1773,U1195,savings,31242,0,1423
A1774,U1195,current,4041,1,1423
A1775,U1196,current,190630,1,69
A1776,U1196,current,192345,1,69
A1777,U1197,savings,377250,0,1711
A1778,U1197,savings,199450,1,1711
A1779,U1198,savings,25123,0,1898
A1780,U1198,savings,4914,1,1898
A1781,U1199,savings,3878,0,220
A1782,U1199,savings,4620,1,220
A1783,U1200,current,15975,1,686
A1784,U1201,current,280155,0,568
A1785,U1201,current,76571,1,568
A1786,U1202,current,116566,0,1006
A1787,U1202,savings,40195,0,1006
A1788,U1203,savings,198237,0,470
A1789,U1204,savings,111078,0,559
A1790,U1205,current,99695,1,1130
A1791,U1205,savings,182851,0,1130
A1792,U1206,savings,54241,1,1598
A1793,U1207,current,87656,0,1122
A1794,U1208,savings,17613,1,327
A1795,U1208,savings,30843,0,327
A1796,U1209,current,11875,0,243
A1797,U1210,current,30672,0,1758
A1798,U1211,current,20084,1,288
A1799,U1212,current,543219,0,1545
A1800,U1213,current,704563,1,1377
A1801,U1214,savings,33018,0,1694
A1802,U1214,current,40071,0,1694
A1803,U1215,current,281246,1,1605
A1804,U1216,savings,98106,0,1064
A1805,U1217,current,226716,0,1543
A1806,U1218,current,21321,1,371
A1807,U1219,savings,89374,1,622
A1808,U1220,savings,9789,0,199
A1809,U1220,current,25953,1,199
A1810,U1221,current,359169,0,912
A1811,U1221,current,243446,1,912
A1812,U1222,current,300521,0,1751
A1813,U1223,savings,126037,1,880
A1814,U1224,current,344966,0,1850
A1815,U1225,savings,120912,0,724
A1816,U1225,savings,72229,1,724
A1817,U1226,savings,138666,1,896
A1818,U1226,savings,206175,0,896
A1819,U1227,savings,238153,1,386
A1820,U1227,current,109211,1,386
A1821,U1228,savings,242401,1,878
A1822,U1229,current,185268,1,1105
A1823,U1230,savings,29276,1,682
A1824,U1231,current,351366,1,1829
A1825,U1232,current,41636,0,1418
A1826,U1233,current,573319,1,1724
A1827,U1233,current,99373,1,1724
A1828,U1234,current,113346,1,688
A1829,U1235,savings,100287,0,988
A1830,U1236,savings,102527,0,196
A1831,U1236,savings,542796,0,196
A1832,U1237,current,188813,1,816
A1833,U1237,savings,58945,1,816
A1834,U1238,current,85820,1,1548
A1835,U1239,current,91343,1,1686
A1836,U1239,savings,156520,0,1686
A1837,U1240,savings,447833,0,1322
A1838,U1241,current,93746,0,683
A1839,U1242,savings,263537,0,553
A1840,U1243,savings,266284,1,138
A1841,U1244,savings,347039,0,1565
A1842,U1245,savings,48762,0,1810
A1843,U1246,current,58815,0,630
A1844,U1246,current,205858,1,630
A1845,U1247,current,19848,0,1831
A1846,U1247,current,52621,1,1831
A1847,U1248,current,44030,0,55
A1848,U1249,current,406162,1,389
A1849,U1249,savings,720277,0,389
A1850,U1250,savings,40351,1,1146
A1851,U1250,savings,15804,1,1146
A1852,U1251,savings,318496,0,1401
A1853,U1251,current,188965,0,1401
A1854,U1252,current,105696,0,1054
A1855,U1253,savings,64115,1,1781
A1856,U1253,current,32792,0,1781
A1857,U1254,current,15619,0,81
A1858,U1254,current,29896,0,81
A1859,U1255,current,71525,0,1152
A1860,U1255,savings,50078,1,1152
A1861,U1256,current,112032,0,1174
A1862,U1256,savings,165846,0,1174
A1863,U1257,current,92435,0,1781
A1864,U1257,current,80936,0,1781
A1865,U1258,savings,176755,0,1690
A1866,U1259,current,326249,0,259
A1867,U1259,current,235588,1,259
A1868,U1260,savings,410099,0,572
A1869,U1261,current,392167,1,1842
A1870,U1262,current,43425,0,1264
A1871,U1263,savings,560182,1,1100
A1872,U1263,savings,375533,1,1100
A1873,U1264,current,573830,0,1001
A1874,U1265,savings,56211,0,727
A1875,U1265,savings,93786,0,727
A1876,U1266,current,97956,1,809
A1877,U1267,current,38803,1,1947
A1878,U1268,savings,252211,0,531
A1879,U1268,current,283871,1,531
A1880,U1269,savings,40651,0,1917
A1881,U1270,savings,351740,0,266
A1882,U1271,current,121946,0,1470
A1883,U1271,current,191999,0,1470
A1884,U1272,current,315611,1,1967
A1885,U1272,savings,47463,1,1967
A1886,U1273,current,20321,1,1797
A1887,U1274,savings,100079,0,496
A1888,U1274,savings,318307,1,496
A1889,U1275,current,250513,0,1122
A1890,U1275,savings,101091,1,1122
A1891,U1276,current,526507,0,1722
A1892,U1276,savings,238791,1,1722
A1893,U1277,current,223864,1,416
A1894,U1277,savings,294411,1,416
A1895,U1278,current,222860,0,64
A1896,U1278,current,55650,1,64
A1897,U1279,current,421730,0,1187
A1898,U1280,savings,53163,0,169
A1899,U1280,current,65595,1,169
A1900,U1281,current,386726,1,607
A1901,U1282,current,329386,0,1448
A1902,U1283,savings,40122,1,788
A1903,U1284,current,212891,1,875
A1904,U1284,current,155153,0,875
A1905,U1285,current,32086,0,1141
A1906,U1286,savings,47448,1,1322
A1907,U1286,current,43427,0,1322
A1908,U1287,current,414040,0,1138
A1909,U1287,savings,762105,0,1138
A1910,U1288,savings,64576,0,1109
A1911,U1288,savings,99093,0,1109
A1912,U1289,current,24630,1,1063
A1913,U1290,current,118435,0,254
A1914,U1291,savings,6547,0,162
A1915,U1291,savings,43168,0,162
A1916,U1292,current,121789,1,1568
A1917,U1293,current,72573,1,305
A1918,U1294,savings,40266,0,997
A1919,U1294,current,20771,0,997
A1920,U1295,savings,49010,1,112
A1921,U1296,savings,316112,1,1017
A1922,U1296,savings,117928,0,1017
A1923,U1297,current,42343,1,1453
A1924,U1298,current,364705,0,1855
A1925,U1298,current,127363,0,1855
A1926,U1299,current,416750,1,1306
A1927,U1299,savings,331411,1,1306
A1928,U1300,savings,47641,0,1813
A1929,U1301,current,38914,0,430
A1930,U1301,current,49034,0,430
A1931,U1302,current,420016,0,447
A1932,U1302,savings,525957,1,447
A1933,U1303,savings,27189,1,1731
A1934,U1304,savings,24309,1,330
A1935,U1304,savings,52137,1,330
A1936,U1305,savings,407430,0,803
A1937,U1305,current,439677,1,803
A1938,U1306,savings,78184,1,1487
A1939,U1306,current,29563,0,1487
A1940,U1307,savings,63845,0,918
A1941,U1307,savings,20571,0,918
A1942,U1308,savings,29632,1,423
A1943,U1309,current,457693,0,1902
A1944,U1310,savings,725307,1,945
A1945,U1310,current,479463,1,945
A1946,U1311,savings,144579,1,1097
A1947,U1312,current,21495,0,686
A1948,U1312,savings,27425,0,686
A1949,U1313,current,18791,0,132
A1950,U1313,savings,6633,0,132
A1951,U1314,savings,369770,0,646
A1952,U1315,current,133231,0,1786
A1953,U1315,savings,207032,0,1786
A1954,U1316,current,591968,1,1742
A1955,U1317,current,80580,1,1773
A1956,U1317,current,11754,1,1773
A1957,U1318,savings,188017,1,575
A1958,U1318,current,80225,0,575
A1959,U1319,savings,586482,0,276
A1960,U1320,current,37267,0,1125
A1961,U1321,current,44584,1,947
A1962,U1322,current,75502,0,836
A1963,U1322,current,21391,0,836
A1964,U1323,current,698765,1,1275
A1965,U1324,current,55728,1,297
A1966,U1325,savings,288711,1,1569
A1967,U1325,current,234285,0,1569
A1968,U1326,current,29284,0,521
A1969,U1327,savings,76661,1,463
A1970,U1327,current,32420,1,463
A1971,U1328,savings,30043,0,733
A1972,U1328,current,22554,1,733
A1973,U1329,savings,100407,1,1079
A1974,U1330,current,293539,0,573
A1975,U1331,savings,168057,0,1890
A1976,U1331,current,334731,1,1890
A1977,U1332,current,22543,0,1866
A1978,U1333,current,59726,0,829
A1979,U1334,savings,130967,0,838
A1980,U1334,savings,53832,0,838
A1981,U1335,current,264476,0,693
A1982,U1336,current,149979,0,552
A1983,U1337,current,5680,0,707
A1984,U1338,savings,251686,1,1878
A1985,U1338,current,74529,1,1878
A1986,U1339,current,121989,1,853
A1987,U1340,current,461371,1,883
A1988,U1340,current,335046,0,883
A1989,U1341,savings,64950,1,1337
A1990,U1341,current,41233,0,1337
A1991,U1342,current,335342,0,1194
A1992,U1343,savings,82230,0,557
A1993,U1344,savings,42387,1,1946
A1994,U1345,current,232012,0,1627
A1995,U1346,savings,121800,1,306
A1996,U1347,current,278930,0,872
A1997,U1348,savings,258910,0,208
A1998,U1348,savings,351983,1,208
A1999,U1349,current,572291,1,1412
A2000,U1350,current,64354,1,1219
A2001,U1351,savings,54282,0,261
A2002,U1352,savings,168161,0,1970
A2003,U1353,savings,178714,0,1276
A2004,U1354,current,443144,0,1338
A2005,U1355,current,24532,0,1306
A2006,U1355,savings,71294,0,1306
A2007,U1356,savings,524303,0,1576
A2008,U1357,savings,26478,0,1335
A2009,U1357,current,36437,1,1335
A2010,U1358,savings,44491,0,538
A2011,U1358,savings,43093,1,538
A2012,U1359,savings,927624,0,1391
A2013,U1359,savings,788682,1,1391
A2014,U1360,current,34662,0,1245
A2015,U1360,current,22320,0,1245
A2016,U1361,savings,10696,1,1389
A2017,U1361,savings,10336,1,1389
A2018,U1362,current,57395,1,1666
A2019,U1362,savings,85937,0,1666
A2020,U1363,savings,135090,1,242
A2021,U1363,savings,110064,0,242
A2022,U1364,savings,31446,1,114
A2023,U1365,savings,46997,0,1660
A2024,U1366,current,332986,1,1667
A2025,U1367,current,306008,0,1327
A2026,U1368,savings,590132,0,1837
A2027,U1368,savings,455010,1,1837
A2028,U1369,savings,110337,0,1660
A2029,U1369,current,213145,0,1660
A2030,U1370,current,142455,0,1175
A2031,U1371,savings,85849,0,841
A2032,U1372,savings,18538,0,1826
A2033,U1372,current,31265,1,1826
A2034,U1373,savings,33480,1,710
A2035,U1373,savings,38043,1,710
A2036,U1374,current,34416,1,49
A2037,U1375,savings,62894,0,1760
A2038,U1376,savings,694503,0,935
A2039,U1377,savings,844675,0,776
A2040,U1377,current,742091,0,776
A2041,U1378,savings,41719,1,684
A2042,U1379,current,60274,1,1437
A2043,U1380,savings,52153,1,1834
A2044,U1381,current,19485,1,564
A2045,U1382,current,138182,1,588
A2046,U1383,savings,34966,0,1113
A2047,U1383,savings,19267,1,1113
A2048,U1384,savings,30635,1,1246
A2049,U1384,current,40619,1,1246
A2050,U1385,current,246281,0,1465
A2051,U1386,current,155189,0,872
A2052,U1386,current,211561,0,872
A2053,U1387,savings,48994,1,1656
A2054,U1387,savings,254648,0,1656
A2055,U1388,current,353226,0,171
A2056,U1388,current,121923,1,171
A2057,U1389,current,125608,0,1878
A2058,U1390,current,51061,0,466
A2059,U1391,savings,57938,0,787
A2060,U1392,current,37161,0,1723
A2061,U1393,savings,196180,1,1142
A2062,U1393,savings,78038,1,1142
A2063,U1394,current,26308,0,1446
A2064,U1394,savings,70979,1,1446
A2065,U1395,current,67232,1,1163
A2066,U1396,savings,5568,0,351
A2067,U1396,current,36638,0,351
A2068,U1397,savings,14763,0,1740
A2069,U1397,current,15471,0,1740
A2070,U1398,savings,320186,0,1456
A2071,U1398,current,460552,0,1456
A2072,U1399,savings,163675,1,1995
A2073,U1400,current,27848,0,1997
A2074,U1400,current,85264,1,1997
A2075,U1401,current,40465,0,587
A2076,U1402,savings,177082,0,669
A2077,U1402,current,550158,1,669
A2078,U1403,savings,23436,1,1556
A2079,U1403,savings,175624,0,1556
A2080,U1404,current,77265,1,131
A2081,U1404,current,86285,1,131
A2082,U1405,savings,201743,0,1424
A2083,U1406,savings,55359,1,1692
A2084,U1406,savings,41225,1,1692
A2085,U1407,current,144392,0,1076
A2086,U1408,savings,18352,1,683
A2087,U1409,current,88820,0,449
A2088,U1409,savings,299417,0,449
A2089,U1410,current,107244,0,604
A2090,U1411,savings,147393,1,452
A2091,U1412,current,15985,0,95
A2092,U1412,savings,20641,1,95
A2093,U1413,current,61535,0,1565
A2094,U1414,current,48560,0,323
A2095,U1414,current,167097,0,323
A2096,U1415,savings,145446,0,485
A2097,U1415,savings,19182,1,485
A2098,U1416,savings,546536,0,721
A2099,U1416,current,502239,0,721
A2100,U1417,savings,132803,1,1422
A2101,U1418,savings,346471,1,130
A2102,U1419,savings,573862,0,1522
A2103,U1419,savings,880956,0,1522
A2104,U1420,current,431871,0,1327
A2105,U1420,savings,76355,0,1327
A2106,U1421,current,208522,1,1972
A2107,U1422,savings,8235,0,1672
A2108,U1423,current,21012,0,1690
A2109,U1424,current,290022,1,144
A2110,U1425,savings,139871,1,257
A2111,U1425,savings,398035,0,257
A2112,U1426,savings,25583,1,583
A2113,U1427,current,4850,0,1455
A2114,U1427,savings,11424,0,1455
A2115,U1428,savings,20129,0,1395
A2116,U1429,current,8463,1,1377
A2117,U1430,current,301414,0,711
A2118,U1430,current,127584,1,711
A2119,U1431,savings,91894,0,372
A2120,U1432,current,9561,0,1304
A2121,U1433,current,38740,1,1655
A2122,U1434,current,23872,1,1306
A2123,U1435,savings,192465,1,1569
A2124,U1435,current,67988,1,1569
A2125,U1436,current,244555,1,1093
A2126,U1437,current,516650,0,316
A2127,U1438,current,85683,0,1340
A2128,U1438,savings,118723,1,1340
A2129,U1439,savings,7222,1,1085
A2130,U1439,current,64414,1,1085
A2131,U1440,current,5313,1,1595
A2132,U1440,current,17355,1,1595
A2133,U1441,current,542191,0,540
A2134,U1442,savings,713615,1,759
A2135,U1443,current,566456,0,221
A2136,U1444,savings,99063,0,386
A2137,U1445,current,184246,1,1640
A2138,U1445,savings,48074,0,1640
A2139,U1446,current,249909,0,1747
A2140,U1446,savings,202269,0,1747
A2141,U1447,savings,532586,0,1188
A2142,U1448,current,31167,0,661
A2143,U1449,savings,929768,0,1018
A2144,U1450,savings,32414,1,1255
A2145,U1451,current,202659,0,296
A2146,U1451,current,216508,1,296
A2147,U1452,savings,226930,0,1248
A2148,U1453,savings,347968,0,926
A2149,U1454,savings,203679,0,1181
A2150,U1454,savings,110052,0,1181
A2151,U1455,current,40402,1,671
A2152,U1455,savings,233731,0,671
A2153,U1456,current,406744,0,1119
A2154,U1457,current,577536,1,364
A2155,U1457,savings,865685,1,364
A2156,U1458,savings,63335,1,1089
A2157,U1458,savings,64406,0,1089
A2158,U1459,savings,186330,1,1663
A2159,U1459,current,163447,1,1663
A2160,U1460,current,134047,1,244
A2161,U1461,current,673622,1,1551
A2162,U1461,current,286637,0,1551
A2163,U1462,current,40949,1,716
A2164,U1462,current,61727,1,716
A2165,U1463,savings,374965,1,1341
A2166,U1464,current,37223,0,958
A2167,U1464,savings,180407,1,958
A2168,U1465,current,192655,1,211
A2169,U1466,current,242861,1,349
A2170,U1467,savings,52427,1,588
A2171,U1467,savings,120760,0,588
A2172,U1468,current,54623,0,212
A2173,U1468,savings,55137,1,212
A2174,U1469,current,74081,1,1471
A2175,U1470,current,64050,0,1663
A2176,U1470,savings,61915,0,1663
A2177,U1471,savings,5721,0,1737
A2178,U1471,current,45560,1,1737
A2179,U1472,savings,28253,1,400
A2180,U1473,current,202090,1,1022
A2181,U1474,current,30260,0,610
A2182,U1474,current,12051,1,610
A2183,U1475,savings,551066,1,1207
A2184,U1475,savings,660291,1,1207
A2185,U1476,savings,247660,1,902
A2186,U1476,current,216662,1,902
A2187,U1477,savings,119425,0,1235
A2188,U1477,current,129487,0,1235
A2189,U1478,current,137937,1,55
A2190,U1479,current,34822,0,1616
A2191,U1480,current,8107,0,1377
A2192,U1481,savings,21804,1,215
A2193,U1482,current,20919,0,1855
A2194,U1482,savings,31547,1,1855
A2195,U1483,savings,182762,1,608
A2196,U1484,savings,41059,0,1435
A2197,U1484,savings,33079,1,1435
A2198,U1485,savings,143970,0,174
A2199,U1485,savings,354308,1,174
A2200,U1486,savings,25303,1,469
A2201,U1487,current,21304,1,1435
A2202,U1487,savings,11804,0,1435
A2203,U1488,current,42913,1,491
A2204,U1489,savings,101564,1,429
A2205,U1490,current,33929,0,903
A2206,U1490,savings,221122,0,903
A2207,U1491,savings,29315,0,1375
A2208,U1491,current,22450,0,1375
A2209,U1492,current,40431,0,1809
A2210,U1493,savings,285656,1,505
A2211,U1493,savings,186246,0,505
A2212,U1494,current,217039,1,944
A2213,U1494,savings,381006,1,944
A2214,U1495,savings,332975,1,104
A2215,U1495,savings,415488,1,104
A2216,U1496,current,25668,1,1273
A2217,U1497,savings,32034,0,814
A2218,U1497,savings,4955,0,814
A2219,U1498,savings,106983,1,752
A2220,U1499,current,429307,1,645
A2221,U1499,current,541411,0,645
A2222,U1500,savings,169391,1,1888
A2223,U1501,current,451638,1,966
A2224,U1502,current,175055,1,1150
A2225,U1503,savings,186323,1,262
A2226,U1503,current,658464,0,262
A2227,U1504,current,120227,1,910
A2228,U1505,savings,17527,1,1063
A2229,U1506,savings,135245,0,779
A2230,U1506,current,108128,1,779
A2231,U1507,current,256534,0,1438
A2232,U1508,savings,18983,0,1901
A2233,U1508,savings,45627,0,1901
A2234,U1509,savings,172859,1,1280
A2235,U1509,savings,282008,1,1280
A2236,U1510,current,904728,0,1316
A2237,U1510,current,675060,1,1316
A2238,U1511,savings,81577,0,1142
A2239,U1512,savings,492263,1,601
A2240,U1512,savings,145418,1,601
A2241,U1513,savings,140157,1,657
A2242,U1514,savings,33563,0,893
A2243,U1515,savings,231215,0,1771
A2244,U1515,current,41222,0,1771
A2245,U1516,savings,180278,1,262
A2246,U1517,current,504362,1,560
A2247,U1517,savings,63917,1,560
A2248,U1518,savings,55377,0,347
A2249,U1518,savings,47011,0,347
A2250,U1519,savings,126077,1,1366
A2251,U1520,savings,62318,0,558
A2252,U1520,savings,45726,0,558
A2253,U1521,current,683362,1,1434
A2254,U1522,savings,419072,1,1746
A2255,U1522,savings,266790,0,1746
A2256,U1523,savings,12625,0,1870
A2257,U1524,current,110722,1,1908
A2258,U1524,savings,276103,1,1908
A2259,U1525,savings,9753,1,954
A2260,U1526,current,62105,1,700
A2261,U1527,savings,704877,0,347
A2262,U1527,savings,171947,1,347
A2263,U1528,current,172623,0,874
A2264,U1528,savings,253980,0,874
A2265,U1529,savings,18007,0,766
A2266,U1530,current,42534,0,1209
A2267,U1530,savings,38015,0,1209
A2268,U1531,current,254500,1,1274
A2269,U1532,current,50173,0,701
A2270,U1532,savings,17642,0,701
A2271,U1533,current,227629,0,647
A2272,U1534,current,58359,1,734
A2273,U1535,current,684948,0,241
A2274,U1535,savings,398696,0,241
A2275,U1536,savings,164471,0,214
A2276,U1537,current,116328,1,568
A2277,U1538,current,103322,1,581
A2278,U1539,current,431355,0,745
A2279,U1539,savings,180834,1,745
A2280,U1540,savings,245557,1,897
A2281,U1541,current,47631,0,34
A2282,U1541,current,82309,0,34
A2283,U1542,savings,46326,0,727
A2284,U1543,savings,58429,1,1647
A2285,U1543,current,32164,1,1647
A2286,U1544,current,164919,0,1104
A2287,U1545,current,35909,0,1196
A2288,U1545,savings,68835,1,1196
A2289,U1546,current,10149,0,640
A2290,U1547,savings,7998,1,760
A2291,U1548,current,57854,1,204
A2292,U1549,savings,14123,0,709
A2293,U1550,savings,332454,0,394
A2294,U1550,savings,503178,1,394
A2295,U1551,savings,42744,0,1855
A2296,U1551,current,53251,0,1855
A2297,U1552,savings,111167,1,173
A2298,U1552,current,139750,0,173
A2299,U1553,current,754344,1,1862
A2300,U1553,savings,195085,0,1862
A2301,U1554,current,227943,0,745
A2302,U1555,savings,26154,0,1721
A2303,U1555,savings,30359,0,1721
A2304,U1556,current,7243,1,1309
A2305,U1557,savings,10870,1,1428
A2306,U1558,current,76476,0,1869
A2307,U1558,savings,57082,0,1869
A2308,U1559,current,149331,1,919
A2309,U1559,current,105938,0,919
A2310,U1560,current,34828,0,821
A2311,U1561,current,135827,1,1588
A2312,U1562,savings,28264,0,1153
A2313,U1563,savings,522643,0,147
A2314,U1563,savings,775277,1,147
A2315,U1564,savings,7486,1,237
A2316,U1564,current,38918,1,237
A2317,U1565,savings,292210,0,359
A2318,U1565,savings,199516,0,359
A2319,U1566,savings,22494,1,500
A2320,U1567,current,28255,0,1182
A2321,U1567,savings,82612,1,1182
A2322,U1568,savings,489565,0,948
A2323,U1569,savings,21788,0,31
A2324,U1569,savings,10523,1,31
A2325,U1570,savings,57013,0,835
A2326,U1571,current,32458,1,1408
A2327,U1572,savings,11544,0,1874
A2328,U1573,savings,18048,0,1199
A2329,U1573,savings,17655,1,1199
A2330,U1574,savings,51198,0,1116
A2331,U1574,savings,253295,1,1116
A2332,U1575,savings,806036,0,1905
A2333,U1576,current,406215,1,466
A2334,U1576,current,623672,0,466
A2335,U1577,savings,158452,0,176
A2336,U1578,current,386082,0,1101
A2337,U1578,current,450956,0,1101
A2338,U1579,savings,76976,0,1141
A2339,U1579,current,45098,0,1141
A2340,U1580,savings,11671,1,1255
A2341,U1581,current,267581,1,543
A2342,U1581,current,190939,0,543
A2343,U1582,current,141903,1,1854
A2344,U1583,savings,525270,1,1748
A2345,U1584,current,50464,0,826
A2346,U1585,current,87575,0,435
A2347,U1585,savings,65561,0,435
A2348,U1586,savings,124267,0,670
A2349,U1587,savings,59191,0,1966
A2350,U1587,savings,65731,0,1966
A2351,U1588,current,61102,0,246
A2352,U1588,savings,44602,0,246
A2353,U1589,savings,21916,0,871
A2354,U1590,current,56447,1,632
A2355,U1591,savings,13125,0,1593
A2356,U1592,current,12739,0,791
A2357,U1593,current,64906,1,1526
A2358,U1594,current,8599,0,465
A2359,U1595,current,109878,0,187
A2360,U1595,savings,87661,0,187
A2361,U1596,savings,36357,1,368
A2362,U1596,current,40883,1,368
A2363,U1597,savings,21038,0,422
A2364,U1598,current,349061,0,1695
A2365,U1599,savings,33396,0,981
A2366,U1599,savings,34593,1,981
A2367,U1600,current,786329,0,707
A2368,U1601,current,14832,0,646
A2369,U1602,current,598760,0,679
A2370,U1602,savings,467926,0,679
A2371,U1603,current,456262,1,1735
A2372,U1604,savings,285965,0,585
A2373,U1605,current,214604,1,1951
A2374,U1606,current,41872,0,326
A2375,U1607,savings,81241,0,770
A2376,U1608,current,99134,0,1143
A2377,U1608,current,112805,0,1143
A2378,U1609,savings,112356,1,1656
A2379,U1609,current,56280,1,1656
A2380,U1610,savings,242478,1,613
A2381,U1611,current,131345,0,159
A2382,U1612,current,36013,0,1119
A2383,U1613,savings,77406,1,1631
A2384,U1614,current,27656,0,1892
A2385,U1614,current,30768,0,1892
A2386,U1615,current,34537,0,1419
A2387,U1615,current,30926,0,1419
A2388,U1616,savings,14680,0,255
A2389,U1616,current,50929,0,255
A2390,U1617,savings,256521,1,746
A2391,U1617,current,475663,0,746
A2392,U1618,current,165016,0,299
A2393,U1619,current,60707,0,253
A2394,U1619,savings,159423,0,253
A2395,U1620,savings,81277,0,185
A2396,U1620,savings,232361,1,185
A2397,U1621,savings,38806,0,1601
A2398,U1621,current,65838,0,1601
A2399,U1622,current,32511,1,1444
A2400,U1622,current,39136,0,1444
A2401,U1623,current,59488,1,1821
A2402,U1624,savings,106065,0,1875
A2403,U1625,current,18816,1,977
A2404,U1626,current,94714,1,1772
A2405,U1626,current,223835,1,1772
A2406,U1627,savings,243103,1,1041
A2407,U1627,current,64474,1,1041
A2408,U1628,savings,24328,1,1610
A2409,U1628,current,65170,1,1610
A2410,U1629,current,44156,0,1297
A2411,U1629,current,24546,0,1297
A2412,U1630,current,150026,0,1487
A2413,U1630,current,363451,1,1487
A2414,U1631,current,11486,1,161
A2415,U1632,current,8595,1,227
A2416,U1632,current,26007,0,227
A2417,U1633,savings,299478,0,330
A2418,U1633,current,383596,0,330
A2419,U1634,savings,44839,1,815
A2420,U1635,current,232972,1,487
A2421,U1635,current,148065,1,487
A2422,U1636,current,26372,0,1638
A2423,U1636,savings,18403,0,1638
A2424,U1637,savings,56348,1,1571
A2425,U1637,current,40134,0,1571
A2426,U1638,savings,74677,1,842
A2427,U1638,savings,18357,1,842
A2428,U1639,current,357666,0,507
A2429,U1640,savings,679759,0,313
A2430,U1641,savings,30488,1,1389
A2431,U1642,current,10484,0,450
A2432,U1643,current,286211,0,445
A2433,U1643,savings,510801,1,445
A2434,U1644,savings,568027,0,1647
A2435,U1644,savings,616640,1,1647
A2436,U1645,savings,261390,1,1839
A2437,U1645,current,39465,1,1839
A2438,U1646,current,353961,1,136
A2439,U1647,savings,16595,1,1338
A2440,U1647,savings,26242,0,1338
A2441,U1648,current,55542,1,234
A2442,U1649,savings,32024,0,1370
A2443,U1650,current,443483,1,1240
A2444,U1651,savings,40651,1,144
A2445,U1651,current,284685,1,144
A2446,U1652,savings,41583,1,613
A2447,U1653,current,79743,0,600
A2448,U1654,current,62217,1,727
A2449,U1655,current,52898,0,452
A2450,U1656,savings,305022,1,906
A2451,U1656,savings,354918,0,906
A2452,U1657,current,289708,0,1403
A2453,U1657,savings,290455,0,1403
A2454,U1658,savings,66727,1,1763
A2455,U1658,savings,33644,0,1763
A2456,U1659,current,113701,1,321
A2457,U1659,current,224942,1,321
A2458,U1660,current,116177,1,583
A2459,U1661,savings,146165,1,831
A2460,U1662,savings,186985,0,1990
A2461,U1662,current,262260,0,1990
A2462,U1663,savings,271602,0,674
A2463,U1663,savings,154479,1,674
A2464,U1664,current,229714,0,1903
A2465,U1664,current,142169,1,1903
A2466,U1665,current,121115,0,96
A2467,U1665,savings,333152,0,96
A2468,U1666,current,34167,1,374
A2469,U1666,savings,52546,0,374
A2470,U1667,savings,74942,0,1677
A2471,U1668,current,119283,1,1137
A2472,U1669,savings,51812,0,1257
A2473,U1669,savings,54576,0,1257
A2474,U1670,current,79396,1,641
A2475,U1671,savings,67741,0,1235
A2476,U1671,current,100447,0,1235
A2477,U1672,current,110873,1,1284
A2478,U1673,current,98424,0,963
A2479,U1674,current,455738,0,1317
A2480,U1675,savings,268638,1,153
A2481,U1675,current,91141,1,153
A2482,U1676,current,79011,0,1071
A2483,U1677,savings,35101,1,1218
A2484,U1678,savings,595093,0,291
A2485,U1679,savings,114598,1,377
A2486,U1679,savings,228381,1,377
A2487,U1680,current,37438,1,619
A2488,U1681,savings,31450,1,1601
A2489,U1682,current,34021,1,1584
A2490,U1683,savings,17577,0,1679
A2491,U1684,savings,167522,1,799
A2492,U1684,current,80259,1,799
A2493,U1685,current,31030,0,1967
A2494,U1685,current,41439,1,1967
A2495,U1686,current,354241,1,1010
A2496,U1687,current,274920,0,1027
A2497,U1687,current,407802,0,1027
A2498,U1688,current,523023,1,234
A2499,U1689,current,13902,0,1105
A2500,U1690,current,74224,1,1631
A2501,U1691,savings,148853,1,799
A2502,U1692,savings,34474,0,417
A2503,U1692,current,29920,1,417
A2504,U1693,current,537625,0,1213
A2505,U1693,savings,99034,1,1213
A2506,U1694,current,373051,0,807
A2507,U1694,savings,398430,0,807
A2508,U1695,savings,231787,0,912
A2509,U1695,savings,636449,1,912
A2510,U1696,savings,34502,1,1775
A2511,U1696,savings,49421,0,1775
A2512,U1697,savings,312299,0,245
A2513,U1697,savings,180123,0,245
A2514,U1698,current,541810,1,208
A2515,U1698,savings,268783,0,208
A2516,U1699,savings,369743,0,913
A2517,U1700,current,321058,1,1025
A2518,U1701,savings,653550,1,906
A2519,U1701,savings,176111,0,906
A2520,U1702,savings,195126,0,173
A2521,U1703,savings,61395,0,88
A2522,U1704,current,486661,1,448
A2523,U1705,current,10853,0,1763
A2524,U1706,current,106281,0,971
A2525,U1707,current,7707,1,948
A2526,U1708,savings,38130,0,1021
A2527,U1709,savings,37513,0,1282
A2528,U1710,savings,19951,0,865
A2529,U1710,current,21403,0,865
A2530,U1711,savings,26654,1,1574
A2531,U1711,savings,81310,0,1574
A2532,U1712,savings,328924,0,414
A2533,U1712,current,286553,1,414
A2534,U1713,savings,4531,0,647
A2535,U1714,savings,101274,0,1126
A2536,U1715,savings,18447,0,343
A2537,U1716,savings,24034,1,1784
A2538,U1716,current,59500,0,1784
A2539,U1717,savings,501779,1,85
A2540,U1718,current,281103,1,291
A2541,U1718,savings,280863,1,291
A2542,U1719,current,815427,1,211
A2543,U1720,savings,71590,1,380
A2544,U1721,current,53710,1,1230
A2545,U1721,savings,65719,0,1230
A2546,U1722,current,186302,0,1110
A2547,U1722,current,50818,0,1110
A2548,U1723,savings,60120,1,1967
A2549,U1724,current,512883,0,1000
A2550,U1725,current,65727,0,1259
A2551,U1726,savings,30853,0,579
A2552,U1726,current,49956,0,579
A2553,U1727,current,114305,1,1345
A2554,U1728,savings,34582,0,1624
A2555,U1729,current,56794,1,809
A2556,U1730,current,20135,1,1238
A2557,U1730,current,16521,0,1238
A2558,U1731,current,386416,1,1341
A2559,U1731,savings,326560,1,1341
A2560,U1732,savings,122669,0,1630
A2561,U1732,savings,169041,0,1630
A2562,U1733,current,18630,1,1083
A2563,U1733,savings,20672,0,1083
A2564,U1734,current,128140,0,450
A2565,U1734,current,462533,0,450
A2566,U1735,savings,13952,0,1596
A2567,U1735,savings,15345,1,1596
A2568,U1736,savings,204267,1,1159
A2569,U1736,current,129361,0,1159
A2570,U1737,savings,155766,0,820
A2571,U1738,current,131176,0,1467
A2572,U1738,savings,487000,1,1467
A2573,U1739,current,150591,1,59
A2574,U1740,current,278570,1,1853
A2575,U1740,savings,176974,0,1853
A2576,U1741,savings,10567,1,110
A2577,U1742,savings,230436,1,61
A2578,U1743,current,33006,1,979
A2579,U1743,current,41206,1,979
A2580,U1744,savings,77293,0,1637
A2581,U1745,current,15720,0,360
A2582,U1746,savings,303728,0,1558
A2583,U1747,savings,44056,0,1067
A2584,U1748,current,95245,1,574
A2585,U1748,savings,84636,0,574
A2586,U1749,savings,275959,0,1032
A2587,U1750,savings,518499,1,1126
A2588,U1750,current,365607,0,1126
A2589,U1751,savings,72232,1,747
A2590,U1752,current,382853,0,1953
A2591,U1753,current,447451,0,297
A2592,U1753,current,480990,1,297
A2593,U1754,current,84175,0,576
A2594,U1755,savings,331520,1,1723
A2595,U1756,current,74354,0,1900
A2596,U1756,savings,171566,1,1900
A2597,U1757,current,17413,0,507
A2598,U1758,savings,543422,0,1837
A2599,U1759,savings,28652,0,1674
A2600,U1760,current,91433,1,1185
A2601,U1761,savings,29122,1,315
A2602,U1761,savings,59927,1,315
A2603,U1762,savings,348547,0,70
A2604,U1763,current,288877,0,1396
A2605,U1764,current,50142,1,1944
A2606,U1765,current,159848,1,1758
A2607,U1765,current,294270,0,1758
A2608,U1766,current,462757,1,420
A2609,U1767,savings,201135,1,1421
A2610,U1768,savings,91378,0,178
A2611,U1769,savings,52473,1,391
A2612,U1770,savings,276932,0,391
A2613,U1771,current,123576,1,1961
A2614,U1771,current,252892,1,1961
A2615,U1772,current,105379,1,1061
A2616,U1772,savings,304918,1,1061
A2617,U1773,current,256156,0,327
A2618,U1773,current,467853,0,327
A2619,U1774,current,168372,0,1717
A2620,U1775,savings,14009,0,106
A2621,U1775,savings,7311,0,106
A2622,U1776,current,393773,1,503
A2623,U1777,current,148819,0,1600
A2624,U1778,savings,77523,1,165
A2625,U1779,savings,36987,0,1842
A2626,U1779,savings,31563,0,1842
A2627,U1780,current,28339,1,1998
A2628,U1780,savings,80804,1,1998
A2629,U1781,savings,711070,0,1085
A2630,U1782,current,123641,0,1225
A2631,U1782,current,120124,1,1225
A2632,U1783,savings,353519,0,819
A2633,U1783,current,289334,1,819
A2634,U1784,savings,379132,0,364
A2635,U1784,savings,159314,0,364
A2636,U1785,savings,113369,1,1179
A2637,U1786,savings,335517,1,1909
A2638,U1787,savings,22810,1,1934
A2639,U1787,savings,11935,1,1934
A2640,U1788,current,148344,1,1635
A2641,U1788,current,70599,1,1635
A2642,U1789,savings,55845,1,1845
A2643,U1789,current,45887,1,1845
A2644,U1790,current,21573,1,757
A2645,U1790,current,44884,0,757
A2646,U1791,current,10734,0,741
A2647,U1791,current,24779,0,741
A2648,U1792,current,32845,0,84
A2649,U1792,current,9430,0,84
A2650,U1793,savings,336787,1,1602
A2651,U1793,savings,378461,0,1602
A2652,U1794,current,21518,0,1192
A2653,U1795,current,409623,1,1892
A2654,U1796,current,141922,0,992
A2655,U1796,current,419457,1,992
A2656,U1797,savings,253953,1,219
A2657,U1797,current,342179,1,219
A2658,U1798,savings,10878,1,1321
A2659,U1798,savings,6168,1,1321
A2660,U1799,savings,332585,0,618
A2661,U1799,current,226968,1,618
A2662,U1800,savings,62447,1,1641
A2663,U1800,savings,69602,0,1641
A2664,U1801,savings,11479,0,289
A2665,U1802,current,142971,1,589
A2666,U1802,savings,167783,1,589
A2667,U1803,savings,17886,1,61
A2668,U1803,savings,19296,1,61
A2669,U1804,current,55933,0,154
A2670,U1805,savings,73219,1,695
A2671,U1806,savings,224328,1,122
A2672,U1806,current,65642,0,122
A2673,U1807,savings,94932,1,169
A2674,U1807,savings,80025,1,169
A2675,U1808,savings,162294,1,1194
A2676,U1809,current,126252,0,425
A2677,U1810,savings,41410,1,1264
A2678,U1810,current,72712,0,1264
A2679,U1811,current,41674,1,1251
A2680,U1811,current,39322,1,1251
A2681,U1812,current,15301,0,703
A2682,U1812,savings,11120,0,703
A2683,U1813,current,47862,0,890
A2684,U1814,savings,662652,0,1275
A2685,U1815,savings,23067,1,1080
A2686,U1816,savings,138159,1,968
A2687,U1817,current,50740,1,1735
A2688,U1817,savings,38193,1,1735
A2689,U1818,current,14231,0,881
A2690,U1819,savings,25047,1,1172
A2691,U1819,current,47258,1,1172
A2692,U1820,current,410010,0,1699
A2693,U1821,savings,54265,1,979
A2694,U1821,savings,55525,0,979
A2695,U1822,current,91035,1,479
A2696,U1822,current,69193,1,479
A2697,U1823,savings,158091,1,1901
A2698,U1824,current,33140,0,1388
A2699,U1824,current,12601,1,1388
A2700,U1825,current,24879,1,604
A2701,U1825,current,11486,0,604
A2702,U1826,current,236930,1,568
A2703,U1827,savings,39696,1,1654
A2704,U1827,current,16103,0,1654
A2705,U1828,savings,42186,1,218
A2706,U1828,savings,48772,0,218
A2707,U1829,current,275025,0,301
A2708,U1829,current,161392,1,301
A2709,U1830,savings,197538,1,926
A2710,U1831,current,269650,0,1029
A2711,U1831,current,458868,0,1029
A2712,U1832,current,149722,0,699
A2713,U1833,current,3921,1,1193
A2714,U1833,current,12183,1,1193
A2715,U1834,savings,183775,1,195
A2716,U1834,savings,171966,1,195
A2717,U1835,current,60859,1,1364
A2718,U1836,savings,50757,1,740
A2719,U1836,current,237619,0,740
A2720,U1837,current,35451,0,1198
A2721,U1838,savings,25775,0,59
A2722,U1838,savings,42945,1,59
A2723,U1839,savings,34032,1,1468
A2724,U1839,savings,35630,0,1468
A2725,U1840,savings,399698,0,1098
A2726,U1841,savings,235311,0,827
A2727,U1842,current,275951,1,747
A2728,U1842,current,310922,1,747
A2729,U1843,current,46917,0,417
A2730,U1843,current,66802,0,417
A2731,U1844,savings,432681,0,737
A2732,U1845,savings,358664,0,797
A2733,U1845,savings,322331,1,797
A2734,U1846,current,25523,1,405
A2735,U1846,current,8311,0,405
A2736,U1847,current,433020,1,1433
A2737,U1848,current,48071,1,1102
A2738,U1848,current,247096,0,1102
A2739,U1849,current,162980,1,665
A2740,U1850,savings,44484,1,432
A2741,U1850,current,23804,1,432
A2742,U1851,savings,286898,0,344
A2743,U1851,current,220380,0,344
A2744,U1852,savings,257178,1,311
A2745,U1852,current,311683,1,311
A2746,U1853,current,131694,1,1911
A2747,U1853,savings,78710,1,1911
A2748,U1854,savings,44382,0,1915
A2749,U1854,savings,72676,1,1915
A2750,U1855,savings,491556,1,1217
A2751,U1855,savings,211539,0,1217
A2752,U1856,current,28110,0,647
A2753,U1856,current,50472,0,647
A2754,U1857,savings,22080,1,869
A2755,U1857,savings,49778,1,869
A2756,U1858,current,34831,1,1125
A2757,U1859,savings,18795,1,30
A2758,U1859,current,47094,1,30
A2759,U1860,savings,18404,1,691
A2760,U1860,current,18559,0,691
A2761,U1861,savings,191300,0,1629
A2762,U1861,savings,49051,1,1629
A2763,U1862,current,462657,1,534
A2764,U1863,current,23427,0,771
A2765,U1864,current,180774,0,727
A2766,U1865,current,9535,0,1001
A2767,U1865,current,24913,1,1001
A2768,U1866,current,545472,0,40
A2769,U1867,savings,237582,1,1330
A2770,U1868,current,451090,0,1579
A2771,U1868,savings,369447,1,1579
A2772,U1869,current,23341,1,1946
A2773,U1870,savings,178743,0,511
A2774,U1870,current,205424,0,511
A2775,U1871,savings,578240,0,696
A2776,U1871,current,665844,1,696
A2777,U1872,savings,14378,0,1469
A2778,U1872,savings,36412,0,1469
A2779,U1873,current,10826,0,137
A2780,U1874,savings,84251,0,263
A2781,U1875,savings,489655,0,312
A2782,U1875,current,254378,1,312
A2783,U1876,current,132900,0,509
A2784,U1876,savings,121224,0,509
A2785,U1877,savings,140523,1,706
A2786,U1877,savings,32519,1,706
A2787,U1878,current,76950,1,182
A2788,U1879,current,30796,0,1916
A2789,U1879,current,44309,0,1916
A2790,U1880,savings,30086,1,1057
A2791,U1880,savings,89702,0,1057
A2792,U1881,savings,590926,0,1723
A2793,U1881,savings,370682,0,1723
A2794,U1882,savings,64070,0,1594
A2795,U1882,savings,59528,0,1594
A2796,U1883,current,59582,0,1174
A2797,U1884,current,160345,1,1469
A2798,U1885,savings,130796,1,48
A2799,U1885,current,363512,0,48
A2800,U1886,savings,26444,0,545
A2801,U1886,savings,14142,0,545
A2802,U1887,current,248809,1,64
A2803,U1887,savings,192091,0,64
A2804,U1888,current,506728,0,1145
A2805,U1888,current,497449,1,1145
A2806,U1889,current,283927,1,106
A2807,U1890,current,33204,1,953
A2808,U1890,savings,15945,0,953
A2809,U1891,savings,313198,0,1630
A2810,U1891,savings,251991,1,1630
A2811,U1892,current,71065,1,982
A2812,U1892,current,444026,1,982
A2813,U1893,current,76272,0,975
A2814,U1893,current,84507,0,975
A2815,U1894,current,100030,1,1094
A2816,U1895,savings,163976,0,1872
A2817,U1896,current,19597,1,1749
A2818,U1896,savings,44305,1,1749
A2819,U1897,current,39682,1,348
A2820,U1897,savings,31917,0,348
A2821,U1898,savings,320445,1,437
A2822,U1898,current,233374,0,437
A2823,U1899,current,109538,0,1148
A2824,U1900,current,276520,1,1089
A2825,U1901,savings,417803,0,180
A2826,U1901,current,114659,1,180
A2827,U1902,current,26141,1,40
A2828,U1903,savings,87077,0,1915
A2829,U1903,savings,58500,1,1915
A2830,U1904,current,53604,0,1095
A2831,U1905,savings,106248,0,574
A2832,U1905,savings,402650,1,574
A2833,U1906,savings,84170,0,1508
A2834,U1906,savings,171316,0,1508
A2835,U1907,savings,118203,0,142
A2836,U1907,savings,149220,1,142
A2837,U1908,current,221931,0,956
A2838,U1909,savings,38981,0,1711
A2839,U1910,current,116980,0,565
A2840,U1911,savings,11740,1,1053
A2841,U1911,savings,34295,1,1053
A2842,U1912,savings,24855,1,1180
A2843,U1913,savings,60770,0,960
A2844,U1914,savings,58565,1,1880
A2845,U1914,savings,50248,1,1880
A2846,U1915,savings,231160,0,1747
A2847,U1915,current,452962,0,1747
A2848,U1916,current,307513,1,1305
A2849,U1917,current,13470,1,666
A2850,U1918,current,7630,0,1371
A2851,U1918,current,7847,0,1371
A2852,U1919,savings,136356,1,1545
A2853,U1919,current,590835,1,1545
A2854,U1920,savings,9676,1,1219
A2855,U1920,savings,49885,0,1219
A2856,U1921,savings,575829,0,625
A2857,U1922,current,26383,0,1362
A2858,U1922,current,18083,1,1362
A2859,U1923,savings,58435,0,1553
A2860,U1924,savings,250622,1,1480
A2861,U1925,current,161946,1,486
A2862,U1926,current,467189,0,1292
A2863,U1926,savings,542486,0,1292
A2864,U1927,savings,386220,1,857
A2865,U1927,current,635157,1,857
A2866,U1928,current,54868,1,1114
A2867,U1929,current,266011,0,354
A2868,U1930,savings,88004,1,583
A2869,U1931,current,217513,0,1132
A2870,U1931,savings,31096,0,1132
A2871,U1932,savings,370592,0,1472
A2872,U1932,current,204136,0,1472
A2873,U1933,savings,134025,0,1028
A2874,U1933,current,494728,1,1028
A2875,U1934,savings,45266,0,738
A2876,U1935,savings,109658,0,1988
A2877,U1935,current,116848,0,1988
A2878,U1936,savings,57132,0,236
A2879,U1937,savings,94482,0,802
A2880,U1937,current,431022,0,802
A2881,U1938,current,6529,0,550
A2882,U1939,current,698875,0,552
A2883,U1940,current,10511,0,1762
A2884,U1941,savings,13960,0,1463
A2885,U1942,current,324063,0,295
A2886,U1943,current,517191,0,1961
A2887,U1943,savings,359650,1,1961
A2888,U1944,current,521030,1,410
A2889,U1944,savings,269719,0,410
A2890,U1945,savings,63302,1,939
A2891,U1946,current,268197,1,817
A2892,U1946,savings,242461,1,817
A2893,U1947,current,11398,0,1553
A2894,U1947,current,11418,1,1553
A2895,U1948,savings,8392,1,1329
A2896,U1949,current,291974,1,1826
A2897,U1950,savings,87775,1,38
A2898,U1950,savings,97338,1,38
A2899,U1951,savings,373288,1,77
A2900,U1951,current,604579,1,77
A2901,U1952,savings,11793,0,980
A2902,U1953,current,194247,1,328
A2903,U1954,savings,181569,1,1971
A2904,U1954,savings,414313,1,1971
A2905,U1955,current,322301,1,787
A2906,U1956,current,10108,1,703
A2907,U1957,current,6351,0,507
A2908,U1957,current,55531,1,507
A2909,U1958,savings,18091,1,806
A2910,U1959,current,5929,1,414
A2911,U1959,savings,6070,1,414
A2912,U1960,savings,14819,1,1980
A2913,U1961,current,37857,0,224
A2914,U1961,savings,21549,0,224
A2915,U1962,savings,504362,0,1167
A2916,U1963,savings,480922,1,1835
A2917,U1964,current,555211,1,1968
A2918,U1964,current,155224,1,1968
A2919,U1965,savings,251067,1,1891
A2920,U1966,savings,12110,1,1045
A2921,U1966,current,36740,0,1045
A2922,U1967,current,62505,0,58
A2923,U1967,current,89711,1,58
A2924,U1968,savings,114261,0,128
A2925,U1969,savings,104360,1,1754
A2926,U1970,current,192708,0,101
A2927,U1971,savings,433843,1,1090
A2928,U1971,current,207849,1,1090
A2929,U1972,current,37590,1,1243
A2930,U1973,current,255133,1,1443
A2931,U1973,savings,381139,1,1443
A2932,U1974,savings,128067,0,1696
A2933,U1975,savings,257083,1,449
A2934,U1976,current,274336,1,617
A2935,U1977,savings,51414,1,909
A2936,U1977,savings,182983,1,909
A2937,U1978,savings,274063,1,1316
A2938,U1979,current,295069,0,247
A2939,U1980,savings,266347,1,392
A2940,U1980,savings,383017,0,392
A2941,U1981,savings,154885,0,1441
A2942,U1981,current,153253,0,1441
A2943,U1982,savings,17738,0,677
A2944,U1983,current,550005,1,1495
A2945,U1983,current,549697,1,1495
A2946,U1984,savings,453706,1,846
A2947,U1985,current,384325,1,545
A2948,U1985,savings,249723,0,545
A2949,U1986,current,161828,1,638
A2950,U1987,current,305374,1,622
A2951,U1988,savings,84493,0,814
A2952,U1988,savings,65159,1,814
A2953,U1989,current,185682,0,1260
A2954,U1990,current,888890,0,186
A2955,U1991,savings,121027,1,1941
A2956,U1991,savings,31312,1,1941
A2957,U1992,savings,475520,0,254
A2958,U1993,current,226659,1,1526
A2959,U1994,savings,15012,0,1828
A2960,U1994,current,34001,1,1828
A2961,U1995,current,149025,0,506
A2962,U1995,current,438680,1,506
A2963,U1996,savings,108116,1,1083
A2964,U1996,current,215579,0,1083
A2965,U1997,current,125902,0,244
A2966,U1998,savings,290278,0,491
A2967,U1998,savings,301050,1,491
A2968,U1999,savings,281003,0,1509
A2969,U2000,savings,407249,1,1124
A2970,U2001,current,388875,1,1362
A2971,U2002,current,533498,1,270
A2972,U2003,current,28293,1,1901
A2973,U2003,current,16440,1,1901
A2974,U2004,current,64559,0,802
A2975,U2004,current,55176,1,802
A2976,U2005,savings,48089,0,1171
A2977,U2006,savings,247103,0,1356
A2978,U2006,current,233619,1,1356
A2979,U2007,current,98023,1,1946
A2980,U2008,savings,24052,0,1249
A2981,U2009,savings,26976,0,1693
A2982,U2010,savings,84734,1,1173
A2983,U2010,savings,33683,1,1173
A2984,U2011,current,46927,1,1814
A2985,U2012,current,4931,1,1882
A2986,U2013,current,13684,0,1535
A2987,U2014,savings,149131,1,1616
A2988,U2014,current,114271,1,1616
A2989,U2015,current,190967,0,403
A2990,U2015,current,92133,1,403
A2991,U2016,current,16389,0,1748
A2992,U2016,current,57801,0,1748
A2993,U2017,savings,161970,1,1222
A2994,U2018,savings,169141,0,665
A2995,U2018,savings,57874,0,665
A2996,U2019,current,72342,0,702
A2997,U2019,savings,168157,1,702
A2998,U2020,savings,37916,1,1864
A2999,U2021,savings,4352,0,1223
A3000,U2021,current,3927,1,1223
A3001,U2022,savings,56488,1,1506
A3002,U2022,savings,84971,0,1506
A3003,U2023,savings,233908,0,809
A3004,U2024,savings,32830,1,1496
A3005,U2025,current,44485,1,585
A3006,U2026,current,42851,1,1567
A3007,U2027,savings,122269,0,863
A3008,U2028,current,437890,0,1598
A3009,U2028,current,240820,0,1598
A3010,U2029,savings,98104,0,1856
A3011,U2029,current,21417,0,1856
A3012,U2030,savings,158596,1,155
A3013,U2030,savings,118875,0,155
A3014,U2031,current,222504,1,1171
A3015,U2031,savings,65068,1,1171
A3016,U2032,savings,115769,0,1230
A3017,U2033,savings,342365,0,484
A3018,U2033,savings,492164,0,484
A3019,U2034,current,302964,0,1354
A3020,U2035,savings,141032,1,1362
A3021,U2036,current,595792,0,999
A3022,U2037,current,251398,0,1012
A3023,U2038,savings,24484,0,764
A3024,U2039,current,419191,0,1139
A3025,U2039,current,568295,1,1139
A3026,U2040,savings,790660,0,402
A3027,U2040,current,543551,0,402
A3028,U2041,savings,306988,0,998
A3029,U2042,savings,48976,0,310
A3030,U2042,current,46049,1,310
A3031,U2043,current,49417,1,689
A3032,U2044,current,78252,0,714
A3033,U2045,current,66621,1,329
A3034,U2045,savings,349186,1,329
A3035,U2046,current,554979,0,1857
A3036,U2047,savings,66667,0,1976
A3037,U2047,current,61990,0,1976
A3038,U2048,current,683697,1,791
A3039,U2048,savings,721909,1,791
A3040,U2049,savings,440400,0,1717
A3041,U2050,savings,228164,1,572
A3042,U2051,savings,53652,0,1318
A3043,U2052,savings,8722,0,1760
A3044,U2053,current,588559,1,1071
A3045,U2054,savings,23475,0,1377
A3046,U2054,current,98161,0,1377
A3047,U2055,current,73894,1,192
A3048,U2055,current,38331,1,192
A3049,U2056,current,17958,0,432
A3050,U2056,savings,65661,1,432
A3051,U2057,current,67871,0,1692
A3052,U2057,current,131648,0,1692
A3053,U2058,savings,21913,1,454
A3054,U2058,savings,27268,0,454
A3055,U2059,current,71219,0,1246
A3056,U2059,savings,12720,0,1246
A3057,U2060,current,8474,1,1484
A3058,U2060,savings,25450,1,1484
A3059,U2061,current,40184,1,360
A3060,U2061,savings,18979,1,360
A3061,U2062,current,341704,1,915
A3062,U2062,current,292898,1,915
A3063,U2063,savings,5891,1,1134
A3064,U2064,current,44858,1,1232
A3065,U2064,savings,19538,1,1232
A3066,U2065,current,404677,1,1587
A3067,U2066,savings,37344,0,251
A3068,U2067,current,263619,0,1237
A3069,U2067,savings,288745,0,1237
A3070,U2068,current,629798,1,1257
A3071,U2069,savings,369038,0,584
A3072,U2070,current,265862,1,1040
A3073,U2070,savings,123606,1,1040
A3074,U2071,savings,40311,0,281
A3075,U2071,current,24833,0,281
A3076,U2072,current,324317,0,1736
A3077,U2073,current,58458,1,149
A3078,U2074,current,210911,1,752
A3079,U2075,savings,563142,1,179
A3080,U2075,current,516853,0,179
A3081,U2076,savings,53986,0,1096
A3082,U2077,savings,19100,1,1336
A3083,U2077,current,9011,1,1336
A3084,U2078,savings,78247,0,190
A3085,U2079,savings,19356,0,474
A3086,U2079,current,8228,0,474
A3087,U2080,savings,60333,0,1003
A3088,U2081,current,38020,0,493
A3089,U2082,savings,42651,0,955
A3090,U2083,current,27158,0,1537
A3091,U2084,current,772186,0,1258
A3092,U2084,current,611677,0,1258
A3093,U2085,savings,297037,0,667
A3094,U2086,savings,174148,1,685
A3095,U2087,current,37121,1,1015
A3096,U2088,current,385918,1,1188
A3097,U2088,current,290623,1,1188
A3098,U2089,savings,258840,0,705
A3099,U2090,current,212011,1,972
A3100,U2090,current,594239,1,972
A3101,U2091,current,49981,1,1912
A3102,U2091,current,22016,0,1912
A3103,U2092,savings,309817,0,637
A3104,U2092,savings,351114,1,637
A3105,U2093,current,12248,0,817
A3106,U2094,current,91384,1,92
A3107,U2095,current,39782,0,560
A3108,U2095,savings,18757,1,560
A3109,U2096,savings,744252,0,1668
A3110,U2096,current,718200,1,1668
A3111,U2097,savings,32055,0,678
A3112,U2098,savings,77977,0,1888
A3113,U2098,current,212886,1,1888
A3114,U2099,savings,277491,1,1381
A3115,U2100,savings,87325,0,1129
A3116,U2100,current,345400,1,1129
A3117,U2101,current,113065,0,837
A3118,U2102,savings,457363,0,218
A3119,U2103,current,45321,1,178
A3120,U2103,current,22298,0,178
A3121,U2104,savings,56598,1,432
A3122,U2105,current,40967,1,1131
A3123,U2106,savings,527789,1,1456
A3124,U2106,current,910597,1,1456
A3125,U2107,current,25722,1,1086
A3126,U2107,savings,58483,0,1086
A3127,U2108,savings,159750,0,992
A3128,U2108,current,128989,1,992
A3129,U2109,savings,12195,0,1717
A3130,U2109,savings,10487,0,1717
A3131,U2110,savings,170573,0,456
A3132,U2111,savings,395197,0,1714
A3133,U2111,current,169762,1,1714
A3134,U2112,savings,19612,0,509
A3135,U2112,savings,17413,0,509
A3136,U2113,savings,82188,0,1389
A3137,U2113,savings,41605,1,1389
A3138,U2114,current,379700,1,157
A3139,U2114,current,232750,1,157
A3140,U2115,savings,24904,0,264
A3141,U2116,savings,345989,1,1006
A3142,U2116,savings,273601,1,1006
A3143,U2117,current,46058,1,1650
A3144,U2118,savings,192568,0,1334
A3145,U2118,current,284150,1,1334
A3146,U2119,savings,302757,1,467
A3147,U2120,savings,597923,0,1681
A3148,U2120,savings,430707,0,1681
A3149,U2121,savings,368591,1,134
A3150,U2122,savings,29413,0,842
A3151,U2123,savings,26860,0,253
A3152,U2124,current,548575,0,1072
A3153,U2125,savings,367397,0,1031
A3154,U2126,savings,197875,1,444
A3155,U2126,savings,77441,0,444
A3156,U2127,savings,169268,0,449
A3157,U2128,savings,63743,1,1202
A3158,U2128,savings,266913,1,1202
A3159,U2129,current,410751,0,1070
A3160,U2130,current,503112,0,1141
A3161,U2131,current,16672,1,1359
A3162,U2132,current,40365,1,1953
A3163,U2133,savings,794103,1,51
A3164,U2134,current,288244,0,794
A3165,U2134,current,282093,0,794
A3166,U2135,current,419391,1,1754
A3167,U2136,current,303346,0,740
A3168,U2137,savings,514430,0,1234
A3169,U2138,savings,38440,0,322
A3170,U2138,current,200113,1,322
A3171,U2139,current,443295,0,995
A3172,U2140,current,101333,1,1386
A3173,U2140,savings,643279,0,1386
A3174,U2141,savings,133211,0,613
A3175,U2142,savings,293730,0,1181
A3176,U2143,current,128857,1,1435
A3177,U2143,savings,17318,1,1435
A3178,U2144,current,471957,1,1090
A3179,U2144,current,426441,0,1090
A3180,U2145,current,101568,1,565
A3181,U2146,savings,134728,0,1411
A3182,U2147,current,644763,0,1309
A3183,U2148,savings,62797,1,1531
A3184,U2149,savings,869672,1,679
A3185,U2150,savings,486414,0,124
A3186,U2151,current,136076,0,1534
A3187,U2151,current,158011,0,1534
A3188,U2152,savings,331227,1,1663
A3189,U2153,savings,45427,0,1629
A3190,U2153,savings,112979,1,1629
A3191,U2154,current,50043,0,1790
A3192,U2155,current,115408,1,1418
A3193,U2155,current,169917,0,1418
A3194,U2156,current,14044,0,977
A3195,U2157,savings,236671,1,151
A3196,U2158,savings,9616,1,1217
A3197,U2159,savings,54339,0,1684
A3198,U2160,current,10497,0,192
A3199,U2161,savings,452478,1,837
A3200,U2162,current,69986,1,1230
A3201,U2162,savings,35293,1,1230
A3202,U2163,current,147081,0,1569
A3203,U2163,current,139076,0,1569
A3204,U2164,current,195050,1,235
A3205,U2164,savings,69701,0,235
A3206,U2165,current,207704,0,1113
A3207,U2166,savings,26703,0,728
A3208,U2167,current,33694,0,1814
A3209,U2168,savings,73683,0,128
A3210,U2169,savings,91735,1,1319
A3211,U2170,savings,46282,0,589
A3212,U2171,current,17750,0,1061
A3213,U2172,current,517338,1,738
A3214,U2172,savings,392364,0,738
A3215,U2173,current,94695,0,302
A3216,U2173,current,117744,1,302
A3217,U2174,current,27692,0,1494
A3218,U2175,current,9039,0,353
A3219,U2175,savings,5764,0,353
A3220,U2176,current,32864,1,1358
A3221,U2177,savings,9618,1,1965
A3222,U2178,current,423964,1,81
A3223,U2179,savings,14170,1,578
A3224,U2179,current,23426,1,578
A3225,U2180,savings,69323,0,364
A3226,U2181,savings,241015,0,1209
A3227,U2182,savings,462603,1,1532
A3228,U2182,savings,85770,0,1532
A3229,U2183,savings,255146,1,549
A3230,U2183,current,407586,0,549
A3231,U2184,current,350975,0,609
A3232,U2184,current,409861,0,609
A3233,U2185,savings,171994,1,170
A3234,U2185,current,431204,1,170
A3235,U2186,current,21437,1,685
A3236,U2187,savings,239871,0,31
A3237,U2188,current,38994,1,1710
A3238,U2189,current,7714,1,1192
A3239,U2189,savings,23236,1,1192
A3240,U2190,current,315818,1,1531
A3241,U2191,savings,639770,0,1528
A3242,U2191,current,120159,0,1528
A3243,U2192,current,26953,0,1421
A3244,U2192,savings,11718,0,1421
A3245,U2193,savings,16759,1,1805
A3246,U2194,savings,429927,1,969
A3247,U2195,current,25461,0,30
A3248,U2196,savings,44717,0,1330
A3249,U2196,current,63637,1,1330
A3250,U2197,current,49093,1,376
A3251,U2198,current,3651,0,1627
A3252,U2199,savings,359698,0,716
A3253,U2199,savings,47633,0,716
A3254,U2200,savings,384449,0,157
A3255,U2201,savings,458232,0,1613
A3256,U2201,current,335807,1,1613
A3257,U2202,savings,300645,0,1577
A3258,U2203,savings,126200,0,188
A3259,U2203,savings,128185,0,188
A3260,U2204,current,18841,1,1103
A3261,U2204,current,4707,0,1103
A3262,U2205,savings,215883,0,1351
A3263,U2205,current,279138,1,1351
A3264,U2206,current,618197,1,444
A3265,U2207,current,112280,0,865
A3266,U2208,savings,39883,1,1549
A3267,U2209,current,164963,1,404
A3268,U2210,current,108468,1,237
A3269,U2211,savings,107828,0,1121
A3270,U2211,savings,92523,0,1121
A3271,U2212,savings,196120,1,1660
A3272,U2213,savings,57358,0,138
A3273,U2214,savings,177060,1,449
A3274,U2214,savings,706817,0,449
A3275,U2215,current,4692,0,929
A3276,U2216,current,74378,0,1104
A3277,U2216,current,47830,0,1104
A3278,U2217,savings,131098,1,1740
A3279,U2218,savings,181651,1,661
A3280,U2219,current,207191,0,621
A3281,U2220,savings,46998,1,680
A3282,U2220,current,22964,0,680
A3283,U2221,savings,124034,1,444
A3284,U2222,savings,104728,0,611
A3285,U2223,savings,232563,1,395
A3286,U2223,current,31035,1,395
A3287,U2224,current,110618,1,224
A3288,U2225,savings,10896,0,137
A3289,U2225,current,38096,0,137
A3290,U2226,current,233762,0,256
A3291,U2226,current,860360,1,256
A3292,U2227,savings,119059,0,740
A3293,U2228,savings,135035,0,1567
A3294,U2229,savings,419160,0,1422
A3295,U2230,current,147802,1,766
A3296,U2230,current,53968,0,766
A3297,U2231,current,306933,1,1708
A3298,U2231,savings,175738,1,1708
A3299,U2232,savings,172517,1,1297
A3300,U2232,savings,184270,1,1297
A3301,U2233,savings,27959,0,659
A3302,U2233,savings,49460,0,659
A3303,U2234,savings,168200,1,372
A3304,U2234,savings,138942,1,372
A3305,U2235,savings,550968,0,1980
A3306,U2235,savings,307510,0,1980
A3307,U2236,savings,465032,0,997
A3308,U2237,savings,64522,0,1853
A3309,U2238,current,33349,1,791
A3310,U2238,current,68497,0,791
A3311,U2239,savings,122723,0,647
A3312,U2240,savings,195260,1,630
A3313,U2241,current,458544,0,1721
A3314,U2241,savings,243344,0,1721
A3315,U2242,current,29957,1,1972
A3316,U2242,savings,109459,0,1972
A3317,U2243,savings,58086,1,750
A3318,U2244,savings,41375,1,1287
A3319,U2245,savings,98433,1,1139
A3320,U2245,savings,95917,1,1139
A3321,U2246,savings,10162,1,288
A3322,U2247,savings,8908,0,1976
A3323,U2248,savings,55111,0,563
A3324,U2249,current,16174,0,1906
A3325,U2249,savings,20327,0,1906
A3326,U2250,current,111387,1,993
A3327,U2250,savings,151485,0,993
A3328,U2251,current,73216,0,66
A3329,U2252,current,56835,1,1194
A3330,U2252,savings,279845,1,1194
A3331,U2253,savings,52202,0,139
A3332,U2253,savings,63428,1,139
A3333,U2254,savings,141575,0,535
A3334,U2254,savings,175072,0,535
A3335,U2255,savings,62778,1,1329
A3336,U2255,savings,58545,0,1329
A3337,U2256,current,12147,1,1930
A3338,U2257,savings,551511,0,1753
A3339,U2258,savings,519421,0,979
A3340,U2258,savings,71023,1,979
A3341,U2259,current,114467,1,1625
A3342,U2260,current,17715,1,465
A3343,U2261,savings,55148,0,1078
A3344,U2262,savings,207537,0,241
A3345,U2263,current,388130,0,442
A3346,U2263,savings,570351,0,442
A3347,U2264,savings,305246,1,1851
A3348,U2264,current,237359,1,1851
A3349,U2265,current,159401,1,1443
A3350,U2265,current,238190,1,1443
A3351,U2266,current,83953,0,653
A3352,U2267,current,55131,1,1754
A3353,U2268,current,208418,1,1679
A3354,U2268,savings,136471,1,1679
A3355,U2269,savings,129587,1,523
A3356,U2269,savings,263407,1,523
A3357,U2270,savings,83720,1,1065
A3358,U2271,savings,271131,0,798
A3359,U2271,savings,239348,0,798
A3360,U2272,savings,40664,1,1434
A3361,U2272,savings,32423,0,1434
A3362,U2273,current,18677,0,182
A3363,U2273,current,26846,1,182
A3364,U2274,current,270903,1,1775
A3365,U2275,savings,262654,0,1065
A3366,U2276,savings,55686,1,340
A3367,U2277,savings,469288,1,1071
A3368,U2278,savings,187354,0,1148
A3369,U2278,savings,160335,1,1148
A3370,U2279,current,22771,1,798
A3371,U2280,savings,91247,0,1921
A3372,U2281,savings,38754,0,868
A3373,U2281,savings,68406,1,868
A3374,U2282,current,65347,0,948
A3375,U2283,savings,51831,0,204
A3376,U2283,savings,164014,0,204
A3377,U2284,current,81231,1,742
A3378,U2284,current,60984,1,742
A3379,U2285,savings,250610,1,1137
A3380,U2285,savings,742612,0,1137
A3381,U2286,savings,42625,1,840
A3382,U2286,savings,60283,1,840
A3383,U2287,current,35935,1,931
A3384,U2287,savings,51551,1,931
A3385,U2288,savings,571119,0,1381
A3386,U2289,savings,76079,1,1756
A3387,U2289,current,54898,0,1756
A3388,U2290,current,28631,1,962
A3389,U2291,current,59642,0,1389
A3390,U2292,savings,74928,0,639
A3391,U2293,current,46016,1,1747
A3392,U2293,savings,45696,1,1747
A3393,U2294,current,180187,0,1966
A3394,U2295,savings,490464,1,855
A3395,U2296,savings,46462,1,312
A3396,U2296,current,19620,0,312
A3397,U2297,savings,47906,1,958
A3398,U2297,savings,10206,0,958
A3399,U2298,current,13332,0,1792
A3400,U2298,current,19367,0,1792
A3401,U2299,savings,405968,1,1999
A3402,U2300,current,224021,0,754
A3403,U2301,current,13120,0,1423
A3404,U2302,savings,89918,1,1925
A3405,U2302,current,60612,0,1925
A3406,U2303,current,70729,1,958
A3407,U2304,savings,769972,1,359
A3408,U2305,current,696698,0,1406
A3409,U2306,current,4877,0,1860
A3410,U2307,current,165210,1,1525
A3411,U2307,current,118343,1,1525
A3412,U2308,savings,481891,1,1719
A3413,U2309,savings,296696,1,1447
A3414,U2309,savings,565025,0,1447
A3415,U2310,current,42614,1,1950
A3416,U2311,current,292283,1,558
A3417,U2311,savings,178519,0,558
A3418,U2312,savings,501037,1,594
A3419,U2313,current,94008,0,1048
A3420,U2314,current,342082,1,161
A3421,U2315,current,6289,1,556
A3422,U2315,current,38870,0,556
A3423,U2316,current,171645,1,1664
A3424,U2317,savings,345723,1,851
A3425,U2318,current,58778,1,1670
A3426,U2319,current,7912,0,934
A3427,U2320,savings,180594,0,1498
A3428,U2320,current,698483,1,1498
A3429,U2321,savings,568742,1,182
A3430,U2321,current,279448,0,182
A3431,U2322,current,28354,1,679
A3432,U2323,savings,301213,1,1233
A3433,U2323,savings,141058,1,1233
A3434,U2324,savings,78451,1,1659
A3435,U2325,savings,120202,1,326
A3436,U2325,savings,96772,0,326
A3437,U2326,current,248190,1,286
A3438,U2326,savings,138311,0,286
A3439,U2327,savings,346606,0,1692
A3440,U2327,savings,295990,1,1692
A3441,U2328,current,133636,1,233
A3442,U2328,current,70109,0,233
A3443,U2329,savings,36209,1,1270
A3444,U2329,savings,7588,0,1270
A3445,U2330,current,67545,1,1595
A3446,U2330,current,142529,1,1595
A3447,U2331,current,120893,1,88
A3448,U2332,current,449957,0,1348
A3449,U2333,current,212977,1,1466
A3450,U2334,current,204981,0,1917
A3451,U2334,current,681834,0,1917
A3452,U2335,current,206959,0,1825
A3453,U2336,current,207125,0,642
A3454,U2336,savings,355156,1,642
A3455,U2337,savings,187048,1,1748
A3456,U2338,current,182278,0,1190
A3457,U2339,current,126243,0,771
A3458,U2339,savings,48196,0,771
A3459,U2340,current,185160,1,222
A3460,U2340,savings,103410,0,222
A3461,U2341,current,72757,1,64
A3462,U2341,savings,290846,1,64
A3463,U2342,current,471920,1,1815
A3464,U2342,current,341579,1,1815
A3465,U2343,current,271931,1,262
A3466,U2343,current,201675,0,262
A3467,U2344,savings,357349,1,1655
A3468,U2345,savings,400572,1,94
A3469,U2345,current,333599,0,94
A3470,U2346,current,16224,0,277
A3471,U2346,current,23578,0,277
A3472,U2347,savings,41933,0,1061
A3473,U2347,current,44301,1,1061
A3474,U2348,savings,116627,0,1668
A3475,U2348,current,177398,0,1668
A3476,U2349,current,438512,0,358
A3477,U2350,savings,365467,1,917
A3478,U2350,savings,338262,0,917
A3479,U2351,current,194362,0,1000
A3480,U2351,current,196443,0,1000
A3481,U2352,current,229387,1,279
A3482,U2352,savings,60605,0,279
A3483,U2353,current,539484,1,1149
A3484,U2354,current,213742,0,1294
A3485,U2355,current,69681,1,1075
A3486,U2355,savings,135525,1,1075
A3487,U2356,savings,135486,0,752
A3488,U2356,current,29875,0,752
A3489,U2357,current,123929,1,938
A3490,U2358,current,228796,1,1114
A3491,U2359,current,66452,0,92
A3492,U2360,current,20273,1,551
A3493,U2360,current,10917,1,551
A3494,U2361,savings,73712,1,1336
A3495,U2362,current,55172,1,408
A3496,U2363,current,74024,0,1484
A3497,U2364,savings,47364,0,388
A3498,U2365,current,53164,1,1373
A3499,U2365,current,146422,0,1373
A3500,U2366,current,476235,1,344
A3501,U2367,savings,97077,0,1685
A3502,U2368,current,217786,0,591
A3503,U2368,savings,171407,1,591
A3504,U2369,current,356206,0,608
A3505,U2370,savings,348948,0,792
A3506,U2370,savings,589461,0,792
A3507,U2371,savings,63936,0,1618
A3508,U2371,savings,55108,1,1618
A3509,U2372,current,227202,0,91
A3510,U2373,savings,109447,0,517
A3511,U2373,savings,67514,1,517
A3512,U2374,savings,126900,1,1856
A3513,U2374,savings,81630,0,1856
A3514,U2375,current,24576,0,1305
A3515,U2376,savings,58266,0,808
A3516,U2377,current,42068,0,728
A3517,U2377,current,252113,0,728
A3518,U2378,savings,440159,1,833
A3519,U2378,current,781564,0,833
A3520,U2379,current,37350,0,912
A3521,U2380,current,34815,0,1608
A3522,U2380,current,30044,0,1608
A3523,U2381,savings,27256,0,308
A3524,U2382,savings,554256,0,647
A3525,U2383,savings,135930,1,248
A3526,U2383,savings,16120,0,248
A3527,U2384,savings,320507,1,1095
A3528,U2384,savings,189544,0,1095
A3529,U2385,current,159200,0,912
A3530,U2385,current,573739,1,912
A3531,U2386,savings,208426,0,681
A3532,U2386,savings,185574,1,681
A3533,U2387,savings,56151,0,1578
A3534,U2387,current,171755,0,1578
A3535,U2388,current,79918,0,1244
A3536,U2388,current,101453,1,1244
A3537,U2389,savings,265618,0,31
A3538,U2389,savings,39984,1,31
A3539,U2390,current,361125,1,1922
A3540,U2390,savings,95590,0,1922
A3541,U2391,savings,288843,1,1903
A3542,U2392,savings,91685,0,1580
A3543,U2393,savings,664210,0,1242
A3544,U2394,current,26119,0,1395
A3545,U2394,current,14484,1,1395
A3546,U2395,current,251864,0,1596
A3547,U2396,savings,181848,1,791
A3548,U2397,current,37988,0,1923
A3549,U2397,current,7307,0,1923
A3550,U2398,savings,115270,1,1014
A3551,U2398,savings,680576,1,1014
A3552,U2399,current,158325,1,1371
A3553,U2399,savings,355436,1,1371
A3554,U2400,savings,184315,1,615
A3555,U2400,current,67304,0,615
A3556,U2401,current,94942,0,778
A3557,U2402,savings,52823,0,576
A3558,U2403,current,132837,0,1234
A3559,U2403,savings,244669,1,1234
A3560,U2404,savings,199228,0,984
A3561,U2404,current,72599,1,984
A3562,U2405,savings,15723,0,1900
A3563,U2405,savings,79099,0,1900
A3564,U2406,savings,507094,0,927
A3565,U2406,current,618581,0,927
A3566,U2407,savings,44702,1,1390
A3567,U2408,current,185034,0,1232
A3568,U2408,savings,286782,1,1232
A3569,U2409,savings,5194,0,707
A3570,U2410,savings,54175,0,1086
A3571,U2410,savings,37813,1,1086
A3572,U2411,current,351480,1,1756
A3573,U2412,current,6300,0,777
A3574,U2412,current,39791,1,777
A3575,U2413,current,45034,0,296
A3576,U2414,current,436104,1,94
A3577,U2414,current,301639,1,94
A3578,U2415,current,315000,0,770
A3579,U2416,savings,17409,0,1350
A3580,U2416,current,50762,1,1350
A3581,U2417,current,537430,0,1490
A3582,U2417,savings,528374,1,1490
A3583,U2418,current,64994,1,973
A3584,U2418,savings,30320,1,973
A3585,U2419,savings,34091,0,276
A3586,U2419,current,13020,0,276
A3587,U2420,savings,350126,0,616
A3588,U2421,savings,78433,1,544
A3589,U2422,savings,97194,1,817
A3590,U2423,current,69240,0,1596
A3591,U2424,savings,85566,1,977
A3592,U2425,savings,17988,1,961
A3593,U2426,current,427522,1,66
A3594,U2426,savings,195309,0,66
A3595,U2427,savings,86126,0,1414
A3596,U2427,savings,346361,1,1414
A3597,U2428,savings,26016,1,950
A3598,U2429,current,21615,1,1281
A3599,U2429,current,58433,1,1281
A3600,U2430,savings,276570,1,935
A3601,U2430,current,199753,0,935
A3602,U2431,savings,72749,1,592
A3603,U2432,current,8739,0,240
A3604,U2432,savings,9285,1,240
A3605,U2433,current,52106,1,1576
A3606,U2434,savings,333254,1,1442
A3607,U2434,current,508152,0,1442
A3608,U2435,savings,80032,0,1321
A3609,U2435,savings,53822,0,1321
A3610,U2436,current,26272,0,445
A3611,U2437,savings,102239,0,123
A3612,U2437,current,114905,1,123
A3613,U2438,current,27370,1,562
A3614,U2438,current,12098,1,562
A3615,U2439,savings,37683,1,1918
A3616,U2440,current,107600,1,1258
A3617,U2441,current,359425,1,1102
A3618,U2442,current,4320,0,309
A3619,U2442,savings,25158,1,309
A3620,U2443,savings,26236,0,808
A3621,U2444,current,10607,1,1376
A3622,U2444,current,19693,0,1376
A3623,U2445,savings,382797,0,227
A3624,U2445,savings,207743,0,227
A3625,U2446,savings,14562,1,1324
A3626,U2447,current,46840,1,1996
A3627,U2448,current,51941,0,1586
A3628,U2449,current,183558,1,1976
A3629,U2449,current,94881,0,1976
A3630,U2450,savings,47661,0,737
A3631,U2450,savings,30571,0,737
A3632,U2451,savings,246485,0,854
A3633,U2451,current,478731,1,854
A3634,U2452,savings,90691,0,943
A3635,U2453,savings,404586,0,871
A3636,U2454,savings,63461,1,905
A3637,U2454,current,291265,0,905
A3638,U2455,savings,75410,1,1653
A3639,U2455,savings,54975,0,1653
A3640,U2456,savings,704445,0,1173
A3641,U2457,current,55611,0,1546
A3642,U2457,savings,33603,0,1546
A3643,U2458,savings,14785,0,1942
A3644,U2459,savings,736260,1,1686
A3645,U2460,current,88351,1,294
A3646,U2460,savings,182462,1,294
A3647,U2461,current,203351,0,491
A3648,U2462,current,107986,0,206
A3649,U2462,current,281731,1,206
A3650,U2463,savings,91440,0,1271
A3651,U2464,savings,17320,1,1236
A3652,U2465,current,134893,1,466
A3653,U2465,current,370171,1,466
A3654,U2466,savings,22919,1,398
A3655,U2467,savings,11493,0,246
A3656,U2468,savings,536794,1,1774
A3657,U2469,savings,27816,1,1203
A3658,U2469,savings,11466,0,1203
A3659,U2470,current,87839,1,1927
A3660,U2470,current,13955,1,1927
A3661,U2471,savings,16342,1,649
A3662,U2471,savings,25344,1,649
A3663,U2472,current,186533,1,1045
A3664,U2473,current,494985,0,864
A3665,U2474,current,12073,1,1739
A3666,U2475,current,262099,0,1435
A3667,U2475,current,203530,0,1435
A3668,U2476,savings,350208,1,1124
A3669,U2476,savings,345588,0,1124
A3670,U2477,savings,664963,1,434
A3671,U2477,savings,121085,1,434
A3672,U2478,current,55985,0,123
A3673,U2479,current,453150,0,1522
A3674,U2479,current,483020,0,1522
A3675,U2480,savings,60268,1,326
A3676,U2481,savings,398206,1,963
A3677,U2481,savings,273211,0,963
A3678,U2482,current,240361,0,1027
A3679,U2483,savings,486943,0,1452
A3680,U2484,savings,175773,0,1384
A3681,U2484,savings,346241,0,1384
A3682,U2485,current,461249,1,504
A3683,U2485,savings,597598,0,504
A3684,U2486,savings,14777,0,1663
A3685,U2486,current,14570,0,1663
A3686,U2487,current,18220,1,1412
A3687,U2487,current,48434,0,1412
A3688,U2488,current,106228,0,1227
A3689,U2489,savings,866617,1,374
A3690,U2490,savings,87568,1,1178
A3691,U2490,savings,56977,0,1178
A3692,U2491,savings,34122,1,474
A3693,U2492,current,335582,0,45
A3694,U2492,savings,48273,0,45
A3695,U2493,savings,121343,0,855
A3696,U2494,savings,65235,1,641
A3697,U2494,current,224774,1,641
A3698,U2495,current,127325,0,116
A3699,U2496,current,350006,0,1759
A3700,U2497,current,727224,0,513
A3701,U2497,current,774095,0,513
A3702,U2498,savings,203707,1,1203
A3703,U2498,current,133970,0,1203
A3704,U2499,current,46018,0,1617
A3705,U2499,current,58398,1,1617
A3706,U2500,savings,488793,1,235
A3707,U2501,current,23890,0,1489
A3708,U2501,savings,18826,0,1489
A3709,U2502,savings,84819,1,1720
A3710,U2503,savings,274466,1,251
A3711,U2504,current,220720,1,1848
A3712,U2504,current,201337,1,1848
A3713,U2505,current,337478,0,597
A3714,U2506,savings,267744,0,1655
A3715,U2507,savings,400827,0,465
A3716,U2508,current,560831,1,646
A3717,U2509,current,736991,0,1654
A3718,U2510,savings,31046,0,1994
A3719,U2511,savings,5563,0,395
A3720,U2511,savings,8871,0,395
A3721,U2512,current,61343,1,1806
A3722,U2512,current,308907,1,1806
A3723,U2513,current,109550,0,1586
A3724,U2514,current,511894,0,1047
A3725,U2515,savings,13463,1,1310
A3726,U2515,savings,4414,1,1310
A3727,U2516,savings,382511,1,1058
A3728,U2517,savings,65277,1,1787
A3729,U2517,savings,10540,0,1787
A3730,U2518,savings,54665,1,994
A3731,U2519,savings,206015,1,1527
A3732,U2520,current,95296,0,265
A3733,U2521,savings,121497,0,1965
A3734,U2522,current,16269,1,1512
A3735,U2523,current,108625,1,473
A3736,U2524,savings,17673,0,1582
A3737,U2524,current,45999,0,1582
A3738,U2525,savings,490645,0,813
A3739,U2526,current,392316,1,193
A3740,U2526,savings,343307,0,193
A3741,U2527,savings,156525,1,1675
A3742,U2527,savings,279097,0,1675
A3743,U2528,savings,153997,1,146
A3744,U2528,savings,145982,0,146
A3745,U2529,savings,244385,0,1077
A3746,U2530,savings,14857,1,1882
A3747,U2530,current,33238,1,1882
A3748,U2531,current,546956,0,534
A3749,U2532,current,344544,1,1715
A3750,U2533,current,310409,0,1459
A3751,U2534,savings,445484,0,71
A3752,U2534,current,740636,0,71
A3753,U2535,savings,191171,0,1424
A3754,U2536,current,25325,0,116
A3755,U2536,savings,8607,0,116
A3756,U2537,savings,142140,1,95
A3757,U2537,current,134843,0,95
A3758,U2538,savings,47428,1,1579
A3759,U2539,current,313012,1,1433
A3760,U2539,current,56129,1,1433
A3761,U2540,savings,23320,0,1547
A3762,U2541,current,310454,1,1125
A3763,U2541,savings,399303,0,1125
A3764,U2542,current,288718,0,1046
A3765,U2542,savings,813885,1,1046
A3766,U2543,savings,13476,0,474
A3767,U2544,current,47472,1,266
A3768,U2545,current,201526,1,1435
A3769,U2546,current,443010,1,1551
A3770,U2546,savings,460194,0,1551
A3771,U2547,savings,41339,0,1681
A3772,U2548,savings,23065,0,1075
A3773,U2549,savings,177543,1,1067
A3774,U2549,current,225131,1,1067
A3775,U2550,savings,400506,1,630
A3776,U2550,savings,280126,0,630
A3777,U2551,savings,201627,1,1488
A3778,U2551,savings,268974,0,1488
A3779,U2552,current,473612,0,374
A3780,U2552,current,536758,1,374
A3781,U2553,savings,267655,0,1528
A3782,U2554,savings,151460,1,1213
A3783,U2554,current,139903,1,1213
A3784,U2555,savings,93822,1,911
A3785,U2555,savings,55171,0,911
A3786,U2556,savings,72389,1,1251
A3787,U2556,current,23717,0,1251
A3788,U2557,current,51011,1,1198
A3789,U2558,current,471966,1,1626
A3790,U2559,current,295975,0,74
A3791,U2560,current,27729,0,218
A3792,U2561,current,118242,0,830
A3793,U2561,current,435171,1,830
A3794,U2562,savings,27674,0,293
A3795,U2563,current,37510,1,1607
A3796,U2563,savings,16674,0,1607
A3797,U2564,savings,384506,1,948
A3798,U2565,current,45762,1,1845
A3799,U2565,savings,28447,1,1845
A3800,U2566,savings,194584,0,581
A3801,U2566,savings,237831,0,581
A3802,U2567,current,31932,0,1586
A3803,U2567,savings,58357,1,1586
A3804,U2568,current,186690,0,1879
A3805,U2568,current,278078,1,1879
A3806,U2569,savings,906556,0,963
A3807,U2570,savings,181427,1,32
A3808,U2570,savings,90138,0,32
A3809,U2571,current,117147,1,340
A3810,U2572,current,477966,0,1636
A3811,U2573,savings,712415,0,453
A3812,U2574,current,103322,1,984
A3813,U2575,current,174598,0,627
A3814,U2576,savings,19750,0,1253
A3815,U2577,current,14490,0,784
A3816,U2577,current,8995,1,784
A3817,U2578,current,37296,1,769
A3818,U2579,current,46734,0,383
A3819,U2579,savings,13944,1,383
A3820,U2580,savings,260393,1,830
A3821,U2580,current,300714,1,830
A3822,U2581,savings,359351,1,1644
A3823,U2581,savings,571037,1,1644
A3824,U2582,current,803286,1,338
A3825,U2583,savings,31380,1,1646
A3826,U2583,savings,68082,0,1646
A3827,U2584,savings,202934,1,872
A3828,U2585,current,244335,1,1999
A3829,U2585,current,144079,1,1999
A3830,U2586,current,16591,0,626
A3831,U2586,current,12588,0,626
A3832,U2587,current,23458,1,494
A3833,U2587,savings,12525,1,494
A3834,U2588,savings,37308,1,1655
A3835,U2589,savings,9920,0,739
A3836,U2589,current,17002,1,739
A3837,U2590,savings,762938,1,1929
A3838,U2590,savings,705801,0,1929
A3839,U2591,current,188979,1,864
A3840,U2592,current,23059,1,788
A3841,U2593,savings,291695,1,1429
A3842,U2594,current,228999,1,1899
A3843,U2595,savings,330492,0,892
A3844,U2596,savings,15303,0,361
A3845,U2596,savings,32133,1,361
A3846,U2597,savings,7933,0,1119
A3847,U2598,savings,76016,1,1648
A3848,U2599,current,210416,1,376
A3849,U2600,savings,62019,0,773
A3850,U2600,savings,177086,0,773
A3851,U2601,current,59135,1,1197
A3852,U2602,current,221937,0,502
A3853,U2602,current,277076,1,502
A3854,U2603,savings,386087,1,1525
A3855,U2604,savings,6984,0,1857
A3856,U2605,savings,353746,1,273
A3857,U2606,savings,13680,1,1127
A3858,U2606,current,11797,0,1127
A3859,U2607,current,472772,1,1935
A3860,U2608,savings,133251,0,615
A3861,U2608,current,460814,0,615
A3862,U2609,savings,152468,0,872
A3863,U2610,savings,14716,0,805
A3864,U2611,savings,44102,1,1784
A3865,U2611,current,70654,0,1784
A3866,U2612,savings,84947,0,944
A3867,U2613,savings,124149,1,1381
A3868,U2614,savings,35754,1,1799
A3869,U2614,current,14954,1,1799
A3870,U2615,current,262284,1,246
A3871,U2616,current,36592,0,441
A3872,U2616,savings,10038,0,441
A3873,U2617,savings,59190,0,1142
A3874,U2617,savings,308029,0,1142
A3875,U2618,current,112322,0,562
A3876,U2618,current,467292,0,562
A3877,U2619,current,350899,0,1295
A3878,U2619,current,345445,0,1295
A3879,U2620,savings,185986,0,927
A3880,U2620,savings,312367,1,927
A3881,U2621,savings,23257,0,560
A3882,U2622,current,40130,0,1005
A3883,U2623,current,167196,1,33
A3884,U2624,current,254712,1,642
A3885,U2625,savings,142102,0,1613
A3886,U2626,current,351957,1,1433
A3887,U2626,savings,390543,1,1433
A3888,U2627,current,317381,1,1657
A3889,U2627,current,322843,1,1657
A3890,U2628,current,168182,0,1091
A3891,U2629,current,21812,0,841
A3892,U2630,savings,269054,1,486
A3893,U2630,savings,426282,1,486
A3894,U2631,savings,128778,0,1624
A3895,U2632,savings,865046,1,1918
A3896,U2632,current,624764,0,1918
A3897,U2633,savings,102628,0,825
A3898,U2634,savings,526667,1,254
A3899,U2635,current,848974,1,1078
A3900,U2635,savings,826287,1,1078
A3901,U2636,current,195643,1,1373
A3902,U2636,current,58879,1,1373
A3903,U2637,current,55239,1,394
A3904,U2638,savings,220285,0,436
A3905,U2638,current,282966,0,436
A3906,U2639,savings,96305,0,1175
A3907,U2639,current,249405,1,1175
A3908,U2640,savings,32716,1,1960
A3909,U2640,savings,86293,1,1960
A3910,U2641,savings,120741,0,1989
A3911,U2642,savings,24644,1,1978
A3912,U2643,savings,8591,0,730
A3913,U2643,savings,16280,1,730
A3914,U2644,current,795659,0,1083
A3915,U2645,savings,5161,1,592
A3916,U2646,current,12777,1,718
A3917,U2646,current,51871,1,718
A3918,U2647,current,43623,1,1650
A3919,U2647,current,21686,0,1650
A3920,U2648,savings,41824,0,252
A3921,U2648,current,40752,0,252
A3922,U2649,current,223147,0,1147
A3923,U2650,current,269761,0,966
A3924,U2650,current,179697,0,966
A3925,U2651,savings,41680,1,233
A3926,U2652,savings,355569,1,1199
A3927,U2652,current,577359,1,1199
A3928,U2653,savings,252337,1,1418
A3929,U2654,current,350985,1,951
A3930,U2654,current,309977,1,951
A3931,U2655,current,156021,0,56
A3932,U2656,savings,484439,1,916
A3933,U2657,current,59841,0,526
A3934,U2657,current,250283,1,526
A3935,U2658,savings,73457,0,1841
A3936,U2659,savings,216097,1,864
A3937,U2660,current,285631,0,603
A3938,U2661,current,136417,0,489
A3939,U2661,savings,107874,1,489
A3940,U2662,current,30299,1,1908
A3941,U2663,savings,192719,1,173
A3942,U2664,savings,22996,0,229
A3943,U2664,savings,62831,0,229
A3944,U2665,current,17380,1,78
A3945,U2665,current,19745,0,78
A3946,U2666,current,157003,1,592
A3947,U2666,savings,385028,0,592
A3948,U2667,savings,110316,0,936
A3949,U2668,savings,302717,1,1610
A3950,U2668,savings,449949,1,1610
A3951,U2669,savings,59161,0,1102
A3952,U2670,current,112346,1,297
A3953,U2671,current,46756,1,707
A3954,U2671,savings,14516,0,707
A3955,U2672,current,14118,0,675
A3956,U2673,savings,371541,1,746
A3957,U2674,savings,148991,1,758
A3958,U2674,savings,232319,1,758
A3959,U2675,current,522183,0,175
A3960,U2676,savings,20607,1,1896
A3961,U2676,current,15414,0,1896
A3962,U2677,current,142528,0,668
A3963,U2677,savings,333274,1,668
A3964,U2678,current,58514,0,1034
A3965,U2678,savings,53176,0,1034
A3966,U2679,current,35457,0,1695
A3967,U2680,current,12765,0,1737
A3968,U2681,current,18480,0,297
A3969,U2681,savings,59121,1,297
A3970,U2682,current,70948,1,1243
A3971,U2683,current,65936,1,550
A3972,U2683,current,38504,1,550
A3973,U2684,savings,500300,0,1958
A3974,U2685,current,186941,1,1351
A3975,U2685,savings,632469,1,1351
A3976,U2686,savings,499753,0,307
A3977,U2687,current,32573,0,158
A3978,U2687,savings,130411,1,158
A3979,U2688,current,40091,0,246
A3980,U2688,current,88598,0,246
A3981,U2689,current,302659,0,901
A3982,U2689,current,330630,1,901
A3983,U2690,savings,435402,1,1413
A3984,U2690,current,451376,0,1413
A3985,U2691,current,278881,1,1297
A3986,U2692,current,38561,1,609
A3987,U2693,current,145329,0,1806
A3988,U2694,current,41135,1,1294
A3989,U2694,current,36186,0,1294
A3990,U2695,savings,35390,0,720
A3991,U2695,current,53085,1,720
A3992,U2696,savings,266581,0,920
A3993,U2697,savings,51188,0,41
A3994,U2697,savings,143380,0,41
A3995,U2698,current,61220,1,1480
A3996,U2698,savings,201887,0,1480
A3997,U2699,current,30302,1,1861
A3998,U2700,savings,322597,0,50
A3999,U2701,current,320052,1,1466
A4000,U2702,current,124013,1,1252
A4001,U2703,savings,560814,0,1438
A4002,U2703,savings,314848,0,1438
A4003,U2704,current,57944,1,197
A4004,U2704,current,14664,1,197
A4005,U2705,current,29450,1,330
A4006,U2706,current,395877,0,596
A4007,U2706,current,222171,0,596
A4008,U2707,current,162596,0,309
A4009,U2707,savings,310746,1,309
A4010,U2708,savings,51096,0,226
A4011,U2709,current,673581,1,122
A4012,U2709,savings,681953,1,122
A4013,U2710,savings,275055,0,177
A4014,U2710,current,74683,0,177
A4015,U2711,savings,394404,1,1941
A4016,U2712,current,147555,1,1885
A4017,U2712,current,325095,1,1885
A4018,U2713,savings,56643,0,472
A4019,U2713,current,43134,0,472
A4020,U2714,current,152216,1,890
A4021,U2714,current,187156,0,890
A4022,U2715,savings,290560,0,1675
A4023,U2716,savings,166601,1,1087
A4024,U2717,current,63128,0,842
A4025,U2717,current,105848,1,842
A4026,U2718,savings,63217,0,1627
A4027,U2718,current,44311,0,1627
A4028,U2719,savings,279814,0,1810
A4029,U2720,savings,77128,0,511
A4030,U2720,current,59528,0,511
A4031,U2721,current,254794,1,163
A4032,U2722,savings,68070,0,1502
A4033,U2723,savings,173683,1,330
A4034,U2724,current,54035,1,227
A4035,U2724,savings,63574,0,227
A4036,U2725,savings,17766,0,445
A4037,U2726,savings,6720,0,1128
A4038,U2726,savings,27692,0,1128
A4039,U2727,savings,58303,0,330
A4040,U2727,current,17404,0,330
A4041,U2728,savings,482679,1,1201
A4042,U2728,current,74622,1,1201
A4043,U2729,current,43527,1,1437
A4044,U2730,current,101760,1,421
A4045,U2730,current,224178,0,421
A4046,U2731,current,351181,0,1925
A4047,U2731,savings,351609,1,1925
A4048,U2732,savings,33953,1,441
A4049,U2733,savings,255497,1,479
A4050,U2734,savings,125023,0,1878
A4051,U2734,savings,77720,1,1878
A4052,U2735,savings,17283,0,1061
A4053,U2735,current,12366,0,1061
A4054,U2736,current,28097,0,464
A4055,U2736,savings,25762,0,464
A4056,U2737,current,77915,1,1284
A4057,U2737,current,177182,0,1284
A4058,U2738,current,15194,1,1456
A4059,U2738,savings,14261,1,1456
A4060,U2739,current,49318,1,742
A4061,U2739,savings,80339,1,742
A4062,U2740,current,131455,0,1614
A4063,U2741,savings,132381,1,1951
A4064,U2742,current,522584,1,1483
A4065,U2742,current,475674,1,1483
A4066,U2743,current,15621,1,1448
A4067,U2744,savings,253742,0,1475
A4068,U2744,current,291654,0,1475
A4069,U2745,savings,15698,1,932
A4070,U2746,current,186835,0,893
A4071,U2746,savings,293608,1,893
A4072,U2747,savings,906281,0,125
A4073,U2747,current,678299,0,125
A4074,U2748,current,82662,1,30
A4075,U2749,savings,293100,0,1780
A4076,U2749,savings,143286,1,1780
A4077,U2750,savings,117532,0,777
A4078,U2751,current,30226,0,470
A4079,U2751,current,35975,1,470
A4080,U2752,savings,7930,1,1063
A4081,U2752,savings,9453,0,1063
A4082,U2753,current,203682,1,1364
A4083,U2753,current,100339,0,1364
A4084,U2754,savings,319265,0,842
A4085,U2755,current,317382,0,1985
A4086,U2756,current,266923,0,1016
A4087,U2756,current,129169,1,1016
A4088,U2757,current,511416,1,866
A4089,U2758,savings,368356,1,906
A4090,U2759,current,819079,1,1812
A4091,U2759,current,399476,0,1812
A4092,U2760,current,13409,1,1613
A4093,U2760,current,18499,1,1613
A4094,U2761,savings,51329,0,1911
A4095,U2762,savings,133791,0,1136
A4096,U2763,current,500478,0,1962
A4097,U2763,current,382634,0,1962
A4098,U2764,current,12349,1,1391
A4099,U2765,current,344425,1,1929
A4100,U2766,current,75045,0,795
A4101,U2767,current,456284,0,262
A4102,U2768,current,298309,1,634
A4103,U2769,savings,81536,1,1819
A4104,U2769,current,524493,1,1819
A4105,U2770,current,283169,0,337
A4106,U2770,current,62744,1,337
A4107,U2771,savings,231570,1,1095
A4108,U2772,current,89597,0,549
A4109,U2773,current,329011,0,1159
A4110,U2773,current,199730,0,1159
A4111,U2774,current,57484,0,1037
A4112,U2774,current,12886,1,1037
A4113,U2775,savings,28980,0,45
A4114,U2775,savings,43401,1,45
A4115,U2776,savings,69174,1,917
A4116,U2777,savings,81696,1,1997
A4117,U2778,savings,181681,0,1346
A4118,U2779,savings,56296,1,1471
A4119,U2779,savings,138231,1,1471
A4120,U2780,current,42014,1,1910
A4121,U2780,savings,157480,0,1910
A4122,U2781,current,321771,1,1483
A4123,U2781,current,85651,0,1483
A4124,U2782,savings,89997,0,1491
A4125,U2782,savings,55437,0,1491
A4126,U2783,current,20923,0,51
A4127,U2783,current,31036,1,51
A4128,U2784,current,54945,0,1683
A4129,U2784,savings,17260,0,1683
A4130,U2785,savings,250434,0,1538
A4131,U2785,savings,268458,1,1538
A4132,U2786,savings,377118,1,1710
A4133,U2786,current,318547,0,1710
A4134,U2787,savings,38817,1,1182
A4135,U2787,savings,38211,0,1182
A4136,U2788,current,69323,1,698
A4137,U2788,savings,145763,1,698
A4138,U2789,current,239786,1,339
A4139,U2790,savings,48731,1,553
A4140,U2791,savings,166648,1,733
A4141,U2792,savings,16103,1,1034
A4142,U2792,savings,7979,1,1034
A4143,U2793,savings,333125,1,1211
A4144,U2793,current,201504,1,1211
A4145,U2794,savings,358929,1,1856
A4146,U2795,savings,69709,0,773
A4147,U2796,current,144450,0,386
A4148,U2796,savings,153297,0,386
A4149,U2797,savings,141000,1,883
A4150,U2798,current,219389,0,1491
A4151,U2798,savings,107770,0,1491
A4152,U2799,savings,31976,0,695
A4153,U2799,savings,32282,1,695
A4154,U2800,savings,126307,1,253
A4155,U2801,savings,41151,1,999
A4156,U2801,savings,16410,1,999
A4157,U2802,savings,164747,1,490
A4158,U2803,current,11367,0,372
A4159,U2804,current,23792,0,662
A4160,U2804,savings,17796,1,662
A4161,U2805,savings,69553,1,1989
A4162,U2806,current,16706,0,619
A4163,U2806,current,9002,0,619
A4164,U2807,current,61295,1,297
A4165,U2808,current,418688,1,398
A4166,U2808,savings,121867,0,398
A4167,U2809,savings,8450,1,1645
A4168,U2809,current,11433,0,1645
A4169,U2810,current,26856,0,394
A4170,U2810,current,41863,0,394
A4171,U2811,savings,213961,1,439
A4172,U2812,current,33809,1,1077
A4173,U2812,current,12617,0,1077
A4174,U2813,current,17121,1,1403
A4175,U2814,savings,43854,0,498
A4176,U2814,savings,53052,1,498
A4177,U2815,current,21797,0,105
A4178,U2816,savings,64919,1,1935
A4179,U2817,savings,352467,1,1117
A4180,U2818,savings,623947,1,1171
A4181,U2819,savings,486098,0,984
A4182,U2819,current,619804,1,984
A4183,U2820,current,42969,0,1849
A4184,U2821,current,94395,0,1005
A4185,U2821,current,99543,1,1005
A4186,U2822,savings,485142,1,1156
A4187,U2822,current,417952,1,1156
A4188,U2823,current,43564,0,836
A4189,U2823,current,61180,1,836
A4190,U2824,current,299357,1,1376
A4191,U2825,current,85659,1,895
A4192,U2825,savings,157132,1,895
A4193,U2826,savings,118556,0,1180
A4194,U2826,savings,66849,1,1180
A4195,U2827,current,9398,1,1229
A4196,U2827,savings,24060,1,1229
A4197,U2828,savings,189090,1,235
A4198,U2828,savings,81644,1,235
A4199,U2829,current,80454,1,1399
A4200,U2829,savings,73573,1,1399
A4201,U2830,savings,20334,1,649
A4202,U2831,savings,234076,0,690
A4203,U2832,savings,139145,1,1672
A4204,U2832,savings,260321,0,1672
A4205,U2833,savings,25533,0,636
A4206,U2833,savings,14602,1,636
A4207,U2834,savings,15313,1,787
A4208,U2835,current,36427,1,1255
A4209,U2836,savings,577857,0,1953
A4210,U2837,savings,300248,0,565
A4211,U2838,current,50990,0,1567
A4212,U2839,current,233473,1,1374
A4213,U2839,savings,99305,0,1374
A4214,U2840,savings,353499,0,587
A4215,U2840,current,333692,0,587
A4216,U2841,current,53126,0,1686
A4217,U2841,current,40289,0,1686
A4218,U2842,savings,34362,1,1342
A4219,U2843,current,370873,0,897
A4220,U2843,current,319451,0,897
A4221,U2844,current,291636,1,481
A4222,U2845,current,53971,1,996
A4223,U2846,savings,44336,1,1620
A4224,U2846,savings,48950,1,1620
A4225,U2847,current,114578,0,152
A4226,U2848,savings,167304,0,1147
A4227,U2848,savings,493987,0,1147
A4228,U2849,current,125090,0,63
A4229,U2849,current,56695,1,63
A4230,U2850,savings,396430,0,837
A4231,U2850,current,427363,0,837
A4232,U2851,current,431775,1,1412
A4233,U2852,current,348592,0,734
A4234,U2853,current,22485,0,716
A4235,U2854,savings,119804,0,191
A4236,U2855,current,35720,1,1196
A4237,U2856,current,88752,1,1890
A4238,U2857,savings,284185,0,1707
A4239,U2857,current,400049,1,1707
A4240,U2858,current,140906,1,1272
A4241,U2859,current,19462,1,1572
A4242,U2860,savings,50228,0,362
A4243,U2861,savings,29128,0,156
A4244,U2862,current,89590,0,425
A4245,U2862,savings,597498,1,425
A4246,U2863,current,211926,0,1943
A4247,U2864,current,213237,0,1154
A4248,U2865,savings,148147,0,867
A4249,U2866,current,206378,1,1122
A4250,U2867,savings,16595,1,189
A4251,U2867,savings,31133,0,189
A4252,U2868,savings,368083,0,82
A4253,U2869,savings,550993,0,1007
A4254,U2869,savings,184345,0,1007
A4255,U2870,savings,39077,0,1952
A4256,U2870,current,6371,0,1952
A4257,U2871,current,179313,1,597
A4258,U2871,current,244693,0,597
A4259,U2872,current,299026,1,323
A4260,U2872,current,190902,1,323
A4261,U2873,current,192290,0,403
A4262,U2873,current,55802,0,403
A4263,U2874,savings,7900,0,1661
A4264,U2875,savings,422503,0,295
A4265,U2875,current,601976,1,295
A4266,U2876,savings,345860,0,610
A4267,U2877,current,32009,1,1041
A4268,U2877,current,32845,1,1041
A4269,U2878,current,346626,0,1749
A4270,U2879,savings,510811,1,1583
A4271,U2879,current,459315,0,1583
A4272,U2880,savings,22785,1,993
A4273,U2880,current,51600,0,993
A4274,U2881,savings,147964,1,540
A4275,U2881,savings,171328,1,540
A4276,U2882,savings,141782,1,1022
A4277,U2883,savings,58623,0,1933
A4278,U2884,savings,301836,1,1484
A4279,U2884,savings,724565,0,1484
A4280,U2885,savings,69906,1,417
A4281,U2885,savings,140537,0,417
A4282,U2886,current,124996,1,311
A4283,U2886,current,255331,1,311
A4284,U2887,savings,196748,1,1997
A4285,U2888,current,57031,0,744
A4286,U2889,current,14093,1,252
A4287,U2889,savings,28962,0,252
A4288,U2890,current,44855,1,863
A4289,U2891,savings,95286,1,1725
A4290,U2891,savings,227279,0,1725
A4291,U2892,current,762917,1,1835
A4292,U2893,savings,210627,0,1546
A4293,U2894,current,35093,0,703
A4294,U2894,savings,66672,0,703
A4295,U2895,savings,136243,1,1121
A4296,U2896,savings,11373,1,1772
A4297,U2897,current,61591,1,1841
A4298,U2898,current,623069,0,951
A4299,U2898,current,453996,0,951
A4300,U2899,savings,21035,1,35
A4301,U2900,savings,445409,1,728
A4302,U2901,savings,644953,0,1124
A4303,U2901,savings,446986,1,1124
A4304,U2902,savings,194689,0,1012
A4305,U2902,savings,53477,1,1012
A4306,U2903,savings,62825,1,1979
A4307,U2904,current,33924,0,478
A4308,U2905,savings,443476,1,1548
A4309,U2906,current,56557,0,1342
A4310,U2906,savings,44280,0,1342
A4311,U2907,savings,264340,1,499
A4312,U2908,current,93483,0,692
A4313,U2909,current,470675,0,1431
A4314,U2910,current,510808,0,1299
A4315,U2910,savings,95362,1,1299
A4316,U2911,savings,133481,1,1119
A4317,U2912,current,8764,0,1295
A4318,U2912,current,12448,0,1295
A4319,U2913,current,207785,0,901
A4320,U2913,savings,72447,0,901
A4321,U2914,savings,505608,0,750
A4322,U2914,current,531290,0,750
A4323,U2915,savings,24751,1,1219
A4324,U2915,current,12581,1,1219
A4325,U2916,savings,44196,1,1713
A4326,U2917,current,69956,0,1219
A4327,U2918,current,418577,1,1135
A4328,U2918,current,353874,0,1135
A4329,U2919,current,61727,1,931
A4330,U2920,current,19404,1,590
A4331,U2921,savings,608599,1,1756
A4332,U2921,current,721681,1,1756
A4333,U2922,current,274147,0,133
A4334,U2923,current,573584,0,1138
A4335,U2924,savings,118813,0,500
A4336,U2925,current,182610,0,578
A4337,U2926,current,349871,0,1667
A4338,U2926,savings,298441,1,1667
A4339,U2927,savings,39454,0,1777
A4340,U2928,current,23877,0,1404
A4341,U2929,current,48848,0,766
A4342,U2930,current,92774,0,150
A4343,U2930,savings,156207,0,150
A4344,U2931,current,546773,0,1033
A4345,U2931,current,357403,0,1033
A4346,U2932,current,50684,0,525
A4347,U2933,savings,59105,1,588
A4348,U2934,savings,168562,0,151
A4349,U2935,current,24162,1,254
A4350,U2935,savings,18030,0,254
A4351,U2936,savings,216686,1,628
A4352,U2936,current,125334,1,628
A4353,U2937,savings,30962,1,792
A4354,U2938,savings,20426,1,55
A4355,U2938,current,7149,0,55
A4356,U2939,current,33871,1,1157
A4357,U2940,current,25186,0,1732
A4358,U2940,savings,10251,0,1732
A4359,U2941,savings,11157,1,1293
A4360,U2942,current,41474,0,728
A4361,U2942,savings,55103,0,728
A4362,U2943,current,119969,1,1790
A4363,U2944,savings,208514,0,464
A4364,U2945,current,181981,1,761
A4365,U2946,current,15929,0,1360
A4366,U2947,savings,103062,1,1955
A4367,U2947,current,122490,1,1955
A4368,U2948,current,13503,0,1495
A4369,U2948,current,21148,1,1495
A4370,U2949,savings,707260,0,1417
A4371,U2950,current,14614,0,112
A4372,U2951,current,517681,1,147
A4373,U2952,savings,696560,1,1108
A4374,U2953,current,281767,0,1794
A4375,U2953,savings,209427,0,1794
A4376,U2954,savings,179604,1,469
A4377,U2954,savings,572770,1,469
A4378,U2955,savings,460209,0,1258
A4379,U2955,savings,83133,0,1258
A4380,U2956,savings,120473,0,823
A4381,U2956,savings,216879,1,823
A4382,U2957,current,20394,1,1835
A4383,U2957,savings,57184,1,1835
A4384,U2958,savings,197794,0,1282
A4385,U2959,savings,189709,1,261
A4386,U2960,savings,68696,1,675
A4387,U2960,current,35761,1,675
A4388,U2961,savings,224831,0,1774
A4389,U2961,current,244027,0,1774
A4390,U2962,savings,36497,1,351
A4391,U2963,savings,100208,1,1859
A4392,U2964,savings,133496,1,517
A4393,U2965,savings,125038,1,1479
A4394,U2966,current,373941,0,761
A4395,U2967,savings,223758,0,1586
A4396,U2968,savings,808710,0,1898
A4397,U2969,current,66421,1,383
A4398,U2969,current,35839,0,383
A4399,U2970,current,476985,0,501
A4400,U2970,savings,300107,0,501
A4401,U2971,savings,75456,0,1514
A4402,U2971,savings,55149,1,1514
A4403,U2972,savings,743277,0,1616
A4404,U2973,current,156859,0,808
A4405,U2973,current,82288,0,808
A4406,U2974,savings,7101,1,595
A4407,U2975,current,273902,0,1309
A4408,U2975,current,267074,1,1309
A4409,U2976,current,18133,0,1311
A4410,U2977,current,448413,0,166
A4411,U2977,savings,734242,0,166
A4412,U2978,current,3193,1,1621
A4413,U2978,savings,21636,0,1621
A4414,U2979,current,167353,0,1692
A4415,U2980,savings,60163,1,494
A4416,U2981,current,295002,0,369
A4417,U2982,current,56575,1,1337
A4418,U2982,current,276421,1,1337
A4419,U2983,savings,431444,0,692
A4420,U2983,current,541862,1,692
A4421,U2984,current,22951,0,57
A4422,U2984,current,30561,0,57
A4423,U2985,current,939371,0,315
A4424,U2985,current,490760,0,315
A4425,U2986,savings,216058,1,331
A4426,U2987,savings,28240,0,1051
A4427,U2987,current,25531,0,1051
A4428,U2988,savings,662454,1,79
A4429,U2989,savings,372029,1,1606
A4430,U2990,savings,273877,1,412
A4431,U2990,current,269839,1,412
A4432,U2991,current,96225,0,272
A4433,U2991,current,146108,1,272
A4434,U2992,current,464819,1,1990
A4435,U2993,current,782564,1,1820
A4436,U2994,savings,129754,1,452
A4437,U2995,savings,18151,0,1461
A4438,U2995,savings,46306,1,1461
A4439,U2996,savings,328521,0,475
A4440,U2997,savings,186093,1,1717
A4441,U2997,savings,131549,1,1717
A4442,U2998,current,240738,0,554
A4443,U2999,savings,64186,1,1274
A4444,U2999,savings,81181,1,1274
A4445,U3000,savings,136651,0,1630
A4446,U3000,savings,40886,0,1630
A4447,U3001,current,500736,0,1364
A4448,U3001,current,438267,1,1364
A4449,U3002,current,88530,1,202
A4450,U3003,savings,150087,1,106
A4451,U3003,savings,259690,0,106
A4452,U3004,savings,184231,0,1191
A4453,U3004,current,220260,1,1191
A4454,U3005,savings,170643,1,1902
A4455,U3005,savings,109871,0,1902
A4456,U3006,savings,6234,0,338
A4457,U3007,current,72417,1,1697
A4458,U3008,savings,23921,1,1704
A4459,U3009,savings,518733,1,1966
A4460,U3010,current,88406,1,136
A4461,U3010,current,183355,0,136
A4462,U3011,savings,203855,1,1701
A4463,U3011,current,152768,1,1701
A4464,U3012,savings,99399,0,305
A4465,U3013,current,61741,1,1583
A4466,U3013,savings,110322,1,1583
A4467,U3014,savings,42859,1,723
A4468,U3014,savings,71639,1,723
A4469,U3015,savings,82341,0,898
A4470,U3015,current,57299,0,898
A4471,U3016,savings,33699,0,412
A4472,U3016,current,45078,1,412
A4473,U3017,savings,341073,1,980
A4474,U3017,savings,194673,1,980
A4475,U3018,current,404624,1,447
A4476,U3019,current,215032,0,994
A4477,U3020,savings,420284,1,1754
A4478,U3021,current,620956,0,772
A4479,U3022,current,510686,1,1788
A4480,U3023,savings,32258,1,1147
A4481,U3023,savings,71464,1,1147
A4482,U3024,current,222213,1,496
A4483,U3024,current,515267,1,496
A4484,U3025,savings,60712,1,946
A4485,U3026,current,325236,0,273
A4486,U3026,savings,132123,0,273
A4487,U3027,current,432116,1,643
A4488,U3028,savings,76512,1,1536
A4489,U3029,current,26039,1,1650
A4490,U3029,current,48612,0,1650
A4491,U3030,savings,21843,1,1607
A4492,U3031,current,46469,1,1166
A4493,U3031,savings,7995,1,1166
A4494,U3032,savings,241253,0,1119
A4495,U3033,current,22659,1,1189
A4496,U3034,current,214650,1,49
A4497,U3034,savings,242197,0,49
A4498,U3035,savings,14810,0,1103
A4499,U3035,savings,22095,1,1103
A4500,U3036,savings,42194,0,1949
A4501,U3036,current,45673,0,1949
A4502,U3037,savings,375225,1,1047
A4503,U3037,current,352017,1,1047
A4504,U3038,current,20406,1,996
A4505,U3038,current,41589,1,996
A4506,U3039,current,45941,0,1467
A4507,U3039,current,55610,0,1467
A4508,U3040,savings,136698,1,1558
A4509,U3040,current,264014,0,1558
A4510,U3041,savings,22389,0,98
A4511,U3041,current,76641,0,98
A4512,U3042,savings,224054,1,202
A4513,U3043,savings,736529,1,555
A4514,U3044,savings,81261,0,1533
A4515,U3045,current,112848,0,1559
A4516,U3046,savings,36665,1,870
A4517,U3046,savings,75080,0,870
A4518,U3047,current,629573,0,1733
A4519,U3047,savings,464266,1,1733
A4520,U3048,savings,21759,0,436
A4521,U3049,current,105140,0,704
A4522,U3050,savings,5834,1,444
A4523,U3051,current,54835,0,231
A4524,U3051,savings,204293,1,231
A4525,U3052,savings,80771,1,49
A4526,U3053,current,157636,0,232
A4527,U3053,current,38571,1,232
A4528,U3054,savings,34145,0,1926
A4529,U3055,savings,63115,0,721
A4530,U3055,savings,19966,0,721
A4531,U3056,savings,51750,0,1464
A4532,U3056,current,14577,1,1464
A4533,U3057,savings,299670,1,866
A4534,U3058,current,27599,0,469
A4535,U3059,current,134711,0,422
A4536,U3060,current,604015,0,893
A4537,U3061,current,95140,0,149
A4538,U3062,current,22333,1,1622
A4539,U3063,savings,23423,1,1906
A4540,U3063,savings,75257,0,1906
A4541,U3064,savings,344867,0,348
A4542,U3064,savings,132241,1,348
A4543,U3065,savings,590888,1,1931
A4544,U3066,savings,234991,1,1922
A4545,U3066,current,269771,0,1922
A4546,U3067,current,58874,0,599
A4547,U3068,savings,429599,1,537
A4548,U3069,current,101102,1,38
A4549,U3070,savings,18670,1,662
A4550,U3071,savings,105916,1,900
A4551,U3072,savings,858831,0,1359
A4552,U3073,current,33266,0,1775
A4553,U3074,savings,19703,1,1815
A4554,U3075,savings,31104,1,821
A4555,U3076,current,507205,0,871
A4556,U3076,savings,150426,1,871
A4557,U3077,current,39172,0,1376
A4558,U3078,savings,24177,1,444
A4559,U3079,savings,309894,0,1509
A4560,U3080,current,33179,1,39
A4561,U3081,current,18360,1,632
A4562,U3081,savings,44072,0,632
A4563,U3082,savings,482841,1,472
A4564,U3082,current,253326,0,472
A4565,U3083,savings,632518,1,126
A4566,U3083,current,437040,1,126
A4567,U3084,savings,34444,1,742
A4568,U3084,savings,6851,0,742
A4569,U3085,savings,447333,0,1873
A4570,U3085,current,306791,1,1873
A4571,U3086,savings,60757,0,1391
A4572,U3087,current,38155,0,572
A4573,U3088,savings,281543,0,1525
A4574,U3088,savings,169551,0,1525
A4575,U3089,savings,236264,1,1397
A4576,U3090,current,117607,0,1468
A4577,U3091,savings,112395,1,1385
A4578,U3091,savings,148712,1,1385
A4579,U3092,savings,338985,0,1391
A4580,U3093,savings,431851,0,1825
A4581,U3094,savings,64826,0,1906
A4582,U3094,current,466954,1,1906
A4583,U3095,current,335917,0,1331
A4584,U3096,current,310313,0,1320
A4585,U3096,current,227745,0,1320
A4586,U3097,current,12474,1,802
A4587,U3097,current,64175,0,802
A4588,U3098,current,224102,1,1516
A4589,U3098,savings,493104,1,1516
A4590,U3099,savings,246876,0,643
A4591,U3100,savings,44909,1,128
A4592,U3100,savings,26651,0,128
A4593,U3101,current,491221,0,1889
A4594,U3101,savings,116107,1,1889
A4595,U3102,current,435624,1,1490
A4596,U3102,current,406531,0,1490
A4597,U3103,current,48484,0,1437
A4598,U3103,savings,96437,1,1437
A4599,U3104,current,266280,1,1215
A4600,U3105,savings,76736,0,1498
A4601,U3106,savings,138928,0,1059
A4602,U3107,current,312219,1,399
A4603,U3107,savings,255052,1,399
A4604,U3108,current,88917,0,184
A4605,U3108,current,328756,0,184
A4606,U3109,savings,8386,1,1458
A4607,U3110,savings,28212,0,256
A4608,U3111,current,831247,0,1131
A4609,U3111,current,152891,0,1131
A4610,U3112,current,32401,0,863
A4611,U3112,savings,15204,0,863
A4612,U3113,current,310066,0,289
A4613,U3114,savings,247608,1,1747
A4614,U3115,savings,202679,0,1526
A4615,U3115,current,54053,0,1526
A4616,U3116,savings,81334,1,350
A4617,U3116,savings,40302,1,350
A4618,U3117,savings,361270,1,300
A4619,U3117,savings,285918,0,300
A4620,U3118,current,48026,1,555
A4621,U3118,savings,187694,0,555
A4622,U3119,current,68758,0,453
A4623,U3119,savings,7476,0,453
A4624,U3120,savings,549037,0,1399
A4625,U3120,current,575060,1,1399
A4626,U3121,current,98392,1,938
A4627,U3121,current,303877,1,938
A4628,U3122,current,238742,1,518
A4629,U3123,savings,488782,1,814
A4630,U3123,savings,202297,1,814
A4631,U3124,savings,19694,1,1692
A4632,U3125,savings,81698,0,1090
A4633,U3125,current,118576,1,1090
A4634,U3126,current,11350,1,345
A4635,U3127,current,23780,1,1237
A4636,U3128,savings,60046,0,1169
A4637,U3129,current,86671,0,1818
A4638,U3130,savings,7218,1,1464
A4639,U3131,current,131359,0,873
A4640,U3131,current,71158,0,873
A4641,U3132,savings,189872,1,1922
A4642,U3133,current,470998,1,1174
A4643,U3134,current,24018,0,1831
A4644,U3135,savings,541600,1,1982
A4645,U3135,current,330810,1,1982
A4646,U3136,current,632125,1,1434
A4647,U3136,savings,607196,0,1434
A4648,U3137,current,544283,0,769
A4649,U3137,savings,199270,1,769
A4650,U3138,savings,85581,1,95
A4651,U3139,current,623674,0,1131
A4652,U3140,savings,23443,1,446
A4653,U3140,current,31190,1,446
A4654,U3141,savings,107471,1,198
A4655,U3142,savings,784712,1,392
A4656,U3142,savings,214906,1,392
A4657,U3143,current,10360,0,285
A4658,U3144,savings,155113,0,306
A4659,U3144,savings,352890,1,306
A4660,U3145,savings,66661,1,577
A4661,U3146,savings,47791,1,843
A4662,U3146,savings,6598,0,843
A4663,U3147,current,137572,1,241
A4664,U3148,current,101579,0,513
A4665,U3149,current,70604,0,327
A4666,U3149,savings,50778,1,327
A4667,U3150,current,68586,0,1346
A4668,U3150,savings,92279,1,1346
A4669,U3151,savings,46574,0,319
A4670,U3151,savings,62377,1,319
A4671,U3152,current,145495,1,110
A4672,U3152,current,67787,1,110
A4673,U3153,current,13893,0,472
A4674,U3154,savings,356849,0,246
A4675,U3155,current,91370,0,908
A4676,U3155,savings,253144,0,908
A4677,U3156,current,188671,0,642
A4678,U3157,current,85889,0,1042
A4679,U3158,savings,22520,0,71
A4680,U3159,current,126757,0,942
A4681,U3159,current,273073,0,942
A4682,U3160,current,12371,1,346
A4683,U3161,savings,151160,1,337
A4684,U3161,current,343778,0,337
A4685,U3162,savings,175279,1,1432
A4686,U3162,savings,88586,1,1432
A4687,U3163,savings,39588,1,1863
A4688,U3163,current,31661,1,1863
A4689,U3164,current,303505,0,1749
A4690,U3165,savings,102207,0,496
A4691,U3165,current,36300,1,496
A4692,U3166,current,247816,1,1458
A4693,U3167,current,34937,1,1178
A4694,U3167,savings,24105,0,1178
A4695,U3168,savings,13039,0,1256
A4696,U3168,savings,20298,0,1256
A4697,U3169,current,205728,0,1368
A4698,U3169,savings,150340,0,1368
A4699,U3170,current,84101,1,1166
A4700,U3171,current,63453,0,386
A4701,U3172,current,168920,0,492
A4702,U3173,current,652115,1,897
A4703,U3174,savings,38705,0,133
A4704,U3175,current,51372,0,1625
A4705,U3176,current,27595,1,343
A4706,U3177,current,459443,0,264
A4707,U3178,savings,312017,1,1666
A4708,U3178,savings,209396,1,1666
A4709,U3179,savings,60204,1,1001
A4710,U3179,savings,73858,0,1001
A4711,U3180,savings,42252,1,1732
A4712,U3181,savings,558782,0,732
A4713,U3181,current,68539,1,732
A4714,U3182,savings,512797,0,439
A4715,U3183,current,78502,0,1930
A4716,U3184,current,107381,1,1705
A4717,U3184,current,124452,1,1705
A4718,U3185,savings,53021,1,1574
A4719,U3185,savings,171537,0,1574
A4720,U3186,savings,128063,1,258
A4721,U3187,savings,189435,0,291
A4722,U3187,current,381891,0,291
A4723,U3188,savings,528265,1,1172
A4724,U3189,current,17916,0,972
A4725,U3190,savings,417980,0,167
A4726,U3191,savings,44823,0,296
A4727,U3191,savings,43424,1,296
A4728,U3192,current,147529,1,1889
A4729,U3192,current,151723,1,1889
A4730,U3193,savings,12947,1,402
A4731,U3193,savings,64249,0,402
A4732,U3194,current,69510,1,1484
A4733,U3194,current,164756,1,1484
A4734,U3195,savings,546919,1,530
A4735,U3196,current,44189,0,1572
A4736,U3197,current,105556,1,1372
A4737,U3198,savings,47519,0,1192
A4738,U3199,current,31975,0,912
A4739,U3200,savings,52025,1,1266
A4740,U3200,savings,178013,0,1266
A4741,U3201,savings,67795,0,673
A4742,U3202,current,44050,0,1578
A4743,U3202,savings,53288,0,1578
A4744,U3203,current,29987,0,1201
A4745,U3204,savings,416021,0,891
A4746,U3205,current,167954,1,1090
A4747,U3206,current,133195,1,294
A4748,U3206,current,139214,0,294
A4749,U3207,current,231173,1,596
A4750,U3208,current,55383,0,1840
A4751,U3208,current,170528,1,1840
A4752,U3209,current,283564,1,654
A4753,U3210,current,18302,1,437
A4754,U3211,savings,146671,1,616
A4755,U3211,current,37994,0,616
A4756,U3212,current,245840,1,212
A4757,U3212,current,431080,1,212
A4758,U3213,savings,417622,0,1100
A4759,U3213,current,424411,0,1100
A4760,U3214,savings,407840,1,839
A4761,U3214,savings,478969,1,839
A4762,U3215,current,216484,1,1445
A4763,U3216,current,42507,0,1217
A4764,U3216,current,52470,0,1217
A4765,U3217,savings,109251,1,1556
A4766,U3218,savings,166093,1,1663
A4767,U3219,savings,30928,1,467
A4768,U3219,current,21696,1,467
A4769,U3220,savings,299272,1,454
A4770,U3220,current,194001,0,454
A4771,U3221,current,14986,0,1815
A4772,U3222,savings,86686,0,1772
A4773,U3222,current,85190,1,1772
A4774,U3223,current,27944,1,1673
A4775,U3223,current,95002,0,1673
A4776,U3224,savings,345657,1,1491
A4777,U3224,savings,114093,1,1491
A4778,U3225,savings,450600,1,1610
A4779,U3225,savings,767154,0,1610
A4780,U3226,current,62284,0,1094
A4781,U3227,savings,604995,0,263
A4782,U3227,savings,285373,0,263
A4783,U3228,savings,663402,0,1966
A4784,U3229,savings,4629,0,1903
A4785,U3230,savings,402862,1,1285
A4786,U3231,current,317326,1,403
A4787,U3231,current,412600,0,403
A4788,U3232,current,10669,1,362
A4789,U3233,savings,22088,1,595
A4790,U3234,current,228826,1,1029
A4791,U3235,current,174406,1,1268
A4792,U3235,current,97535,1,1268
A4793,U3236,savings,47058,1,1181
A4794,U3236,current,34502,0,1181
A4795,U3237,current,124352,1,1525
A4796,U3238,savings,224268,1,1938
A4797,U3238,current,131835,1,1938
A4798,U3239,savings,53145,1,1019
A4799,U3240,current,230306,1,657
A4800,U3240,savings,338880,0,657
A4801,U3241,savings,171259,1,125
A4802,U3241,savings,100916,1,125
A4803,U3242,savings,190318,0,1002
A4804,U3243,current,115157,1,1054
A4805,U3244,savings,498526,1,1702
A4806,U3244,savings,484754,0,1702
A4807,U3245,current,26844,0,1914
A4808,U3245,savings,27994,0,1914
A4809,U3246,current,48285,0,265
A4810,U3247,savings,243915,1,754
A4811,U3247,savings,224025,1,754
A4812,U3248,current,397782,0,39
A4813,U3249,savings,59246,0,1312
A4814,U3249,savings,166216,1,1312
A4815,U3250,current,259768,1,1008
A4816,U3251,current,121554,0,1937
A4817,U3251,savings,90344,0,1937
A4818,U3252,savings,50793,1,152
A4819,U3253,current,11632,1,185
A4820,U3254,current,32157,0,1749
A4821,U3255,current,55613,1,1879
A4822,U3255,current,37918,0,1879
A4823,U3256,current,5404,0,374
A4824,U3257,current,15426,0,1312
A4825,U3257,savings,28100,0,1312
A4826,U3258,current,37593,1,112
A4827,U3259,savings,25614,1,1252
A4828,U3260,current,565566,1,1847
A4829,U3260,current,384479,1,1847
A4830,U3261,current,61444,1,1100
A4831,U3261,savings,54408,0,1100
A4832,U3262,current,257168,1,1576
A4833,U3263,savings,276418,1,669
A4834,U3263,current,311226,1,669
A4835,U3264,current,56423,1,448
A4836,U3265,current,38799,1,263
A4837,U3265,savings,22743,1,263
A4838,U3266,current,244165,1,1893
A4839,U3267,savings,5774,1,1836
A4840,U3267,current,19519,0,1836
A4841,U3268,savings,166432,1,1095
A4842,U3269,current,67434,0,411
A4843,U3270,current,244423,1,549
A4844,U3270,current,462720,0,549
A4845,U3271,current,478661,1,543
A4846,U3271,savings,348092,0,543
A4847,U3272,current,121370,0,1349
A4848,U3272,savings,620269,0,1349
A4849,U3273,current,13214,0,1271
A4850,U3273,savings,58812,0,1271
A4851,U3274,savings,96033,1,207
A4852,U3274,savings,91464,0,207
A4853,U3275,current,4781,1,1526
A4854,U3275,current,18675,1,1526
A4855,U3276,current,56885,0,1259
A4856,U3276,savings,27822,0,1259
A4857,U3277,savings,80108,0,751
A4858,U3277,current,88353,1,751
A4859,U3278,savings,263451,0,1862
A4860,U3278,current,86605,0,1862
A4861,U3279,current,25623,0,805
A4862,U3280,savings,15418,0,1449
A4863,U3281,savings,128527,0,843
A4864,U3282,savings,146274,0,1597
A4865,U3283,current,368199,1,446
A4866,U3283,savings,485198,1,446
A4867,U3284,savings,22245,1,533
A4868,U3285,current,139512,1,874
A4869,U3285,current,419628,0,874
A4870,U3286,savings,169945,0,1927
A4871,U3287,savings,52745,1,1716
A4872,U3288,current,187949,1,481
A4873,U3288,current,366903,1,481
A4874,U3289,savings,109649,1,1378
A4875,U3289,current,90786,0,1378
A4876,U3290,current,842874,1,1692
A4877,U3290,savings,615087,0,1692
A4878,U3291,savings,519903,0,481
A4879,U3291,savings,486258,0,481
A4880,U3292,current,117260,0,648
A4881,U3292,current,280786,0,648
A4882,U3293,current,18616,0,866
A4883,U3294,savings,29995,0,1961
A4884,U3294,savings,43143,1,1961
A4885,U3295,current,520606,0,1287
A4886,U3295,savings,497435,1,1287
A4887,U3296,current,372096,0,271
A4888,U3296,current,79804,0,271
A4889,U3297,savings,230724,0,1244
A4890,U3297,savings,317723,1,1244
A4891,U3298,current,163043,1,284
A4892,U3299,savings,220528,0,1761
A4893,U3300,current,58929,1,466
A4894,U3301,current,480324,1,1805
A4895,U3301,current,461300,0,1805
A4896,U3302,savings,109452,1,1306
A4897,U3303,savings,411178,0,1532
A4898,U3303,current,432954,0,1532
A4899,U3304,current,86746,1,438
A4900,U3305,savings,256516,1,1951
A4901,U3305,savings,162299,0,1951
A4902,U3306,current,601010,1,753
A4903,U3307,savings,516069,0,270
A4904,U3308,savings,9111,0,1110
A4905,U3308,current,10961,0,1110
A4906,U3309,savings,282984,1,1870
A4907,U3309,current,150172,0,1870
A4908,U3310,current,449658,1,794
A4909,U3311,current,431319,0,355
A4910,U3312,current,257535,1,629
A4911,U3313,current,65502,1,1655
A4912,U3314,current,147440,0,1319
A4913,U3314,savings,31730,1,1319
A4914,U3315,current,137665,0,1132
A4915,U3315,current,163261,0,1132
A4916,U3316,current,5416,0,1330
A4917,U3316,savings,17625,0,1330
A4918,U3317,current,501163,1,1307
A4919,U3318,current,179926,1,1727
A4920,U3319,current,159909,1,1154
A4921,U3320,current,9794,1,33
A4922,U3320,current,21124,1,33
A4923,U3321,current,216043,0,46
A4924,U3322,current,65764,1,861
A4925,U3323,current,138383,1,1435
A4926,U3323,current,141107,0,1435
A4927,U3324,savings,9919,0,92
A4928,U3324,current,40964,0,92
A4929,U3325,savings,15693,0,348
A4930,U3326,current,335507,1,1114
A4931,U3326,savings,694117,0,1114
A4932,U3327,savings,388700,1,1907
A4933,U3328,savings,302052,1,858
A4934,U3328,current,483438,1,858
A4935,U3329,current,195003,0,1910
A4936,U3329,savings,188831,0,1910
A4937,U3330,current,298892,0,823
A4938,U3330,current,305094,1,823
A4939,U3331,savings,174455,0,1593
A4940,U3331,savings,170922,1,1593
A4941,U3332,savings,158642,0,1538
A4942,U3332,savings,73630,0,1538
A4943,U3333,current,9758,0,603
A4944,U3333,savings,30377,1,603
A4945,U3334,savings,28448,1,1366
A4946,U3335,savings,141901,0,1191
A4947,U3335,savings,310703,0,1191
A4948,U3336,current,34733,1,722
A4949,U3337,current,204358,1,1422
A4950,U3337,savings,797399,1,1422
A4951,U3338,savings,9926,1,949
A4952,U3339,savings,58131,0,945
A4953,U3340,savings,27614,0,500
A4954,U3340,savings,18181,0,500
A4955,U3341,current,541702,1,314
A4956,U3342,savings,134256,1,78
A4957,U3343,current,33353,1,1867
A4958,U3343,current,60897,0,1867
A4959,U3344,current,307107,1,1337
A4960,U3345,current,66188,1,181
A4961,U3345,current,328978,1,181
A4962,U3346,savings,374632,1,1947
A4963,U3347,savings,43318,1,133
A4964,U3348,savings,221933,0,1708
A4965,U3348,savings,166366,1,1708
A4966,U3349,savings,469053,0,1680
A4967,U3349,savings,774265,0,1680
A4968,U3350,current,138958,0,550
A4969,U3351,current,247757,1,1265
A4970,U3352,current,261615,1,990
A4971,U3353,savings,45118,1,1075
A4972,U3354,savings,242894,1,1587
A4973,U3354,savings,167416,1,1587
A4974,U3355,current,193476,1,234
A4975,U3356,current,833675,1,565
A4976,U3356,savings,174189,0,565
A4977,U3357,current,185769,0,1593
A4978,U3357,savings,43821,0,1593
A4979,U3358,current,528791,1,1452
A4980,U3358,current,448236,0,1452
A4981,U3359,savings,75170,1,588
A4982,U3359,current,85089,0,588
A4983,U3360,savings,340830,0,298
A4984,U3360,savings,277523,0,298
A4985,U3361,savings,525553,0,109
A4986,U3362,savings,43404,0,206
A4987,U3362,savings,20469,1,206
A4988,U3363,savings,41130,1,1149
A4989,U3364,current,54761,0,469
A4990,U3364,current,117291,0,469
A4991,U3365,current,134209,1,1633
A4992,U3366,savings,88703,0,1241
A4993,U3367,savings,166219,1,1495
A4994,U3368,savings,94527,1,569
A4995,U3369,current,357855,1,1905
A4996,U3369,current,334580,1,1905
A4997,U3370,current,541654,0,1815
A4998,U3370,savings,404604,0,1815
A4999,U3371,current,24021,0,1240
A5000,U3372,current,350409,1,1051
A5001,U3373,savings,180718,1,171
A5002,U3373,savings,276326,0,171
A5003,U3374,current,49646,0,1813
A5004,U3374,current,41603,1,1813
A5005,U3375,current,65550,1,591
A5006,U3375,current,85553,1,591
A5007,U3376,current,130956,0,1557
A5008,U3376,current,212809,0,1557
A5009,U3377,current,697361,0,619
A5010,U3378,savings,108756,0,880
A5011,U3378,current,539643,0,880
A5012,U3379,savings,141524,0,85
A5013,U3380,savings,11701,0,217
A5014,U3381,savings,373201,1,604
A5015,U3382,savings,193191,0,492
A5016,U3383,current,371368,0,1826
A5017,U3384,current,26215,0,1622
A5018,U3385,current,27978,1,1038
A5019,U3385,savings,21582,1,1038
A5020,U3386,savings,111706,1,238
A5021,U3387,current,123616,0,1471
A5022,U3387,savings,106175,0,1471
A5023,U3388,savings,28764,1,1832
A5024,U3389,savings,170177,1,1252
A5025,U3389,savings,136718,1,1252
A5026,U3390,current,73131,0,1139
A5027,U3391,current,432658,0,502
A5028,U3391,savings,72601,1,502
A5029,U3392,current,42265,0,1120
A5030,U3392,savings,66038,1,1120
A5031,U3393,current,8029,0,196
A5032,U3393,current,49080,0,196
A5033,U3394,current,17007,0,1867
A5034,U3394,current,13675,1,1867
A5035,U3395,current,125227,0,281
A5036,U3396,savings,527714,1,1814
A5037,U3397,savings,434024,1,858
A5038,U3397,current,201008,0,858
A5039,U3398,current,65794,0,918
A5040,U3398,savings,32867,0,918
A5041,U3399,savings,73046,0,1592
A5042,U3400,savings,161680,1,332
A5043,U3401,savings,39141,0,884
A5044,U3402,current,278902,0,1855
A5045,U3403,savings,190025,1,1268
A5046,U3404,savings,113271,0,1719
A5047,U3404,savings,287698,1,1719
A5048,U3405,savings,15227,0,246
A5049,U3406,savings,30705,1,1720
A5050,U3407,savings,714887,1,457
A5051,U3407,current,638649,1,457
A5052,U3408,current,89619,1,405
A5053,U3408,current,276786,1,405
A5054,U3409,current,25318,1,542
A5055,U3409,current,154637,0,542
A5056,U3410,savings,50793,1,1450
A5057,U3410,current,122150,0,1450
A5058,U3411,savings,25852,1,865
A5059,U3411,savings,35686,0,865
A5060,U3412,current,489380,1,1058
A5061,U3412,current,388540,0,1058
A5062,U3413,savings,13784,0,660
A5063,U3414,current,83339,0,1082
A5064,U3415,current,36695,1,1927
A5065,U3415,savings,57945,0,1927
A5066,U3416,current,743211,0,1879
A5067,U3416,savings,264508,0,1879
A5068,U3417,current,212979,0,1549
A5069,U3418,current,92535,0,863
A5070,U3418,savings,80816,1,863
A5071,U3419,savings,62313,0,539
A5072,U3419,savings,76381,1,539
A5073,U3420,current,25866,1,356
A5074,U3420,savings,14048,0,356
A5075,U3421,current,16354,0,1036
A5076,U3422,current,40646,0,1053
A5077,U3422,current,49165,0,1053
A5078,U3423,savings,369460,0,906
A5079,U3423,savings,770482,0,906
A5080,U3424,current,333791,1,549
A5081,U3424,savings,370035,1,549
A5082,U3425,current,51446,1,495
A5083,U3426,savings,6193,0,524
A5084,U3426,current,25789,1,524
A5085,U3427,current,94687,0,364
A5086,U3427,savings,48299,0,364
A5087,U3428,current,78286,0,678
A5088,U3429,savings,83846,1,1733
A5089,U3430,current,6924,1,1545
A5090,U3430,savings,42490,0,1545
A5091,U3431,current,281602,1,1146
A5092,U3431,current,427482,1,1146
A5093,U3432,savings,35133,0,798
A5094,U3433,current,434242,1,756
A5095,U3434,savings,491112,0,1174
A5096,U3435,savings,26708,1,316
A5097,U3436,current,63012,0,1988
A5098,U3436,savings,440304,0,1988
A5099,U3437,current,319819,0,60
A5100,U3438,current,69548,1,1832
A5101,U3439,current,16079,0,753
A5102,U3439,current,63951,1,753
A5103,U3440,current,151892,0,693
A5104,U3440,savings,148643,0,693
A5105,U3441,savings,119907,0,1878
A5106,U3441,current,42719,0,1878
A5107,U3442,current,114149,1,1731
A5108,U3442,savings,394966,0,1731
A5109,U3443,current,127759,0,1234
A5110,U3444,savings,895491,0,198
A5111,U3445,current,35753,1,533
A5112,U3446,savings,577810,1,1314
A5113,U3447,savings,45734,0,1112
A5114,U3447,savings,26108,1,1112
A5115,U3448,current,297952,1,258
A5116,U3449,savings,345311,0,1876
A5117,U3449,savings,313529,1,1876
A5118,U3450,current,42801,1,1511
A5119,U3451,savings,434033,0,1603
A5120,U3451,savings,791433,1,1603
A5121,U3452,current,58863,1,1165
A5122,U3452,current,29983,1,1165
A5123,U3453,savings,489898,0,1785
A5124,U3453,current,367680,1,1785
A5125,U3454,current,345971,1,1213
A5126,U3455,savings,427745,0,1282
A5127,U3456,current,13923,0,605
A5128,U3457,savings,179674,1,653
A5129,U3457,current,115593,0,653
A5130,U3458,current,86018,0,958
A5131,U3459,savings,35195,0,376
A5132,U3460,current,602471,1,1025
A5133,U3460,savings,148250,0,1025
A5134,U3461,savings,379791,1,391
A5135,U3461,savings,522137,0,391
A5136,U3462,savings,135505,1,1748
A5137,U3463,savings,96642,1,1731
A5138,U3464,current,103117,1,1635
A5139,U3465,savings,30636,1,1766
A5140,U3466,savings,377025,1,649
A5141,U3467,current,36522,0,433
A5142,U3467,current,9484,0,433
A5143,U3468,savings,337852,1,631
A5144,U3469,savings,45114,0,399
A5145,U3470,current,72061,1,696
A5146,U3470,savings,19936,0,696
A5147,U3471,current,103407,0,801
A5148,U3471,savings,513536,0,801
A5149,U3472,current,87828,0,394
A5150,U3472,current,531303,1,394
A5151,U3473,current,51594,1,317
A5152,U3474,current,416343,0,121
A5153,U3474,current,356851,1,121
A5154,U3475,current,323165,0,1899
A5155,U3475,savings,83739,0,1899
A5156,U3476,current,825393,0,1639
A5157,U3477,savings,42585,0,515
A5158,U3477,current,66808,0,515
A5159,U3478,savings,287203,0,1588
A5160,U3478,current,279545,1,1588
A5161,U3479,savings,70606,0,329
A5162,U3479,current,195017,1,329
A5163,U3480,savings,50468,1,1193
A5164,U3480,current,75090,1,1193
A5165,U3481,current,36462,1,187
A5166,U3481,current,276290,0,187
A5167,U3482,savings,10035,1,360
A5168,U3483,current,68098,0,1191
A5169,U3483,savings,204092,0,1191
A5170,U3484,savings,165180,0,62
A5171,U3485,savings,339494,0,323
A5172,U3486,savings,11753,0,426
A5173,U3486,current,46507,1,426
A5174,U3487,savings,169877,0,265
A5175,U3487,current,206512,1,265
A5176,U3488,current,296681,1,284
A5177,U3489,savings,162747,1,287
A5178,U3490,current,394001,1,882
A5179,U3490,current,217988,1,882
A5180,U3491,savings,32860,0,1475
A5181,U3491,savings,23159,1,1475
A5182,U3492,current,268125,0,1754
A5183,U3493,current,45061,0,1704
A5184,U3494,current,7638,0,434
A5185,U3494,current,30876,1,434
A5186,U3495,current,263507,0,1374
A5187,U3495,savings,201356,0,1374
A5188,U3496,current,180262,1,1656
A5189,U3497,current,95083,1,626
A5190,U3498,current,13717,0,485
A5191,U3498,current,12852,0,485
A5192,U3499,current,95308,0,859
A5193,U3500,savings,51507,0,1122
A5194,U3501,savings,11294,0,805
A5195,U3502,current,157447,0,793
A5196,U3502,current,695175,0,793
A5197,U3503,savings,47436,1,1096
A5198,U3503,savings,8031,1,1096
A5199,U3504,savings,244210,1,1951
A5200,U3504,current,507953,1,1951
A5201,U3505,savings,30398,1,169
A5202,U3506,savings,534556,1,228
A5203,U3507,savings,28965,1,527
A5204,U3508,current,21258,1,1642
A5205,U3509,savings,682386,1,1630
A5206,U3509,current,444826,1,1630
A5207,U3510,current,175270,0,1854
A5208,U3511,current,482005,0,1886
A5209,U3511,savings,477145,0,1886
A5210,U3512,savings,413476,0,55
A5211,U3512,current,457640,0,55
A5212,U3513,current,337787,0,943
A5213,U3514,current,10869,0,548
A5214,U3515,savings,44907,1,1184
A5215,U3515,savings,33452,0,1184
A5216,U3516,savings,79881,1,1677
A5217,U3517,savings,277619,1,1695
A5218,U3518,savings,110113,0,1186
A5219,U3518,current,173543,1,1186
A5220,U3519,savings,440321,1,912
A5221,U3520,current,26620,1,180
A5222,U3521,current,204066,0,433
A5223,U3522,current,48540,0,355
A5224,U3522,current,51135,1,355
A5225,U3523,savings,15903,0,496
A5226,U3523,current,11532,0,496
A5227,U3524,current,69388,0,285
A5228,U3524,savings,92590,0,285
A5229,U3525,savings,14849,1,457
A5230,U3525,current,26840,0,457
A5231,U3526,current,407357,0,1761
A5232,U3526,current,433366,1,1761
A5233,U3527,current,69959,1,608
A5234,U3527,current,399657,1,608
A5235,U3528,savings,328344,1,1487
A5236,U3529,current,81155,0,1680
A5237,U3530,current,60620,0,440
A5238,U3531,savings,458697,1,1392
A5239,U3532,savings,374247,0,1459
A5240,U3532,savings,295940,1,1459
A5241,U3533,current,377161,1,405
A5242,U3534,savings,234083,1,1761
A5243,U3534,savings,274855,0,1761
A5244,U3535,current,43440,0,349
A5245,U3535,savings,83505,1,349
A5246,U3536,current,9209,0,1369
A5247,U3536,current,17571,1,1369
A5248,U3537,current,92703,0,122
A5249,U3537,savings,178080,0,122
A5250,U3538,savings,43354,0,467
A5251,U3538,savings,42999,1,467
A5252,U3539,savings,94974,0,1456
A5253,U3540,savings,12401,1,365
A5254,U3540,savings,16578,0,365
A5255,U3541,current,26282,0,225
A5256,U3542,savings,33877,0,1101
A5257,U3543,current,985146,0,876
A5258,U3543,savings,509933,0,876
A5259,U3544,current,56947,1,987
A5260,U3545,current,47898,1,1544
A5261,U3545,current,71015,0,1544
A5262,U3546,current,140668,0,1628
A5263,U3547,savings,197944,1,1998
A5264,U3548,current,80683,1,338
A5265,U3548,savings,14945,0,338
A5266,U3549,savings,233357,0,1410
A5267,U3550,current,192338,1,1932
A5268,U3551,current,27576,0,1222
A5269,U3552,current,41792,0,1541
A5270,U3553,savings,65345,0,1972
A5271,U3554,current,31131,1,30
A5272,U3554,current,28089,0,30
A5273,U3555,current,167490,1,127
A5274,U3555,current,123062,0,127
A5275,U3556,savings,17322,1,1911
A5276,U3556,savings,4992,1,1911
A5277,U3557,savings,77728,0,788
A5278,U3557,savings,74376,1,788
A5279,U3558,current,51189,1,1225
A5280,U3558,current,14095,1,1225
A5281,U3559,savings,480930,0,444
A5282,U3560,current,69541,1,1141
A5283,U3560,savings,26960,0,1141
A5284,U3561,current,403577,1,1736
A5285,U3561,savings,119865,1,1736
A5286,U3562,current,43689,1,210
A5287,U3563,current,22470,1,1267
A5288,U3564,savings,69581,1,977
A5289,U3564,savings,71304,0,977
A5290,U3565,current,122964,0,1100
A5291,U3566,savings,489108,1,178
A5292,U3567,savings,291165,1,387
A5293,U3568,current,28227,1,448
A5294,U3569,current,225655,0,604
A5295,U3569,current,553917,1,604
A5296,U3570,savings,84998,0,1837
A5297,U3570,current,16622,0,1837
A5298,U3571,current,31484,0,1032
A5299,U3571,savings,24128,0,1032
A5300,U3572,savings,289359,0,333
A5301,U3572,savings,436229,1,333
A5302,U3573,savings,407503,0,625
A5303,U3574,savings,83512,1,1454
A5304,U3575,savings,23645,1,1810
A5305,U3576,savings,11026,0,482
A5306,U3577,current,30367,1,895
A5307,U3578,savings,93483,0,1827
A5308,U3579,current,49301,1,982
A5309,U3580,savings,29535,0,1187
A5310,U3581,current,155869,1,1493
A5311,U3582,current,110878,1,60
A5312,U3582,savings,20242,1,60
A5313,U3583,savings,44982,1,1583
A5314,U3584,current,61080,1,1344
A5315,U3584,current,15241,0,1344
A5316,U3585,savings,116017,1,1409
A5317,U3586,savings,12474,1,888
A5318,U3587,savings,260201,1,1949
A5319,U3588,savings,304402,1,1681
A5320,U3588,savings,233947,0,1681
A5321,U3589,current,464545,0,475
A5322,U3589,current,525047,0,475
A5323,U3590,current,8605,1,1592
A5324,U3591,current,457202,0,934
A5325,U3591,savings,197878,0,934
A5326,U3592,current,286679,1,165
A5327,U3593,savings,154419,1,1596
A5328,U3593,current,188837,1,1596
A5329,U3594,savings,83651,0,308
A5330,U3594,savings,212177,1,308
A5331,U3595,savings,259799,0,1209
A5332,U3595,savings,294766,0,1209
A5333,U3596,current,171523,0,1110
A5334,U3596,savings,417846,1,1110
A5335,U3597,savings,56367,1,742
A5336,U3597,savings,69039,0,742
A5337,U3598,current,24486,0,1839
A5338,U3598,savings,137529,0,1839
A5339,U3599,current,57719,1,543
A5340,U3599,savings,31784,0,543
A5341,U3600,current,50193,0,1723
A5342,U3601,current,17877,1,612
A5343,U3601,current,43748,0,612
A5344,U3602,current,62173,0,569
A5345,U3603,current,730685,0,1069
A5346,U3604,current,116177,1,1432
A5347,U3605,current,303623,0,1804
A5348,U3606,savings,21564,0,837
A5349,U3606,savings,22460,1,837
A5350,U3607,current,218478,0,1510
A5351,U3607,savings,458492,0,1510
A5352,U3608,savings,293087,0,635
A5353,U3609,savings,506240,1,1673
A5354,U3609,current,436396,0,1673
A5355,U3610,current,48194,0,1811
A5356,U3610,current,73009,0,1811
A5357,U3611,current,415499,0,1311
A5358,U3612,current,56754,0,1794
A5359,U3613,savings,240004,0,1868
A5360,U3613,savings,233021,1,1868
A5361,U3614,current,101889,1,513
A5362,U3615,current,118378,1,300
A5363,U3615,savings,213911,0,300
A5364,U3616,savings,74889,0,244
A5365,U3616,current,383382,1,244
A5366,U3617,savings,13653,0,1001
A5367,U3617,current,4454,0,1001
A5368,U3618,savings,210300,1,1146
A5369,U3619,savings,230312,1,500
A5370,U3619,savings,406822,0,500
A5371,U3620,savings,27335,1,792
A5372,U3621,savings,68203,1,1137
A5373,U3622,current,78024,0,1581
A5374,U3623,current,25515,0,1761
A5375,U3623,savings,143745,1,1761
A5376,U3624,current,203779,1,1824
A5377,U3624,current,147691,0,1824
A5378,U3625,current,59721,1,887
A5379,U3625,current,58283,1,887
A5380,U3626,current,25386,0,1045
A5381,U3626,savings,25673,1,1045
A5382,U3627,savings,49967,1,222
A5383,U3627,current,12905,1,222
A5384,U3628,savings,298065,1,1928
A5385,U3629,savings,74074,1,1284
A5386,U3630,savings,114655,1,1425
A5387,U3631,savings,73171,0,303
A5388,U3631,savings,153074,1,303
A5389,U3632,savings,80274,0,1358
A5390,U3633,savings,344146,0,1036
A5391,U3633,current,131024,1,1036
A5392,U3634,savings,47237,1,473
A5393,U3634,savings,26739,1,473
A5394,U3635,savings,24811,1,1581
A5395,U3636,savings,102631,0,1771
A5396,U3636,savings,109164,1,1771
A5397,U3637,current,198830,0,628
A5398,U3637,current,459362,1,628
A5399,U3638,savings,283226,0,1831
A5400,U3639,savings,455911,1,119
A5401,U3640,current,103096,0,276
A5402,U3640,current,357539,0,276
A5403,U3641,savings,9178,0,1927
A5404,U3642,current,384057,1,974
A5405,U3643,savings,430575,0,1376
A5406,U3644,savings,435145,0,339
A5407,U3645,current,125737,1,1025
A5408,U3645,savings,62765,0,1025
A5409,U3646,current,153691,0,655
A5410,U3647,savings,199214,1,1370
A5411,U3647,current,527746,0,1370
A5412,U3648,savings,29658,0,1370
A5413,U3649,savings,66748,1,1387
A5414,U3650,savings,331698,1,105
A5415,U3651,current,67351,0,435
A5416,U3652,current,39919,0,36
A5417,U3652,current,20918,0,36
A5418,U3653,savings,90845,0,1528
A5419,U3653,savings,95612,0,1528
A5420,U3654,savings,32084,1,819
A5421,U3655,current,26884,1,143
A5422,U3656,current,757243,1,42
A5423,U3656,savings,202772,0,42
A5424,U3657,current,13111,1,391
A5425,U3658,savings,402782,1,498
A5426,U3658,savings,479817,0,498
A5427,U3659,current,32918,0,903
A5428,U3659,current,32542,1,903
A5429,U3660,savings,340820,0,1248
A5430,U3660,current,185298,1,1248
A5431,U3661,current,270656,1,1920
A5432,U3661,current,127379,0,1920
A5433,U3662,savings,119111,0,1878
A5434,U3662,savings,123431,1,1878
A5435,U3663,current,24629,0,387
A5436,U3664,current,103223,1,1602
A5437,U3665,current,29279,1,1238
A5438,U3666,current,79795,0,599
A5439,U3667,current,70737,1,533
A5440,U3667,current,53614,1,533
A5441,U3668,current,346552,0,1956
A5442,U3669,savings,253207,0,1702
A5443,U3670,savings,35053,1,1415
A5444,U3670,savings,62593,0,1415
A5445,U3671,savings,6699,1,1252
A5446,U3672,savings,15252,1,1495
A5447,U3672,savings,31953,0,1495
A5448,U3673,savings,136322,1,709
A5449,U3674,current,247852,1,397
A5450,U3674,savings,269461,0,397
A5451,U3675,current,185832,0,694
A5452,U3675,current,110324,0,694
A5453,U3676,savings,54616,1,30
A5454,U3677,current,118646,0,648
A5455,U3678,savings,293356,1,273
A5456,U3678,savings,169669,1,273
A5457,U3679,current,81538,1,1243
A5458,U3680,current,416114,0,1173
A5459,U3681,current,38271,1,921
A5460,U3682,savings,16043,1,1042
A5461,U3683,savings,10939,0,1789
A5462,U3684,current,365085,0,1115
A5463,U3685,current,112720,1,1898
A5464,U3685,current,423607,0,1898
A5465,U3686,savings,404670,1,1544
A5466,U3687,current,302842,1,1868
A5467,U3688,current,116929,1,652
A5468,U3688,savings,128008,1,652
A5469,U3689,current,463832,1,181
A5470,U3690,savings,103445,0,408
A5471,U3690,savings,491599,0,408
A5472,U3691,savings,397439,1,251
A5473,U3692,savings,17099,1,754
A5474,U3693,savings,41041,0,1575
A5475,U3694,current,115804,1,1632
A5476,U3694,current,249825,1,1632
A5477,U3695,current,20756,1,978
A5478,U3695,savings,61656,0,978
A5479,U3696,current,141093,0,440
A5480,U3697,current,5426,0,659
A5481,U3697,savings,21373,0,659
A5482,U3698,current,211668,1,1887
A5483,U3699,savings,98445,0,1191
A5484,U3700,savings,312642,0,640
A5485,U3701,current,26376,0,1907
A5486,U3702,savings,25061,1,395
A5487,U3703,current,94593,0,536
A5488,U3703,savings,50701,0,536
A5489,U3704,current,229573,1,1628
A5490,U3704,savings,42750,1,1628
A5491,U3705,current,149803,0,189
A5492,U3705,savings,305033,0,189
A5493,U3706,current,209817,1,1119
A5494,U3707,current,87213,1,742
A5495,U3707,savings,105078,0,742
A5496,U3708,savings,482493,1,1153
A5497,U3709,current,19717,0,54
A5498,U3710,savings,227994,1,1146
A5499,U3710,savings,486366,1,1146
A5500,U3711,savings,56734,0,852
A5501,U3711,current,12649,1,852
A5502,U3712,savings,59754,0,1566
A5503,U3712,current,13214,0,1566
A5504,U3713,current,33303,1,1928
A5505,U3713,savings,97602,0,1928
A5506,U3714,current,194402,0,324
A5507,U3715,savings,256977,1,1324
A5508,U3716,current,110221,0,505
A5509,U3716,savings,62082,1,505
A5510,U3717,savings,214269,1,452
A5511,U3718,savings,478051,0,830
A5512,U3718,savings,298994,1,830
A5513,U3719,current,73375,1,553
A5514,U3719,savings,415859,1,553
A5515,U3720,savings,702563,1,835
A5516,U3720,current,463095,1,835
A5517,U3721,current,22104,1,1100
A5518,U3721,current,24406,0,1100
A5519,U3722,savings,10371,0,1180
A5520,U3722,current,45711,1,1180
A5521,U3723,current,174946,0,1242
A5522,U3723,savings,50813,0,1242
A5523,U3724,current,152331,1,800
A5524,U3725,savings,368783,0,193
A5525,U3726,current,35503,1,205
A5526,U3727,current,135221,1,1312
A5527,U3728,current,6740,1,1366
A5528,U3729,current,656235,1,1647
A5529,U3729,savings,620904,0,1647
A5530,U3730,current,49196,0,1756
A5531,U3730,current,22626,0,1756
A5532,U3731,savings,117674,1,1247
A5533,U3731,current,140792,0,1247
A5534,U3732,savings,21631,0,1324
A5535,U3732,savings,19378,0,1324
A5536,U3733,savings,25639,1,896
A5537,U3734,current,30783,1,178
A5538,U3734,current,61631,0,178
A5539,U3735,current,103521,1,992
A5540,U3736,savings,86682,0,33
A5541,U3736,current,80556,1,33
A5542,U3737,current,299712,0,698
A5543,U3737,savings,317287,0,698
A5544,U3738,current,179158,1,1526
A5545,U3738,savings,88374,0,1526
A5546,U3739,savings,366522,0,936
A5547,U3740,current,100794,0,1456
A5548,U3740,savings,38135,0,1456
A5549,U3741,savings,181977,0,766
A5550,U3741,current,213315,1,766
A5551,U3742,savings,211323,1,559
A5552,U3743,current,40133,1,1916
A5553,U3743,savings,23046,0,1916
A5554,U3744,current,217874,1,950
A5555,U3745,current,143124,0,42
A5556,U3745,savings,220962,0,42
A5557,U3746,savings,424538,0,1971
A5558,U3747,savings,217626,0,49
A5559,U3747,current,339736,1,49
A5560,U3748,savings,164727,0,1274
A5561,U3748,savings,172123,0,1274
A5562,U3749,current,34138,1,624
A5563,U3750,current,26525,0,1548
A5564,U3750,current,27258,1,1548
A5565,U3751,savings,13223,1,378
A5566,U3751,savings,74016,0,378
A5567,U3752,savings,254876,0,780
A5568,U3753,savings,22141,1,1034
A5569,U3753,current,60519,0,1034
A5570,U3754,savings,15901,0,1600
A5571,U3755,savings,485848,0,1467
A5572,U3756,savings,107501,1,1157
A5573,U3756,current,155216,1,1157
A5574,U3757,savings,221445,1,447
A5575,U3757,current,133257,1,447
A5576,U3758,savings,28760,0,1552
A5577,U3759,savings,14688,0,1267
A5578,U3760,current,80610,1,81
A5579,U3760,savings,20329,1,81
A5580,U3761,savings,166697,1,1240
A5581,U3762,savings,703901,0,1852
A5582,U3763,savings,90644,1,1916
A5583,U3763,current,29507,0,1916
A5584,U3764,savings,262508,0,1830
A5585,U3764,savings,318680,0,1830
A5586,U3765,current,447131,1,550
A5587,U3765,current,323199,1,550
A5588,U3766,current,56202,1,262
A5589,U3767,current,43005,1,658
A5590,U3768,current,88174,1,724
A5591,U3769,savings,132737,1,498
A5592,U3770,savings,68594,1,963
A5593,U3770,current,21902,0,963
A5594,U3771,savings,72670,0,943
A5595,U3771,current,95117,0,943
A5596,U3772,savings,324451,1,1978
A5597,U3773,current,146691,0,1610
A5598,U3773,savings,28050,1,1610
A5599,U3774,current,179761,0,165
A5600,U3775,current,18857,1,641
A5601,U3776,savings,10267,1,51
A5602,U3777,current,17555,0,607
A5603,U3778,savings,19001,0,623
A5604,U3778,savings,16293,1,623
A5605,U3779,current,52460,1,885
A5606,U3779,savings,59541,0,885
A5607,U3780,current,99788,0,1818
A5608,U3781,savings,20194,1,350
A5609,U3781,current,12352,1,350
A5610,U3782,current,130589,1,1803
A5611,U3783,current,42771,0,699
A5612,U3783,current,13101,1,699
A5613,U3784,savings,346692,0,709
A5614,U3784,savings,638825,0,709
A5615,U3785,savings,130487,1,444
A5616,U3786,current,320235,1,1542
A5617,U3786,savings,213224,1,1542
A5618,U3787,savings,460101,0,1501
A5619,U3787,savings,346930,1,1501
A5620,U3788,current,47702,1,1112
A5621,U3788,savings,220695,0,1112
A5622,U3789,savings,99241,0,601
A5623,U3789,savings,26266,1,601
A5624,U3790,savings,34015,0,479
A5625,U3791,current,24430,0,1611
A5626,U3791,savings,27692,0,1611
A5627,U3792,savings,46129,0,798
A5628,U3792,savings,64152,0,798
A5629,U3793,savings,137226,1,1249
A5630,U3793,current,170714,0,1249
A5631,U3794,savings,25215,0,656
A5632,U3794,savings,55953,0,656
A5633,U3795,savings,147008,0,30
A5634,U3795,current,56743,1,30
A5635,U3796,savings,16931,1,803
A5636,U3797,current,14468,0,1943
A5637,U3797,savings,46343,1,1943
A5638,U3798,savings,719391,0,147
A5639,U3799,current,63884,0,1660
A5640,U3799,current,143287,0,1660
A5641,U3800,current,149627,1,672
A5642,U3800,current,187538,0,672
A5643,U3801,savings,21870,1,1567
A5644,U3801,savings,46638,0,1567
A5645,U3802,current,466068,1,528
A5646,U3802,current,262947,0,528
A5647,U3803,current,79941,1,944
A5648,U3804,current,123046,1,1181
A5649,U3805,savings,684707,1,868
A5650,U3806,savings,161177,1,146
A5651,U3806,savings,185072,0,146
A5652,U3807,current,313748,0,428
A5653,U3807,current,174416,1,428
A5654,U3808,current,42384,0,1790
A5655,U3808,savings,50350,0,1790
A5656,U3809,savings,172909,0,1134
A5657,U3809,current,271268,0,1134
A5658,U3810,current,150892,0,1728
A5659,U3810,current,501143,0,1728
A5660,U3811,current,401180,0,1570
A5661,U3811,savings,405790,1,1570
A5662,U3812,current,180609,1,216
A5663,U3813,current,177476,0,669
A5664,U3814,savings,139088,1,132
A5665,U3814,current,149935,0,132
A5666,U3815,savings,63088,1,743
A5667,U3816,savings,296565,0,1673
A5668,U3816,savings,194778,1,1673
A5669,U3817,current,36892,1,1845
A5670,U3818,current,574752,0,99
A5671,U3819,current,200005,0,288
A5672,U3819,savings,83362,0,288
A5673,U3820,savings,49008,1,1656
A5674,U3821,savings,42800,1,711
A5675,U3821,current,83864,0,711
A5676,U3822,savings,14713,1,1605
A5677,U3822,savings,36937,1,1605
A5678,U3823,savings,108972,0,1331
A5679,U3823,savings,144376,1,1331
A5680,U3824,savings,305630,0,1118
A5681,U3825,savings,90850,0,1531
A5682,U3825,savings,335993,0,1531
A5683,U3826,savings,157333,1,1041
A5684,U3826,current,57057,1,1041
A5685,U3827,savings,25239,1,718
A5686,U3827,current,44540,0,718
A5687,U3828,current,55222,1,1239
A5688,U3828,current,162842,1,1239
A5689,U3829,current,521313,1,1741
A5690,U3829,savings,432786,1,1741
A5691,U3830,savings,206266,1,882
A5692,U3831,savings,115123,1,119
A5693,U3831,current,235807,0,119
A5694,U3832,savings,23586,0,125
A5695,U3833,savings,121651,1,1650
A5696,U3834,savings,164312,1,775
A5697,U3834,current,37437,0,775
A5698,U3835,savings,445627,1,1844
A5699,U3835,current,334597,1,1844
A5700,U3836,current,271094,0,1611
A5701,U3836,current,360631,0,1611
A5702,U3837,current,249195,0,1946
A5703,U3837,savings,187652,1,1946
A5704,U3838,current,285965,0,1444
A5705,U3838,savings,428611,0,1444
A5706,U3839,current,144455,0,977
A5707,U3840,savings,215808,0,1128
A5708,U3840,savings,247658,1,1128
A5709,U3841,savings,80420,0,235
A5710,U3842,savings,50183,0,1716
A5711,U3842,current,67140,1,1716
A5712,U3843,current,104356,0,1618
A5713,U3844,savings,340148,0,842
A5714,U3845,current,15466,1,1510
A5715,U3845,current,14211,0,1510
A5716,U3846,current,300705,0,647
A5717,U3847,current,47761,1,1688
A5718,U3848,savings,42696,1,907
A5719,U3849,current,108343,0,347
A5720,U3850,savings,26576,0,777
A5721,U3850,current,22088,0,777
A5722,U3851,savings,312240,1,1106
A5723,U3851,current,237771,1,1106
A5724,U3852,savings,501174,0,1645
A5725,U3852,savings,608945,1,1645
A5726,U3853,savings,18943,0,960
A5727,U3854,savings,47465,1,1758
A5728,U3854,savings,44973,0,1758
A5729,U3855,current,68494,1,1607
A5730,U3856,savings,16526,0,51
A5731,U3856,current,4916,0,51
A5732,U3857,savings,55751,1,971
A5733,U3857,current,36094,0,971
A5734,U3858,savings,182216,0,257
A5735,U3858,savings,53933,1,257
A5736,U3859,current,65056,1,782
A5737,U3859,current,44261,0,782
A5738,U3860,current,663801,0,829
A5739,U3860,current,738629,0,829
A5740,U3861,current,56845,1,1803
A5741,U3861,savings,50305,0,1803
A5742,U3862,current,589531,0,37
A5743,U3862,savings,95904,1,37
A5744,U3863,savings,137830,0,1837
A5745,U3864,current,515873,1,1431
A5746,U3864,savings,581448,0,1431
A5747,U3865,savings,33823,0,817
A5748,U3866,current,201071,1,74
A5749,U3867,savings,541244,1,1070
A5750,U3868,current,27990,0,1110
A5751,U3869,current,12801,1,1239
A5752,U3869,current,20589,1,1239
A5753,U3870,current,305228,0,1819
A5754,U3871,savings,188587,0,1326
A5755,U3872,current,59346,1,1588
A5756,U3872,current,221682,0,1588
A5757,U3873,current,54306,1,401
A5758,U3874,current,359904,1,1532
A5759,U3874,savings,157601,1,1532
A5760,U3875,savings,33180,0,90
A5761,U3876,current,248396,0,1960
A5762,U3876,current,345181,0,1960
A5763,U3877,savings,224261,1,1664
A5764,U3878,current,26382,1,565
A5765,U3879,savings,239359,0,605
A5766,U3879,current,168754,0,605
A5767,U3880,current,43435,0,372
A5768,U3881,current,230554,0,931
A5769,U3882,current,592799,0,342
A5770,U3882,current,308370,1,342
A5771,U3883,savings,89548,0,1763
A5772,U3883,savings,12909,0,1763
A5773,U3884,savings,132398,1,1504
A5774,U3884,current,49834,1,1504
A5775,U3885,savings,25612,0,1268
A5776,U3885,savings,55484,1,1268
A5777,U3886,current,154389,0,1354
A5778,U3887,current,165157,1,210
A5779,U3887,savings,271341,0,210
A5780,U3888,savings,40997,0,116
A5781,U3888,current,42719,0,116
A5782,U3889,savings,551537,0,1338
A5783,U3889,savings,571663,0,1338
A5784,U3890,current,30222,0,1124
A5785,U3891,current,283670,0,1918
A5786,U3892,current,806655,1,1497
A5787,U3892,savings,191018,0,1497
A5788,U3893,savings,184697,1,1089
A5789,U3893,savings,237152,0,1089
A5790,U3894,savings,50325,1,504
A5791,U3895,current,343773,0,1140
A5792,U3896,current,68963,0,1723
A5793,U3896,savings,67617,0,1723
A5794,U3897,current,7466,0,1577
A5795,U3897,current,25075,0,1577
A5796,U3898,current,69675,1,1191
A5797,U3898,savings,10018,1,1191
A5798,U3899,savings,310017,1,69
A5799,U3899,savings,372058,1,69
A5800,U3900,current,24295,1,1985
A5801,U3901,current,80445,0,1112
A5802,U3901,savings,63068,1,1112
A5803,U3902,savings,37093,0,972
A5804,U3902,current,12374,1,972
A5805,U3903,savings,74710,0,631
A5806,U3903,savings,23853,0,631
A5807,U3904,savings,74732,0,1694
A5808,U3905,current,16372,0,474
A5809,U3905,savings,12931,0,474
A5810,U3906,current,23478,0,1982
A5811,U3907,savings,157096,0,1357
A5812,U3908,savings,202034,0,325
A5813,U3909,current,456338,0,1130
A5814,U3909,current,291334,0,1130
A5815,U3910,savings,93761,1,812
A5816,U3911,current,405672,1,642
A5817,U3912,savings,26264,0,1964
A5818,U3913,savings,300800,1,1551
A5819,U3914,savings,57705,0,1003
A5820,U3915,savings,432353,0,1778
A5821,U3916,current,113289,1,1552
A5822,U3916,current,163756,0,1552
A5823,U3917,current,480966,0,411
A5824,U3917,savings,456942,0,411
A5825,U3918,savings,70967,1,703
A5826,U3919,savings,22154,0,1760
A5827,U3920,savings,47302,0,1649
A5828,U3920,current,23956,0,1649
A5829,U3921,savings,253693,1,1766
A5830,U3922,current,56475,1,1360
A5831,U3923,savings,324722,1,1323
A5832,U3923,current,56447,1,1323
A5833,U3924,current,38805,1,787
A5834,U3924,current,86154,0,787
A5835,U3925,savings,48268,1,803
A5836,U3926,current,25655,0,487
A5837,U3927,savings,15548,0,1591
A5838,U3928,current,32912,0,665
A5839,U3929,current,188594,1,1727
A5840,U3930,current,267178,0,1485
A5841,U3931,savings,33683,1,1468
A5842,U3931,current,27722,1,1468
A5843,U3932,savings,15368,0,1682
A5844,U3933,current,89908,0,883
A5845,U3934,current,36942,1,729
A5846,U3935,savings,67697,0,1705
A5847,U3935,current,78613,0,1705
A5848,U3936,savings,100794,1,1293
A5849,U3936,current,333696,0,1293
A5850,U3937,savings,326566,0,166
A5851,U3937,current,151065,0,166
A5852,U3938,current,80759,1,60
A5853,U3938,current,97696,0,60
A5854,U3939,savings,26357,1,1687
A5855,U3940,current,37022,0,99
A5856,U3941,savings,3979,1,713
A5857,U3941,savings,6018,0,713
A5858,U3942,savings,85310,0,1139
A5859,U3942,current,38495,0,1139
A5860,U3943,current,32336,0,1661
A5861,U3943,savings,53046,1,1661
A5862,U3944,savings,198793,1,73
A5863,U3944,current,103409,0,73
A5864,U3945,current,283202,0,1838
A5865,U3945,current,625009,0,1838
A5866,U3946,current,275373,1,1132
A5867,U3947,current,126360,0,576
A5868,U3948,current,271530,1,1704
A5869,U3949,current,375201,0,1638
A5870,U3950,savings,128371,0,1087
A5871,U3950,savings,321689,0,1087
A5872,U3951,current,49745,0,189
A5873,U3952,current,257823,1,550
A5874,U3952,savings,292440,1,550
A5875,U3953,savings,149917,1,221
A5876,U3953,savings,713057,1,221
A5877,U3954,current,136654,1,813
A5878,U3955,current,44878,1,1473
A5879,U3955,current,25914,0,1473
A5880,U3956,savings,96135,1,449
A5881,U3957,current,94534,1,515
A5882,U3957,savings,269328,1,515
A5883,U3958,current,260433,0,968
A5884,U3959,savings,124885,0,991
A5885,U3959,savings,24176,1,991
A5886,U3960,savings,27693,1,1756
A5887,U3960,savings,20746,1,1756
A5888,U3961,savings,94843,0,716
A5889,U3962,current,215687,0,1802
A5890,U3962,current,232474,1,1802
A5891,U3963,current,558340,0,1085
A5892,U3964,current,45902,0,1684
A5893,U3965,current,128184,0,936
A5894,U3965,savings,232869,0,936
A5895,U3966,current,41565,0,1465
A5896,U3966,current,41096,1,1465
A5897,U3967,current,448703,1,491
A5898,U3968,current,91593,1,1214
A5899,U3968,current,246152,0,1214
A5900,U3969,current,35363,0,1294
A5901,U3970,current,150160,1,396
A5902,U3971,current,491242,1,336
A5903,U3972,savings,150673,0,1955
A5904,U3972,savings,57873,0,1955
A5905,U3973,current,661490,1,835
A5906,U3974,savings,17361,0,1943
A5907,U3974,savings,19872,1,1943
A5908,U3975,current,45990,0,1303
A5909,U3975,savings,366102,0,1303
A5910,U3976,current,458487,1,1215
A5911,U3976,savings,441428,0,1215
A5912,U3977,current,11935,1,303
A5913,U3977,current,7401,0,303
A5914,U3978,current,85183,0,819
A5915,U3979,current,73765,0,118
A5916,U3979,savings,20207,0,118
A5917,U3980,savings,215397,0,405
A5918,U3981,current,99118,1,1245
A5919,U3982,savings,405227,1,1246
A5920,U3983,savings,321518,1,1819
A5921,U3984,current,13248,0,469
A5922,U3984,current,79200,0,469
A5923,U3985,savings,182883,0,792
A5924,U3986,savings,118683,0,1399
A5925,U3986,current,515963,0,1399
A5926,U3987,current,115951,1,744
A5927,U3988,current,654409,0,303
A5928,U3989,current,223667,0,1643
A5929,U3989,savings,136362,0,1643
A5930,U3990,savings,291395,1,935
A5931,U3991,savings,39185,1,268
A5932,U3991,current,5445,0,268
A5933,U3992,current,67093,0,697
A5934,U3993,current,182164,0,1554
A5935,U3994,savings,432806,1,640
A5936,U3994,savings,224266,0,640
A5937,U3995,current,404465,1,787
A5938,U3995,savings,614653,0,787
A5939,U3996,savings,12535,0,188
A5940,U3996,savings,4853,1,188
A5941,U3997,savings,181067,0,1835
A5942,U3997,savings,328969,1,1835
A5943,U3998,current,369270,1,1278
A5944,U3998,savings,304207,0,1278
A5945,U3999,savings,84895,0,166
A5946,U4000,current,134773,1,1959
A5947,U4000,savings,201895,1,1959
A5948,U4001,current,14816,0,776
A5949,U4001,current,40741,0,776
A5950,U4002,savings,260159,0,240
A5951,U4003,current,73126,1,574
A5952,U4004,savings,315608,0,916
A5953,U4004,current,287137,1,916
A5954,U4005,current,128576,1,1122
A5955,U4006,current,32253,1,273
A5956,U4007,savings,400001,1,821
A5957,U4007,current,231516,0,821
A5958,U4008,current,13742,0,887
A5959,U4009,savings,40117,1,236
A5960,U4010,savings,21299,0,794
A5961,U4011,savings,397639,1,1695
A5962,U4012,current,73016,1,226
A5963,U4012,savings,58002,0,226
A5964,U4013,savings,26679,1,1471
A5965,U4014,current,86195,0,261
A5966,U4014,savings,217395,1,261
A5967,U4015,current,14298,0,1246
A5968,U4016,current,425839,0,1388
A5969,U4016,savings,140524,1,1388
A5970,U4017,savings,69323,1,973
A5971,U4018,savings,105652,0,309
A5972,U4018,current,117038,0,309
A5973,U4019,savings,21646,1,1104
A5974,U4020,savings,12109,0,646
A5975,U4021,savings,61806,1,1442
A5976,U4021,savings,257444,1,1442
A5977,U4022,current,488748,0,570
A5978,U4022,current,104271,1,570
A5979,U4023,current,428095,0,1680
A5980,U4024,savings,84755,0,1889
A5981,U4025,savings,351780,0,1650
A5982,U4026,current,282392,0,1015
A5983,U4026,current,248857,0,1015
A5984,U4027,savings,86758,0,1095
A5985,U4028,savings,839802,0,1752
A5986,U4029,current,21784,0,715
A5987,U4029,savings,23153,1,715
A5988,U4030,current,240703,0,906
A5989,U4030,current,70913,1,906
A5990,U4031,current,65936,0,1961
A5991,U4031,savings,96161,1,1961
A5992,U4032,current,493339,0,1263
A5993,U4032,current,603298,0,1263
A5994,U4033,current,8754,0,1309
A5995,U4034,savings,219602,0,699
A5996,U4035,savings,4943,0,1179
A5997,U4036,current,305768,1,297
A5998,U4036,current,186908,0,297
A5999,U4037,savings,639485,0,1544
A6000,U4038,savings,29522,1,1369
A6001,U4039,current,59595,0,1128
A6002,U4040,savings,359770,1,1326
A6003,U4040,savings,120688,1,1326
A6004,U4041,current,198779,1,401
A6005,U4041,savings,99468,1,401
A6006,U4042,savings,35365,1,971
A6007,U4043,savings,66420,0,1578
A6008,U4044,savings,65512,0,1581
A6009,U4045,current,223993,1,1180
A6010,U4046,savings,138008,0,1282
A6011,U4047,savings,60717,1,864
A6012,U4047,savings,77583,0,864
A6013,U4048,current,37723,1,1416
A6014,U4048,current,23251,1,1416
A6015,U4049,savings,413708,0,1361
A6016,U4049,current,112395,0,1361
A6017,U4050,savings,376763,1,285
A6018,U4050,current,193215,0,285
A6019,U4051,savings,28392,1,130
A6020,U4052,current,80587,0,1752
A6021,U4053,savings,61347,0,1798
A6022,U4054,savings,16796,0,1771
A6023,U4055,savings,4400,1,1456
A6024,U4056,current,12510,1,1586
A6025,U4057,current,96007,1,1175
A6026,U4058,current,175054,1,680
A6027,U4059,current,342607,0,1478
A6028,U4060,current,220662,0,961
A6029,U4061,current,173381,0,464
A6030,U4061,savings,327191,1,464
A6031,U4062,savings,9032,0,115
A6032,U4063,savings,255993,1,1253
A6033,U4063,current,377985,1,1253
A6034,U4064,savings,340610,1,1619
A6035,U4065,current,936998,0,1913
A6036,U4065,current,152395,1,1913
A6037,U4066,current,28052,1,501
A6038,U4067,current,43098,0,1556
A6039,U4068,current,125998,0,1822
A6040,U4069,current,208443,1,950
A6041,U4069,current,144282,0,950
A6042,U4070,current,41600,0,119
A6043,U4071,current,250357,1,180
A6044,U4072,current,88351,0,1153
A6045,U4073,savings,232561,0,863
A6046,U4074,current,232929,1,1609
A6047,U4074,current,122454,1,1609
A6048,U4075,savings,178976,0,1140
A6049,U4075,savings,730325,1,1140
A6050,U4076,current,259421,1,1745
A6051,U4077,savings,10508,1,1091
A6052,U4077,savings,14401,1,1091
A6053,U4078,current,78969,0,1459
A6054,U4079,current,295612,1,450
A6055,U4079,current,417244,0,450
A6056,U4080,current,84752,0,98
A6057,U4081,savings,430148,1,547
A6058,U4081,savings,428799,0,547
A6059,U4082,current,231201,0,1862
A6060,U4083,current,37101,0,722
A6061,U4084,savings,27670,1,275
A6062,U4084,savings,28099,1,275
A6063,U4085,savings,44156,0,1379
A6064,U4085,savings,82004,0,1379
A6065,U4086,savings,307130,1,1404
A6066,U4086,current,901700,0,1404
A6067,U4087,savings,195997,1,1867
A6068,U4087,current,42562,0,1867
A6069,U4088,current,631817,0,1515
A6070,U4088,current,452171,1,1515
A6071,U4089,savings,18271,1,622
A6072,U4089,current,23671,0,622
A6073,U4090,savings,296682,1,466
A6074,U4091,savings,732925,0,1619
A6075,U4091,savings,808253,1,1619
A6076,U4092,current,92496,1,914
A6077,U4092,current,48283,1,914
A6078,U4093,savings,5867,1,1465
A6079,U4094,current,235747,1,1730
A6080,U4095,current,92263,0,1285
A6081,U4096,savings,63270,0,1894
A6082,U4097,current,69525,1,934
A6083,U4097,current,180103,0,934
A6084,U4098,savings,209740,0,1018
A6085,U4099,current,152074,0,1494
A6086,U4099,savings,357301,1,1494
A6087,U4100,savings,228171,1,720
A6088,U4101,savings,166864,0,1858
A6089,U4101,savings,372654,0,1858
A6090,U4102,savings,94330,1,1809
A6091,U4102,savings,85501,1,1809
A6092,U4103,current,73567,0,668
A6093,U4103,current,87813,1,668
A6094,U4104,savings,14854,0,1512
A6095,U4105,current,34917,0,138
A6096,U4106,current,48450,1,1882
A6097,U4107,savings,602421,0,1252
A6098,U4108,current,14215,1,790
A6099,U4108,current,22494,0,790
A6100,U4109,savings,242685,1,1904
A6101,U4110,current,31254,1,1784
A6102,U4111,savings,53803,1,1146
A6103,U4112,current,96231,0,923
A6104,U4113,savings,677417,1,876
A6105,U4114,savings,49749,1,375
A6106,U4114,savings,36911,1,375
A6107,U4115,current,851879,1,920
A6108,U4115,savings,147817,0,920
A6109,U4116,current,371195,0,90
A6110,U4117,savings,396364,0,873
A6111,U4118,savings,176179,0,469
A6112,U4119,current,104705,0,1877
A6113,U4119,savings,96365,0,1877
A6114,U4120,savings,162055,0,1909
A6115,U4121,savings,14548,0,635
A6116,U4121,savings,12898,1,635
A6117,U4122,current,57182,0,862
A6118,U4122,savings,99708,1,862
A6119,U4123,current,49367,1,1763
A6120,U4124,current,50722,0,214
A6121,U4125,current,72402,0,821
A6122,U4125,current,98318,1,821
A6123,U4126,savings,454313,0,512
A6124,U4126,current,271283,1,512
A6125,U4127,savings,548805,0,426
A6126,U4128,savings,246033,0,1265
A6127,U4129,current,295558,0,1566
A6128,U4129,savings,140307,1,1566
A6129,U4130,savings,14230,0,1605
A6130,U4130,savings,39540,0,1605
A6131,U4131,current,137787,1,256
A6132,U4131,savings,45363,1,256
A6133,U4132,current,79695,1,406
A6134,U4132,current,22936,1,406
A6135,U4133,current,379900,0,1406
A6136,U4134,current,12053,1,504
A6137,U4135,savings,234843,1,400
A6138,U4135,savings,312036,0,400
A6139,U4136,current,236697,1,637
A6140,U4137,savings,123750,0,778
A6141,U4137,current,237178,1,778
A6142,U4138,current,16211,0,476
A6143,U4139,current,7694,1,457
A6144,U4140,savings,153807,0,809
A6145,U4141,savings,15025,0,1392
A6146,U4142,current,149513,0,156
A6147,U4142,savings,192266,0,156
A6148,U4143,savings,496016,0,510
A6149,U4143,current,269825,0,510
A6150,U4144,current,485254,1,1852
A6151,U4144,savings,309118,1,1852
A6152,U4145,savings,40997,1,1469
A6153,U4145,savings,5437,1,1469
A6154,U4146,current,109024,0,1928
A6155,U4147,savings,5403,1,580
A6156,U4148,current,32486,0,1452
A6157,U4148,savings,51813,0,1452
A6158,U4149,savings,14316,0,445
A6159,U4150,current,51038,0,1662
A6160,U4150,current,28674,0,1662
A6161,U4151,current,62733,1,747
A6162,U4152,savings,587217,0,649
A6163,U4152,current,93544,1,649
A6164,U4153,savings,493096,0,1834
A6165,U4153,current,220078,1,1834
A6166,U4154,savings,223098,0,895
A6167,U4155,current,66310,1,968
A6168,U4156,savings,7148,0,1610
A6169,U4157,current,80805,1,145
A6170,U4158,current,836106,0,1901
A6171,U4159,savings,138276,1,1985
A6172,U4159,current,371130,1,1985
A6173,U4160,savings,209713,1,87
A6174,U4160,current,43913,1,87
A6175,U4161,savings,12872,0,381
A6176,U4161,current,7128,0,381
A6177,U4162,current,71369,1,1270
A6178,U4162,current,62638,0,1270
A6179,U4163,current,377769,0,1813
A6180,U4164,current,588386,0,263
A6181,U4164,current,476165,1,263
A6182,U4165,savings,323223,1,1335
A6183,U4165,current,320510,1,1335
A6184,U4166,savings,233489,0,1969
A6185,U4166,current,77287,0,1969
A6186,U4167,current,557639,1,220
A6187,U4167,savings,358722,1,220
A6188,U4168,current,66424,0,37
A6189,U4169,current,325881,0,1306
A6190,U4169,savings,202851,1,1306
A6191,U4170,savings,53165,1,1898
A6192,U4170,current,35556,1,1898
A6193,U4171,current,12684,0,833
A6194,U4171,savings,20016,0,833
A6195,U4172,savings,76601,0,1150
A6196,U4172,savings,203191,0,1150
A6197,U4173,current,7992,1,1594
A6198,U4173,savings,33243,0,1594
A6199,U4174,savings,15094,0,904
A6200,U4174,current,48717,0,904
A6201,U4175,current,116708,1,1263
A6202,U4175,current,130771,1,1263
A6203,U4176,current,39172,1,759
A6204,U4177,savings,111160,0,898
A6205,U4178,savings,43956,1,1069
A6206,U4178,current,27483,0,1069
A6207,U4179,current,36705,0,1858
A6208,U4179,savings,17171,1,1858
A6209,U4180,savings,429232,0,1999
A6210,U4180,savings,397880,0,1999
A6211,U4181,savings,47289,0,1607
A6212,U4181,savings,88545,0,1607
A6213,U4182,savings,375257,0,994
A6214,U4182,current,493663,1,994
A6215,U4183,savings,248715,1,53
A6216,U4184,savings,210189,1,290
A6217,U4184,current,47510,0,290
A6218,U4185,current,46068,0,1174
A6219,U4185,current,59934,1,1174
A6220,U4186,savings,257257,1,1905
A6221,U4187,savings,30018,1,1594
A6222,U4188,current,8153,0,167
A6223,U4188,current,18197,1,167
A6224,U4189,current,363596,0,702
A6225,U4189,current,232386,1,702
A6226,U4190,savings,397334,1,1169
A6227,U4191,current,544795,1,844
A6228,U4192,savings,26224,1,1631
A6229,U4192,current,15263,1,1631
A6230,U4193,savings,46674,0,1107
A6231,U4194,savings,19868,1,1076
A6232,U4194,current,17795,1,1076
A6233,U4195,savings,39767,0,1157
A6234,U4195,savings,33171,1,1157
A6235,U4196,current,307536,1,1456
A6236,U4197,current,27360,0,560
A6237,U4197,savings,16418,0,560
A6238,U4198,current,68192,1,1296
A6239,U4198,current,70854,0,1296
A6240,U4199,current,238676,1,339
A6241,U4199,savings,190721,0,339
A6242,U4200,current,93811,0,287
A6243,U4201,savings,226613,0,643
A6244,U4202,savings,62397,0,1857
A6245,U4203,savings,179221,1,169
A6246,U4204,current,25783,1,533
A6247,U4204,current,9391,0,533
A6248,U4205,savings,35160,1,996
A6249,U4206,current,477391,0,712
A6250,U4207,current,11410,1,639
A6251,U4208,savings,16819,1,657
A6252,U4208,savings,9910,1,657
A6253,U4209,current,135420,1,425
A6254,U4210,savings,228329,0,1966
A6255,U4210,savings,144175,1,1966
A6256,U4211,current,23628,0,1820
A6257,U4211,current,67110,0,1820
A6258,U4212,savings,346328,0,915
A6259,U4213,current,327097,1,1747
A6260,U4213,savings,308676,1,1747
A6261,U4214,savings,74652,0,1473
A6262,U4214,savings,52207,1,1473
A6263,U4215,current,88815,1,696
A6264,U4216,current,15876,0,1875
A6265,U4217,savings,876587,0,522
A6266,U4218,savings,20409,0,149
A6267,U4218,current,6196,1,149
A6268,U4219,current,25995,0,629
A6269,U4219,current,25185,0,629
A6270,U4220,current,568408,0,1222
A6271,U4220,savings,523428,0,1222
A6272,U4221,current,37825,0,543
A6273,U4222,current,372931,1,786
A6274,U4223,savings,214281,1,990
A6275,U4224,savings,107315,1,1438
A6276,U4224,current,90174,0,1438
A6277,U4225,savings,196428,1,1459
A6278,U4225,current,378644,1,1459
A6279,U4226,current,30901,1,1992
A6280,U4226,savings,52334,1,1992
A6281,U4227,current,4427,1,1703
A6282,U4227,current,12604,0,1703
A6283,U4228,current,31850,1,1394
A6284,U4229,current,808898,0,1992
A6285,U4230,savings,96894,1,982
A6286,U4231,current,24162,0,859
A6287,U4232,current,300162,0,1377
A6288,U4232,current,393000,0,1377
A6289,U4233,current,28805,0,287
A6290,U4233,savings,38444,0,287
A6291,U4234,savings,15291,1,1921
A6292,U4234,savings,39413,0,1921
A6293,U4235,savings,222746,0,956
A6294,U4235,savings,101040,1,956
A6295,U4236,savings,25535,1,890
A6296,U4236,current,78885,0,890
A6297,U4237,current,351573,1,49
A6298,U4238,current,162471,0,316
A6299,U4238,current,341409,1,316
A6300,U4239,savings,118659,1,268
A6301,U4240,savings,286621,0,1701
A6302,U4241,current,25748,1,1862
A6303,U4242,savings,293056,0,1245
A6304,U4243,current,26159,0,1480
A6305,U4244,savings,342391,1,1330
A6306,U4244,current,396831,1,1330
A6307,U4245,savings,160884,1,769
A6308,U4246,current,852514,0,840
A6309,U4247,savings,44808,0,1897
A6310,U4248,current,41588,1,78
A6311,U4248,savings,216192,1,78
A6312,U4249,current,400404,0,1804
A6313,U4250,current,96795,1,1149
A6314,U4251,savings,153120,0,811
A6315,U4251,current,46953,1,811
A6316,U4252,current,51624,0,1172
A6317,U4252,savings,56617,1,1172
A6318,U4253,savings,71060,0,1379
A6319,U4254,current,27014,0,781
A6320,U4255,current,170453,1,962
A6321,U4255,current,654623,0,962
A6322,U4256,savings,114576,0,590
A6323,U4256,savings,229682,0,590
A6324,U4257,savings,3555,1,291
A6325,U4257,savings,9859,0,291
A6326,U4258,savings,23743,1,982
A6327,U4259,current,123187,0,905
A6328,U4259,current,55224,1,905
A6329,U4260,current,76300,0,242
A6330,U4260,savings,116754,0,242
A6331,U4261,savings,303273,1,875
A6332,U4262,current,33064,1,1190
A6333,U4263,current,134447,1,1013
A6334,U4264,current,485782,0,1482
A6335,U4265,savings,382727,1,1636
A6336,U4265,current,476931,0,1636
A6337,U4266,current,27267,1,87
A6338,U4266,current,39358,1,87
A6339,U4267,savings,45987,1,70
A6340,U4268,current,452213,0,1038
A6341,U4268,savings,297580,1,1038
A6342,U4269,current,223128,0,1164
A6343,U4270,savings,52610,1,234
A6344,U4271,current,12169,0,1427
A6345,U4272,current,164007,1,137
A6346,U4273,savings,155864,0,530
A6347,U4274,current,307609,1,1722
A6348,U4275,current,52284,1,1450
A6349,U4275,current,243276,0,1450
A6350,U4276,current,90206,0,86
A6351,U4276,savings,404831,0,86
A6352,U4277,current,352781,0,1269
A6353,U4278,current,458616,1,460
A6354,U4279,current,232869,1,791
A6355,U4280,savings,132990,1,464
A6356,U4281,savings,331456,1,1119
A6357,U4281,savings,73284,0,1119
A6358,U4282,current,26711,1,1310
A6359,U4283,savings,20953,0,1416
A6360,U4283,current,27832,0,1416
A6361,U4284,savings,31797,0,761
A6362,U4284,current,155536,0,761
A6363,U4285,current,305812,0,1590
A6364,U4285,savings,197459,1,1590
A6365,U4286,current,202295,0,431
A6366,U4287,current,166773,0,1017
A6367,U4287,current,224550,1,1017
A6368,U4288,savings,23942,1,1170
A6369,U4289,current,179779,0,624
A6370,U4290,current,382320,1,989
A6371,U4291,savings,439827,1,1989
A6372,U4291,current,321364,1,1989
A6373,U4292,savings,254163,0,1566
A6374,U4293,current,94481,1,1473
A6375,U4293,current,241921,1,1473
A6376,U4294,current,374946,1,1776
A6377,U4294,current,231645,0,1776
A6378,U4295,savings,6082,0,505
A6379,U4295,savings,13401,1,505
A6380,U4296,current,180097,0,273
A6381,U4297,savings,5021,0,788
A6382,U4298,current,24908,0,1044
A6383,U4298,current,10386,0,1044
A6384,U4299,savings,206719,1,464
A6385,U4300,savings,308155,1,240
A6386,U4301,savings,52831,0,35
A6387,U4301,savings,9559,1,35
A6388,U4302,current,49829,0,1122
A6389,U4302,savings,40207,0,1122
A6390,U4303,savings,74111,1,1244
A6391,U4303,current,37239,0,1244
A6392,U4304,current,31881,0,1633
A6393,U4305,current,227697,0,1077
A6394,U4306,savings,170177,1,72
A6395,U4306,current,100833,1,72
A6396,U4307,current,14604,1,1527
A6397,U4307,current,2832,1,1527
A6398,U4308,current,29054,0,1293
A6399,U4308,current,24904,1,1293
A6400,U4309,current,47150,1,1442
A6401,U4309,savings,34051,0,1442
A6402,U4310,current,106900,0,412
A6403,U4310,current,75462,1,412
A6404,U4311,current,136711,1,282
A6405,U4311,savings,539186,0,282
A6406,U4312,savings,204148,1,632
A6407,U4313,savings,30151,1,1852
A6408,U4313,current,24879,0,1852
A6409,U4314,current,754321,1,54
A6410,U4314,savings,634156,0,54
A6411,U4315,current,132722,0,655
A6412,U4315,current,38173,0,655
A6413,U4316,current,540356,1,888
A6414,U4316,current,840277,1,888
A6415,U4317,current,222867,0,1302
A6416,U4318,current,200017,1,768
A6417,U4318,current,160399,0,768
A6418,U4319,current,45495,0,381
A6419,U4319,current,27619,0,381
A6420,U4320,savings,143825,0,433
A6421,U4321,current,43768,1,673
A6422,U4321,savings,49599,0,673
A6423,U4322,current,348178,0,282
A6424,U4323,savings,144332,1,756
A6425,U4323,current,272823,1,756
A6426,U4324,savings,667920,1,938
A6427,U4324,current,804511,0,938
A6428,U4325,savings,111377,0,1540
A6429,U4326,current,54949,0,78
A6430,U4327,savings,141592,1,689
A6431,U4328,current,61060,1,1342
A6432,U4329,current,912456,1,775
A6433,U4329,current,284945,1,775
A6434,U4330,savings,510588,1,1337
A6435,U4330,savings,390569,1,1337
A6436,U4331,savings,193094,1,1212
A6437,U4331,current,174413,1,1212
A6438,U4332,savings,136590,0,1602
A6439,U4332,current,379912,1,1602
A6440,U4333,savings,58814,0,1825
A6441,U4334,savings,141956,1,698
A6442,U4335,current,775829,1,65
A6443,U4335,current,430111,0,65
A6444,U4336,savings,610356,1,1712
A6445,U4337,current,34160,0,878
A6446,U4338,savings,332222,0,707
A6447,U4339,current,186899,1,778
A6448,U4339,current,112986,1,778
A6449,U4340,savings,699709,1,1108
A6450,U4340,current,90090,1,1108
A6451,U4341,current,19775,0,1240
A6452,U4341,current,19087,1,1240
A6453,U4342,current,169802,0,1921
A6454,U4342,savings,549220,1,1921
A6455,U4343,current,42169,0,1005
A6456,U4344,savings,22831,1,663
A6457,U4344,current,5285,0,663
A6458,U4345,savings,496697,1,1593
A6459,U4345,current,398585,1,1593
A6460,U4346,current,212157,0,108
A6461,U4347,current,48106,0,298
A6462,U4348,savings,805637,0,117
A6463,U4349,current,43606,1,591
A6464,U4350,savings,142494,0,630
A6465,U4350,current,194965,0,630
A6466,U4351,current,13422,1,1893
A6467,U4351,savings,4930,0,1893
A6468,U4352,current,36663,0,149
A6469,U4353,current,59249,0,424
A6470,U4353,savings,12444,0,424
A6471,U4354,savings,59409,0,99
A6472,U4355,current,19483,1,1551
A6473,U4355,savings,34774,1,1551
A6474,U4356,current,43709,1,1013
A6475,U4356,current,64849,0,1013
A6476,U4357,savings,9099,0,859
A6477,U4357,current,54126,0,859
A6478,U4358,savings,21666,0,594
A6479,U4358,savings,79147,1,594
A6480,U4359,savings,192426,0,1773
A6481,U4359,current,403621,1,1773
A6482,U4360,current,53481,1,496
A6483,U4361,savings,52600,0,1315
A6484,U4361,current,108455,0,1315
A6485,U4362,current,684432,0,1479
A6486,U4362,current,302524,0,1479
A6487,U4363,savings,12142,0,1322
A6488,U4363,savings,42669,1,1322
A6489,U4364,current,21349,0,712
A6490,U4364,current,8920,1,712
A6491,U4365,savings,290748,1,552
A6492,U4366,current,122038,0,1944
A6493,U4366,savings,320181,1,1944
A6494,U4367,current,84980,0,1915
A6495,U4367,current,52501,0,1915
A6496,U4368,current,470703,0,51
A6497,U4369,savings,199571,0,1202
A6498,U4369,current,168787,1,1202
A6499,U4370,savings,85885,0,904
A6500,U4370,savings,42460,0,904
A6501,U4371,current,7856,1,340
A6502,U4371,current,10593,0,340
A6503,U4372,savings,100157,0,869
A6504,U4372,savings,167745,0,869
A6505,U4373,current,73947,1,1669
A6506,U4373,savings,30235,0,1669
A6507,U4374,savings,169956,0,1010
A6508,U4374,current,67247,0,1010
A6509,U4375,current,76820,0,662
A6510,U4375,current,582484,1,662
A6511,U4376,current,12217,1,1342
A6512,U4377,savings,141274,0,1834
A6513,U4377,current,116153,0,1834
A6514,U4378,savings,45084,1,1725
A6515,U4379,current,840338,0,373
A6516,U4379,savings,756324,1,373
A6517,U4380,savings,24375,1,1229
A6518,U4380,current,90407,0,1229
A6519,U4381,current,692961,0,885
A6520,U4382,current,567397,1,999
A6521,U4382,savings,252492,0,999
A6522,U4383,current,125657,1,1180
A6523,U4384,savings,34561,0,82
A6524,U4384,savings,94328,0,82
A6525,U4385,current,68860,0,1035
A6526,U4386,savings,44327,0,1733
A6527,U4386,savings,38654,0,1733
A6528,U4387,current,535060,1,910
A6529,U4387,current,181691,0,910
A6530,U4388,current,395551,1,91
A6531,U4389,savings,10013,0,1919
A6532,U4390,current,258128,1,108
A6533,U4390,current,242872,1,108
A6534,U4391,current,200944,0,1252
A6535,U4391,current,76861,0,1252
A6536,U4392,savings,20380,0,45
A6537,U4392,current,25009,0,45
A6538,U4393,savings,478283,1,1303
A6539,U4393,current,263925,1,1303
A6540,U4394,savings,399328,0,414
A6541,U4394,current,255701,0,414
A6542,U4395,current,35188,0,1747
A6543,U4396,current,66735,1,150
A6544,U4396,current,56104,1,150
A6545,U4397,current,217501,0,1184
A6546,U4398,current,48830,1,922
A6547,U4398,savings,50529,1,922
A6548,U4399,savings,37104,1,970
A6549,U4399,savings,18277,1,970
A6550,U4400,savings,48484,0,1201
A6551,U4401,current,63207,1,49
A6552,U4401,savings,69564,1,49
A6553,U4402,savings,137312,1,1603
A6554,U4402,current,134152,1,1603
A6555,U4403,current,220970,1,439
A6556,U4403,current,45776,1,439
A6557,U4404,savings,57529,0,1434
A6558,U4404,savings,243104,1,1434
A6559,U4405,current,360205,0,226
A6560,U4406,savings,498160,0,290
A6561,U4406,current,238585,1,290
A6562,U4407,savings,148159,0,1407
A6563,U4407,savings,91161,1,1407
A6564,U4408,savings,151370,1,375
A6565,U4409,current,134048,0,1807
A6566,U4410,savings,230257,1,958
A6567,U4410,current,84500,1,958
A6568,U4411,savings,67735,1,1955
A6569,U4412,current,285147,1,1431
A6570,U4412,current,286959,0,1431
A6571,U4413,savings,171452,0,330
A6572,U4413,savings,28068,0,330
A6573,U4414,savings,393106,1,676
A6574,U4414,current,144946,0,676
A6575,U4415,current,112615,0,1031
A6576,U4416,savings,313782,0,1077
A6577,U4417,current,383953,0,417
A6578,U4418,savings,73305,0,317
A6579,U4419,savings,46331,0,1851
A6580,U4420,savings,17236,0,701
A6581,U4420,savings,19857,1,701
A6582,U4421,savings,386616,0,1191
A6583,U4421,savings,643361,1,1191
A6584,U4422,current,17837,1,1247
A6585,U4423,savings,67443,1,199
A6586,U4423,current,49180,1,199
A6587,U4424,savings,80271,1,1153
A6588,U4424,current,162840,0,1153
A6589,U4425,current,223130,0,1851
A6590,U4425,savings,382839,0,1851
A6591,U4426,current,278238,1,1012
A6592,U4427,current,256449,0,282
A6593,U4428,current,36490,0,1318
A6594,U4428,current,164445,1,1318
A6595,U4429,current,69180,1,903
A6596,U4430,savings,603997,0,355
A6597,U4430,savings,464838,1,355
A6598,U4431,current,35173,1,1787
A6599,U4431,savings,7762,1,1787
A6600,U4432,current,52196,1,512
A6601,U4432,current,30215,1,512
A6602,U4433,savings,33073,1,732
A6603,U4433,current,7683,0,732
A6604,U4434,current,571231,0,627
A6605,U4434,current,464368,1,627
A6606,U4435,current,17293,0,201
A6607,U4435,current,62174,0,201
A6608,U4436,savings,193840,0,1503
A6609,U4437,savings,218024,1,837
A6610,U4438,savings,786231,1,590
A6611,U4439,current,28894,1,1740
A6612,U4440,savings,60542,0,289
A6613,U4441,current,413217,0,1039
A6614,U4442,savings,19283,1,941
A6615,U4443,savings,15455,0,271
A6616,U4444,current,14344,1,1443
A6617,U4445,current,231757,0,1508
A6618,U4445,savings,359951,0,1508
A6619,U4446,current,17273,1,430
A6620,U4447,savings,197753,1,1730
A6621,U4448,savings,207148,1,1663
A6622,U4448,savings,339180,1,1663
A6623,U4449,savings,210907,1,820
A6624,U4450,current,39252,1,1267
A6625,U4451,current,13824,1,1017
A6626,U4452,current,160853,0,1122
A6627,U4453,savings,242558,1,1562
A6628,U4453,savings,35625,0,1562
A6629,U4454,savings,34740,1,1559
A6630,U4454,savings,43642,1,1559
A6631,U4455,current,232905,1,681
A6632,U4455,current,74458,1,681
A6633,U4456,savings,81468,1,1634
A6634,U4456,current,214190,1,1634
A6635,U4457,current,32267,0,1423
A6636,U4458,savings,467833,1,1091
A6637,U4459,current,29310,0,1282
A6638,U4460,current,109435,0,1855
A6639,U4460,current,18020,0,1855
A6640,U4461,current,60674,1,1438
A6641,U4462,current,118305,0,888
A6642,U4463,savings,685962,1,1789
A6643,U4463,savings,466953,0,1789
A6644,U4464,savings,99194,1,1881
A6645,U4464,current,93324,0,1881
A6646,U4465,savings,509737,0,512
A6647,U4465,current,304671,0,512
A6648,U4466,savings,140981,0,783
A6649,U4466,current,133391,0,783
A6650,U4467,current,305015,0,1659
A6651,U4467,savings,324498,1,1659
A6652,U4468,savings,17139,0,928
A6653,U4469,savings,97913,0,223
A6654,U4469,current,142031,1,223
A6655,U4470,savings,72522,0,1494
A6656,U4470,savings,59313,0,1494
A6657,U4471,savings,16785,1,165
A6658,U4472,current,136120,1,248
A6659,U4473,savings,389679,1,1017
A6660,U4473,savings,446513,0,1017
A6661,U4474,savings,10345,0,1902
A6662,U4475,current,34084,1,1213
A6663,U4475,savings,93808,0,1213
A6664,U4476,current,97930,1,890
A6665,U4477,current,98799,0,1720
A6666,U4478,savings,21848,0,1012
A6667,U4478,savings,96105,0,1012
A6668,U4479,current,284866,1,1084
A6669,U4479,current,388621,0,1084
A6670,U4480,savings,156474,1,278
A6671,U4481,savings,92274,0,881
A6672,U4481,savings,116722,1,881
A6673,U4482,savings,37062,0,323
A6674,U4482,savings,33478,1,323
A6675,U4483,current,28695,0,1734
A6676,U4484,savings,60181,1,388
A6677,U4485,current,16745,0,287
A6678,U4485,current,28327,0,287
A6679,U4486,current,203710,0,655
A6680,U4486,current,48750,1,655
A6681,U4487,current,27491,1,538
A6682,U4488,savings,19274,1,1748
A6683,U4488,savings,42626,1,1748
A6684,U4489,savings,648312,1,304
A6685,U4490,current,31449,1,1616
A6686,U4490,savings,11897,0,1616
A6687,U4491,savings,51893,1,939
A6688,U4492,savings,8308,0,1679
A6689,U4493,current,31966,1,1981
A6690,U4493,savings,21152,1,1981
A6691,U4494,savings,279420,1,878
A6692,U4494,current,71372,1,878
A6693,U4495,current,29079,0,1128
A6694,U4495,savings,5919,0,1128
A6695,U4496,savings,695279,1,1196
A6696,U4496,savings,769010,1,1196
A6697,U4497,current,831107,0,1248
A6698,U4497,current,571483,1,1248
A6699,U4498,current,161892,1,1132
A6700,U4498,current,77882,1,1132
A6701,U4499,current,77615,0,988
A6702,U4499,savings,24079,1,988
A6703,U4500,current,57114,0,1845
A6704,U4501,savings,29514,1,1164
A6705,U4502,savings,12481,1,195
A6706,U4502,current,22222,0,195
A6707,U4503,savings,189532,0,417
A6708,U4504,current,23389,1,901
A6709,U4504,savings,13564,0,901
A6710,U4505,current,310226,0,1511
A6711,U4505,current,573749,1,1511
A6712,U4506,current,138899,0,88
A6713,U4507,current,334651,1,455
A6714,U4508,current,229752,1,749
A6715,U4508,savings,89657,1,749
A6716,U4509,savings,120747,1,208
A6717,U4509,savings,198517,0,208
A6718,U4510,savings,40846,1,123
A6719,U4511,current,51122,0,1485
A6720,U4512,current,254691,0,1658
A6721,U4512,current,107996,0,1658
A6722,U4513,current,264067,0,124
A6723,U4514,savings,80094,0,969
A6724,U4515,savings,94188,0,940
A6725,U4516,savings,216438,0,1969
A6726,U4517,savings,237445,1,1521
A6727,U4517,savings,147462,0,1521
A6728,U4518,current,170346,1,1634
A6729,U4518,savings,242642,1,1634
A6730,U4519,savings,137599,1,1663
A6731,U4519,current,684027,1,1663
A6732,U4520,current,124179,0,1239
A6733,U4521,current,16058,1,664
A6734,U4521,current,16566,0,664
A6735,U4522,current,26889,0,1035
A6736,U4522,savings,57188,1,1035
A6737,U4523,current,92029,1,210
A6738,U4524,savings,44912,0,77
A6739,U4524,current,19321,0,77
A6740,U4525,current,125424,1,199
A6741,U4526,savings,76635,0,749
A6742,U4526,savings,49530,1,749
A6743,U4527,current,72826,0,1734
A6744,U4527,savings,25900,0,1734
A6745,U4528,current,147792,1,1187
A6746,U4529,current,12439,1,1124
A6747,U4529,savings,25475,1,1124
A6748,U4530,current,58922,0,619
A6749,U4530,savings,11515,0,619
A6750,U4531,current,37580,1,1169
A6751,U4531,current,34183,1,1169
A6752,U4532,savings,224806,0,1376
A6753,U4533,savings,492653,1,231
A6754,U4533,current,494344,1,231
A6755,U4534,savings,81135,1,1099
A6756,U4535,current,20837,0,720
A6757,U4536,current,34860,0,1499
A6758,U4536,savings,178340,1,1499
A6759,U4537,savings,379682,1,160
A6760,U4537,current,545743,0,160
A6761,U4538,savings,505376,0,573
A6762,U4538,savings,264229,1,573
A6763,U4539,savings,202167,0,1997
A6764,U4539,savings,238568,1,1997
A6765,U4540,savings,504563,0,490
A6766,U4540,current,354722,0,490
A6767,U4541,current,369373,1,565
A6768,U4542,savings,88567,0,202
A6769,U4543,current,23990,0,1393
A6770,U4543,savings,5371,0,1393
A6771,U4544,current,27502,0,1413
A6772,U4545,savings,5843,0,1593
A6773,U4545,current,19764,0,1593
A6774,U4546,savings,215974,0,440
A6775,U4546,savings,210490,0,440
A6776,U4547,current,246153,0,254
A6777,U4547,savings,271618,0,254
A6778,U4548,current,118090,1,515
A6779,U4548,savings,451000,1,515
A6780,U4549,savings,135387,0,1288
A6781,U4549,current,97402,1,1288
A6782,U4550,current,53154,1,1389
A6783,U4551,savings,51528,0,1548
A6784,U4551,savings,29209,0,1548
A6785,U4552,savings,28927,1,1436
A6786,U4553,current,218616,1,1272
A6787,U4554,savings,306667,0,360
A6788,U4554,savings,123478,1,360
A6789,U4555,current,597101,1,927
A6790,U4556,current,308681,0,1176
A6791,U4556,savings,204288,1,1176
A6792,U4557,current,44821,0,1526
A6793,U4557,savings,44918,0,1526
A6794,U4558,current,191698,1,344
A6795,U4558,savings,208411,1,344
A6796,U4559,savings,240620,0,137
A6797,U4559,current,130822,1,137
A6798,U4560,current,6004,1,1216
A6799,U4560,current,21416,0,1216
A6800,U4561,savings,56181,0,1739
A6801,U4562,current,12419,1,669
A6802,U4562,savings,15516,1,669
A6803,U4563,current,37000,0,1630
A6804,U4564,current,294451,0,118
A6805,U4565,current,182050,0,580
A6806,U4565,savings,271554,0,580
A6807,U4566,savings,326812,0,1765
A6808,U4567,savings,44776,1,1193
A6809,U4567,current,64790,0,1193
A6810,U4568,current,57178,0,406
A6811,U4569,savings,449662,1,733
A6812,U4569,savings,344201,1,733
A6813,U4570,current,550510,0,177
A6814,U4571,savings,257825,0,1014
A6815,U4572,savings,391257,0,1273
A6816,U4573,savings,14821,1,717
A6817,U4574,savings,54312,0,1556
A6818,U4574,savings,79480,1,1556
A6819,U4575,current,220679,0,376
A6820,U4575,savings,264822,1,376
A6821,U4576,current,257280,1,1662
A6822,U4576,savings,100110,1,1662
A6823,U4577,savings,68348,0,135
A6824,U4578,current,29946,0,225
A6825,U4578,savings,35246,1,225
A6826,U4579,savings,107613,0,504
A6827,U4580,current,50046,0,1539
A6828,U4581,savings,272010,1,1270
A6829,U4581,current,189419,1,1270
A6830,U4582,current,210073,1,1769
A6831,U4583,current,45671,1,992
A6832,U4584,current,358774,1,1909
A6833,U4584,savings,167519,0,1909
A6834,U4585,savings,28687,1,1243
A6835,U4585,current,207984,0,1243
A6836,U4586,current,124588,1,87
A6837,U4587,savings,49151,1,1496
A6838,U4588,current,562048,0,1193
A6839,U4589,savings,15638,0,972
A6840,U4589,savings,9830,1,972
A6841,U4590,current,77852,0,1639
A6842,U4591,savings,47166,0,757
A6843,U4591,savings,14415,0,757
A6844,U4592,savings,193386,1,362
A6845,U4592,savings,179287,0,362
A6846,U4593,current,449087,1,702
A6847,U4594,current,190219,1,740
A6848,U4595,savings,265920,0,87
A6849,U4596,current,12653,0,330
A6850,U4596,current,72501,1,330
A6851,U4597,savings,531804,0,1570
A6852,U4598,savings,544746,0,1556
A6853,U4598,current,660247,1,1556
A6854,U4599,savings,66787,0,778
A6855,U4600,current,117600,1,43
A6856,U4600,current,243420,1,43
A6857,U4601,current,83819,0,665
A6858,U4602,savings,177607,1,129
A6859,U4602,savings,375981,0,129
A6860,U4603,current,44336,0,132
A6861,U4603,savings,83052,0,132
A6862,U4604,current,3994,0,863
A6863,U4604,current,15756,1,863
A6864,U4605,savings,38472,0,715
A6865,U4606,current,6697,0,1441
A6866,U4607,current,66172,0,1380
A6867,U4607,current,57706,0,1380
A6868,U4608,current,86150,0,1814
A6869,U4608,current,551595,1,1814
A6870,U4609,current,221519,1,513
A6871,U4610,current,75985,1,1871
A6872,U4610,savings,39987,0,1871
A6873,U4611,savings,14500,1,1462
A6874,U4611,current,32092,0,1462
A6875,U4612,savings,280163,1,274
A6876,U4612,savings,244192,0,274
A6877,U4613,savings,41799,0,1548
A6878,U4614,current,339976,0,621
A6879,U4614,savings,110990,1,621
A6880,U4615,savings,26714,0,1886
A6881,U4616,current,515415,0,860
A6882,U4616,savings,158314,1,860
A6883,U4617,current,458065,0,1648
A6884,U4617,current,705343,0,1648
A6885,U4618,savings,38290,0,1007
A6886,U4618,current,46980,0,1007
A6887,U4619,savings,28855,0,172
A6888,U4619,savings,32440,0,172
A6889,U4620,current,103670,1,373
A6890,U4620,savings,84363,1,373
A6891,U4621,savings,14761,0,1889
A6892,U4622,current,298163,1,459
A6893,U4623,savings,226806,1,1316
A6894,U4623,current,61671,1,1316
A6895,U4624,savings,371822,0,1988
A6896,U4625,current,125268,0,1907
A6897,U4625,savings,26044,1,1907
A6898,U4626,savings,194656,0,1526
A6899,U4626,current,129421,1,1526
A6900,U4627,current,400423,1,1744
A6901,U4628,current,31084,1,63
A6902,U4629,current,74366,1,541
A6903,U4629,current,231869,0,541
A6904,U4630,savings,215732,1,502
A6905,U4631,current,27458,0,733
A6906,U4631,savings,18578,1,733
A6907,U4632,savings,65230,0,1059
A6908,U4633,current,830099,0,1785
A6909,U4634,current,76154,1,1257
A6910,U4634,current,66369,0,1257
A6911,U4635,current,61665,0,1292
A6912,U4635,savings,70111,0,1292
A6913,U4636,current,253221,0,1981
A6914,U4637,savings,30500,0,431
A6915,U4637,current,13925,1,431
A6916,U4638,current,42299,1,1978
A6917,U4639,current,37730,1,1375
A6918,U4640,savings,223905,1,878
A6919,U4640,savings,38517,1,878
A6920,U4641,savings,215992,0,744
A6921,U4642,savings,773615,0,1805
A6922,U4642,savings,500716,1,1805
A6923,U4643,current,41814,1,374
A6924,U4644,savings,27897,1,1178
A6925,U4645,current,118648,0,911
A6926,U4646,current,239248,0,1403
A6927,U4647,savings,30843,1,1175
A6928,U4647,current,41180,0,1175
A6929,U4648,savings,47419,1,444
A6930,U4648,savings,74563,0,444
A6931,U4649,savings,433161,0,1607
A6932,U4649,current,134296,1,1607
A6933,U4650,savings,530241,1,495
A6934,U4651,savings,656653,0,1793
A6935,U4652,current,40228,0,1604
A6936,U4653,current,27517,1,1507
A6937,U4653,savings,47188,0,1507
A6938,U4654,current,121660,0,958
A6939,U4654,current,105754,1,958
A6940,U4655,savings,103140,0,411
A6941,U4656,savings,620417,0,763
A6942,U4656,current,477944,0,763
A6943,U4657,savings,45090,1,437
A6944,U4658,current,326144,0,1889
A6945,U4659,current,10507,0,48
A6946,U4659,savings,62058,1,48
A6947,U4660,current,75480,0,1914
A6948,U4661,current,36761,0,1280
A6949,U4661,current,36356,1,1280
A6950,U4662,current,79187,0,1834
A6951,U4662,current,321079,1,1834
A6952,U4663,current,586360,1,1976
A6953,U4663,savings,291451,0,1976
A6954,U4664,savings,12617,1,307
A6955,U4664,savings,44013,0,307
A6956,U4665,savings,32482,1,1035
A6957,U4666,savings,230038,0,511
A6958,U4667,savings,233857,1,1245
A6959,U4668,savings,247650,1,1365
A6960,U4668,current,84131,1,1365
A6961,U4669,current,43593,0,1093
A6962,U4670,savings,16182,1,96
A6963,U4670,savings,19770,1,96
A6964,U4671,savings,226277,0,498
A6965,U4671,savings,169057,1,498
A6966,U4672,savings,11152,1,415
A6967,U4672,current,10345,1,415
A6968,U4673,current,30487,0,1646
A6969,U4673,current,8251,0,1646
A6970,U4674,current,190613,1,1707
A6971,U4674,savings,460717,0,1707
A6972,U4675,current,321801,0,1736
A6973,U4675,savings,269276,0,1736
A6974,U4676,savings,198084,0,719
A6975,U4677,savings,212820,1,1600
A6976,U4677,current,310530,1,1600
A6977,U4678,current,40970,1,1404
A6978,U4678,savings,52667,0,1404
A6979,U4679,savings,74428,1,1687
A6980,U4680,current,256559,1,323
A6981,U4680,savings,367867,1,323
A6982,U4681,savings,23126,0,622
A6983,U4681,savings,9317,0,622
A6984,U4682,savings,177896,0,244
A6985,U4683,savings,598431,1,812
A6986,U4684,current,19792,0,1403
A6987,U4685,savings,237915,0,205
A6988,U4686,current,18548,0,760
A6989,U4686,current,18768,0,760
A6990,U4687,savings,342389,1,1899
A6991,U4687,savings,215734,1,1899
A6992,U4688,savings,18885,0,1796
A6993,U4689,savings,404498,1,330
A6994,U4690,current,146598,1,95
A6995,U4690,current,430084,0,95
A6996,U4691,savings,118484,1,361
A6997,U4691,current,507472,1,361
A6998,U4692,current,24722,0,654
A6999,U4693,savings,225574,0,1991
A7000,U4693,savings,833031,0,1991
A7001,U4694,current,371784,1,852
A7002,U4695,current,54314,0,1522
A7003,U4696,current,43300,0,1496
A7004,U4697,current,188220,0,1008
A7005,U4697,current,317379,0,1008
A7006,U4698,current,165033,0,1013
A7007,U4699,current,412875,0,1305
A7008,U4700,current,330322,0,675
A7009,U4700,savings,217807,0,675
A7010,U4701,current,65294,1,166
A7011,U4701,current,172497,1,166
A7012,U4702,current,45091,0,375
A7013,U4702,savings,54631,1,375
A7014,U4703,savings,289869,1,755
A7015,U4704,savings,33641,1,661
A7016,U4705,savings,42439,1,511
A7017,U4705,current,194838,1,511
A7018,U4706,savings,27286,0,197
A7019,U4707,savings,22687,0,807
A7020,U4708,savings,32342,0,1221
A7021,U4709,savings,107416,1,654
A7022,U4709,savings,126620,0,654
A7023,U4710,current,64571,0,95
A7024,U4710,savings,40107,1,95
A7025,U4711,savings,61603,1,1994
A7026,U4712,current,24334,1,1546
A7027,U4713,current,43180,0,773
A7028,U4714,current,31100,1,1373
A7029,U4715,current,94577,0,457
A7030,U4715,savings,58227,1,457
A7031,U4716,savings,49408,0,1922
A7032,U4717,current,35535,1,1604
A7033,U4718,savings,14831,1,1915
A7034,U4718,current,40416,1,1915
A7035,U4719,current,5943,0,635
A7036,U4719,current,12833,0,635
A7037,U4720,savings,222308,0,1346
A7038,U4721,savings,225281,0,1846
A7039,U4721,current,319452,1,1846
A7040,U4722,current,47673,0,453
A7041,U4722,current,130603,0,453
A7042,U4723,current,68732,1,1299
A7043,U4724,savings,455469,1,1361
A7044,U4724,current,278419,0,1361
A7045,U4725,savings,97620,1,1293
A7046,U4726,savings,35246,1,814
A7047,U4726,current,8861,0,814
A7048,U4727,current,14460,0,1392
A7049,U4728,current,298247,0,953
A7050,U4728,savings,134274,1,953
A7051,U4729,current,112754,1,1758
A7052,U4730,current,14887,0,253
A7053,U4731,current,53791,0,953
A7054,U4731,current,53317,0,953
A7055,U4732,savings,31990,0,1398
A7056,U4733,savings,143437,0,945
A7057,U4733,current,96506,0,945
A7058,U4734,savings,4702,0,291
A7059,U4735,savings,137567,0,245
A7060,U4736,savings,43018,0,555
A7061,U4737,current,393543,0,898
A7062,U4738,savings,15104,0,605
A7063,U4739,savings,30383,0,1215
A7064,U4739,savings,24941,0,1215
A7065,U4740,savings,495536,1,588
A7066,U4740,current,430068,1,588
A7067,U4741,current,129136,0,128
A7068,U4742,savings,272125,1,1466
A7069,U4742,current,416291,1,1466
A7070,U4743,current,481571,0,1883
A7071,U4744,savings,887878,1,160
A7072,U4744,savings,883772,1,160
A7073,U4745,current,331714,0,487
A7074,U4745,savings,266117,0,487
A7075,U4746,savings,159340,1,1265
A7076,U4747,current,201050,0,240
A7077,U4748,current,93638,1,151
A7078,U4748,current,54064,1,151
A7079,U4749,savings,23440,0,1660
A7080,U4749,current,54724,0,1660
A7081,U4750,savings,303452,0,432
A7082,U4751,savings,59688,1,674
A7083,U4752,savings,197528,1,800
A7084,U4752,current,143068,0,800
A7085,U4753,savings,161280,1,1250
A7086,U4753,savings,171751,1,1250
A7087,U4754,current,21637,0,921
A7088,U4755,savings,80796,1,1044
A7089,U4755,savings,153373,0,1044
A7090,U4756,current,767086,1,38
A7091,U4756,savings,512114,1,38
A7092,U4757,savings,131234,0,205
A7093,U4757,current,218712,1,205
A7094,U4758,savings,634670,0,1969
A7095,U4759,savings,55089,1,103
A7096,U4760,current,126789,0,1782
A7097,U4760,current,140797,1,1782
A7098,U4761,current,20632,0,1874
A7099,U4761,savings,4315,0,1874
A7100,U4762,savings,24666,0,1663
A7101,U4763,current,39127,1,680
A7102,U4763,savings,36652,0,680
A7103,U4764,current,443797,1,164
A7104,U4764,current,905807,0,164
A7105,U4765,savings,34387,1,1403
A7106,U4765,savings,37170,0,1403
A7107,U4766,savings,28653,0,1799
A7108,U4766,savings,46709,0,1799
A7109,U4767,current,71574,1,1379
A7110,U4767,current,34951,1,1379
A7111,U4768,current,280365,1,1675
A7112,U4769,savings,456299,0,845
A7113,U4770,savings,26647,1,1506
A7114,U4770,current,24859,0,1506
A7115,U4771,savings,326891,0,1690
A7116,U4772,savings,329683,1,1195
A7117,U4772,current,157222,1,1195
A7118,U4773,current,144260,1,671
A7119,U4774,savings,214497,0,346
A7120,U4775,savings,39658,0,298
A7121,U4776,savings,27248,0,671
A7122,U4777,current,202670,0,247
A7123,U4777,savings,171051,1,247
A7124,U4778,current,41964,0,457
A7125,U4778,savings,53516,0,457
A7126,U4779,current,46981,0,1539
A7127,U4779,current,53894,1,1539
A7128,U4780,current,36346,1,1225
A7129,U4780,current,56600,0,1225
A7130,U4781,savings,74371,1,1364
A7131,U4781,current,63028,1,1364
A7132,U4782,current,36703,0,533
A7133,U4783,current,367763,1,1589
A7134,U4783,current,216036,0,1589
A7135,U4784,savings,147797,0,866
A7136,U4785,current,398711,0,161
A7137,U4786,current,61172,0,292
A7138,U4786,current,32321,1,292
A7139,U4787,current,12271,1,1145
A7140,U4788,savings,417790,0,389
A7141,U4789,current,413486,0,667
A7142,U4789,current,338430,1,667
A7143,U4790,savings,377501,0,1402
A7144,U4790,savings,138400,1,1402
A7145,U4791,current,441703,1,1593
A7146,U4792,savings,313965,0,1759
A7147,U4793,current,8737,0,1701
A7148,U4793,savings,21329,1,1701
A7149,U4794,savings,71472,0,287
A7150,U4795,current,220553,0,1790
A7151,U4796,savings,3898,1,157
A7152,U4797,savings,20539,0,1492
A7153,U4797,savings,74456,0,1492
A7154,U4798,savings,38320,0,1700
A7155,U4798,current,77797,0,1700
A7156,U4799,current,54657,0,318
A7157,U4799,current,39447,1,318
A7158,U4800,current,26011,0,1810
A7159,U4801,current,24182,0,953
A7160,U4802,savings,30052,0,149
A7161,U4802,savings,88001,1,149
A7162,U4803,current,59006,0,1821
A7163,U4804,current,417406,1,724
A7164,U4804,savings,346813,1,724
A7165,U4805,savings,12890,1,1112
A7166,U4806,savings,27534,1,334
A7167,U4807,current,179819,1,984
A7168,U4808,current,143881,0,1522
A7169,U4809,current,14044,0,1479
A7170,U4809,current,35124,1,1479
A7171,U4810,savings,382711,1,341
A7172,U4811,current,213794,0,948
A7173,U4811,current,293177,0,948
A7174,U4812,current,291178,1,1251
A7175,U4813,current,258783,0,768
A7176,U4814,savings,3975,0,1598
A7177,U4814,current,20992,1,1598
A7178,U4815,savings,112745,0,1948
A7179,U4815,savings,327463,1,1948
A7180,U4816,savings,164048,0,435
A7181,U4817,savings,38557,1,60
A7182,U4818,savings,25161,0,1302
A7183,U4819,savings,335688,1,460
A7184,U4819,savings,380385,0,460
A7185,U4820,current,32983,1,674
A7186,U4821,savings,19793,1,767
A7187,U4821,current,24531,1,767
A7188,U4822,savings,192816,0,1789
A7189,U4822,savings,24577,1,1789
A7190,U4823,savings,117553,1,700
A7191,U4824,savings,127345,0,555
A7192,U4825,current,182614,1,1294
A7193,U4826,current,15949,0,765
A7194,U4826,savings,13168,0,765
A7195,U4827,current,313106,0,1649
A7196,U4828,savings,50264,0,414
A7197,U4829,current,201107,0,239
A7198,U4830,current,499571,1,563
A7199,U4830,savings,558571,0,563
A7200,U4831,savings,132272,1,80
A7201,U4832,current,35693,1,555
A7202,U4832,savings,31201,0,555
A7203,U4833,current,808368,0,1110
A7204,U4834,savings,854410,0,1643
A7205,U4834,savings,821607,1,1643
A7206,U4835,savings,32403,1,312
A7207,U4836,current,410049,0,986
A7208,U4836,current,181530,1,986
A7209,U4837,current,217422,1,1416
A7210,U4838,current,280709,0,958
A7211,U4838,savings,372528,1,958
A7212,U4839,savings,83740,0,1283
A7213,U4840,savings,272374,1,1949
A7214,U4841,current,81226,1,899
A7215,U4841,savings,75632,0,899
A7216,U4842,savings,597843,0,1524
A7217,U4842,savings,242747,1,1524
A7218,U4843,current,20930,0,734
A7219,U4844,current,7025,1,1881
A7220,U4844,savings,23690,0,1881
A7221,U4845,savings,136679,0,1573
A7222,U4846,current,28730,1,629
A7223,U4847,current,43284,0,1352
A7224,U4847,savings,72933,0,1352
A7225,U4848,current,32071,0,484
A7226,U4849,current,30067,0,1728
A7227,U4849,savings,17375,0,1728
A7228,U4850,savings,66429,0,824
A7229,U4851,savings,50940,1,221
A7230,U4851,current,136646,0,221
A7231,U4852,current,584434,1,974
A7232,U4852,current,579131,1,974
A7233,U4853,savings,70188,1,1927
A7234,U4853,current,31503,0,1927
A7235,U4854,savings,66584,1,122
A7236,U4855,savings,586320,1,589
A7237,U4855,savings,333694,0,589
A7238,U4856,current,59581,1,1666
A7239,U4857,savings,125469,1,276
A7240,U4858,savings,77312,1,1727
A7241,U4858,current,83544,0,1727
A7242,U4859,current,10697,0,1273
A7243,U4859,current,24338,0,1273
A7244,U4860,current,16330,1,206
A7245,U4860,savings,9772,0,206
A7246,U4861,current,35181,1,197
A7247,U4861,current,50701,1,197
A7248,U4862,savings,59108,1,899
A7249,U4863,savings,32781,1,38
A7250,U4864,current,70547,1,1722
A7251,U4864,savings,182477,0,1722
A7252,U4865,savings,170700,1,1090
A7253,U4865,current,207832,1,1090
A7254,U4866,current,17438,1,628
A7255,U4866,savings,6809,0,628
A7256,U4867,savings,70663,1,1887
A7257,U4867,current,104891,1,1887
A7258,U4868,savings,64965,1,600
A7259,U4869,savings,28437,0,107
A7260,U4870,savings,211005,1,795
A7261,U4870,savings,86251,1,795
A7262,U4871,current,188820,1,1599
A7263,U4871,current,179768,0,1599
A7264,U4872,savings,38079,0,1410
A7265,U4872,savings,33522,0,1410
A7266,U4873,current,191423,0,80
A7267,U4873,current,47373,0,80
A7268,U4874,current,231544,0,229
A7269,U4874,current,229265,1,229
A7270,U4875,current,219809,0,1523
A7271,U4875,savings,439615,0,1523
A7272,U4876,current,53335,1,1339
A7273,U4876,savings,22346,1,1339
A7274,U4877,savings,48114,0,1205
A7275,U4878,savings,150443,1,364
A7276,U4878,current,62194,1,364
A7277,U4879,current,377785,0,1385
A7278,U4880,savings,219890,0,691
A7279,U4881,savings,342970,0,532
A7280,U4882,current,235999,0,1895
A7281,U4882,savings,152731,0,1895
A7282,U4883,savings,16141,0,1946
A7283,U4884,current,88461,1,1084
A7284,U4884,savings,51015,1,1084
A7285,U4885,savings,198427,1,1240
A7286,U4886,savings,142901,0,933
A7287,U4886,current,242267,1,933
A7288,U4887,savings,114202,1,1974
A7289,U4888,current,204464,1,855
A7290,U4889,savings,77271,0,1879
A7291,U4890,current,23171,0,445
A7292,U4890,current,3805,0,445
A7293,U4891,savings,218197,0,1478
A7294,U4891,current,722562,1,1478
A7295,U4892,savings,94194,1,147
A7296,U4892,current,134108,0,147
A7297,U4893,current,466059,0,1853
A7298,U4893,current,233034,0,1853
A7299,U4894,savings,279242,0,794
A7300,U4895,savings,121291,1,1245
A7301,U4895,savings,144945,1,1245
A7302,U4896,savings,28441,0,1233
A7303,U4897,savings,11573,1,1613
A7304,U4898,current,479734,0,1161
A7305,U4899,savings,125074,1,105
A7306,U4899,savings,37792,1,105
A7307,U4900,current,428912,1,1697
A7308,U4901,current,187865,1,1510
A7309,U4902,savings,18675,1,1226
A7310,U4903,current,24764,0,557
A7311,U4903,savings,52780,1,557
A7312,U4904,current,34468,1,1451
A7313,U4904,current,22103,1,1451
A7314,U4905,savings,28467,1,1486
A7315,U4905,current,34726,1,1486
A7316,U4906,current,366022,0,194
A7317,U4906,savings,111022,0,194
A7318,U4907,current,213749,0,1446
A7319,U4908,current,172856,1,1294
A7320,U4909,savings,342005,1,565
A7321,U4909,savings,233616,1,565
A7322,U4910,current,273805,1,855
A7323,U4910,savings,109678,0,855
A7324,U4911,savings,14827,1,375
A7325,U4911,current,87372,1,375
A7326,U4912,savings,82937,0,1416
A7327,U4913,current,102870,1,565
A7328,U4913,current,195694,0,565
A7329,U4914,savings,37630,0,1803
A7330,U4914,savings,19501,0,1803
A7331,U4915,savings,17622,0,1579
A7332,U4916,savings,758028,1,1097
A7333,U4916,current,120031,0,1097
A7334,U4917,current,547765,0,874
A7335,U4918,savings,89181,1,1043
A7336,U4919,savings,34814,1,1865
A7337,U4919,savings,38488,1,1865
A7338,U4920,savings,327101,0,279
A7339,U4920,savings,543678,0,279
A7340,U4921,current,231422,0,65
A7341,U4921,current,144003,0,65
A7342,U4922,savings,49607,0,1263
A7343,U4923,current,76894,0,1504
A7344,U4923,current,395354,0,1504
A7345,U4924,savings,31299,1,185
A7346,U4924,current,23975,0,185
A7347,U4925,current,38822,0,1947
A7348,U4925,savings,73452,0,1947
A7349,U4926,current,65789,0,584
A7350,U4926,savings,47930,1,584
A7351,U4927,current,38207,1,951
A7352,U4927,savings,83725,0,951
A7353,U4928,savings,289881,1,1609
A7354,U4928,current,467729,0,1609
A7355,U4929,current,182689,1,290
A7356,U4929,current,606245,0,290
A7357,U4930,current,199993,1,1029
A7358,U4930,savings,44049,1,1029
A7359,U4931,current,35031,0,933
A7360,U4931,savings,6257,0,933
A7361,U4932,current,591113,1,795
A7362,U4932,savings,502961,0,795
A7363,U4933,current,499282,0,410
A7364,U4933,current,285264,1,410
A7365,U4934,savings,441500,0,1843
A7366,U4935,current,24473,0,158
A7367,U4935,savings,38734,0,158
A7368,U4936,current,64495,1,181
A7369,U4937,current,241372,0,1980
A7370,U4938,savings,19229,0,139
A7371,U4939,current,231036,1,450
A7372,U4939,savings,462380,0,450
A7373,U4940,savings,192592,1,633
A7374,U4940,current,173915,0,633
A7375,U4941,savings,385647,0,1582
A7376,U4942,savings,400909,1,1477
A7377,U4942,savings,109533,1,1477
A7378,U4943,savings,21368,0,1578
A7379,U4944,current,151093,0,700
A7380,U4944,savings,440647,1,700
A7381,U4945,savings,38811,1,1391
A7382,U4945,current,53527,1,1391
A7383,U4946,savings,311919,1,870
A7384,U4946,current,887580,1,870
A7385,U4947,current,274938,0,769
A7386,U4947,current,319389,0,769
A7387,U4948,current,282585,1,1125
A7388,U4949,current,230036,1,1656
A7389,U4950,savings,173107,1,1283
A7390,U4950,current,46901,0,1283
A7391,U4951,current,200015,0,1689
A7392,U4952,savings,199597,0,309
A7393,U4953,current,295577,1,141
A7394,U4953,savings,115259,1,141
A7395,U4954,current,35294,1,1878
A7396,U4954,savings,69234,1,1878
A7397,U4955,savings,47699,1,755
A7398,U4955,savings,34632,0,755
A7399,U4956,savings,122878,1,499
A7400,U4956,current,99405,1,499
A7401,U4957,current,221649,0,315
A7402,U4957,current,74888,0,315
A7403,U4958,current,22012,1,601
A7404,U4958,savings,36383,1,601
A7405,U4959,current,35233,0,209
A7406,U4959,current,115772,0,209
A7407,U4960,savings,218450,0,1083
A7408,U4961,savings,50123,1,166
A7409,U4961,savings,206521,0,166
A7410,U4962,current,197424,0,514
A7411,U4962,current,264287,1,514
A7412,U4963,current,43030,1,1281
A7413,U4963,current,12943,1,1281
A7414,U4964,savings,260355,0,1618
A7415,U4964,savings,301372,0,1618
A7416,U4965,current,37949,0,1550
A7417,U4965,savings,24320,1,1550
A7418,U4966,savings,11952,1,1804
A7419,U4966,current,17660,1,1804
A7420,U4967,savings,40283,1,301
A7421,U4968,current,284394,0,1905
A7422,U4968,current,342011,0,1905
A7423,U4969,savings,207992,1,305
A7424,U4970,savings,393678,0,1030
A7425,U4971,current,537869,0,1128
A7426,U4971,savings,653008,1,1128
A7427,U4972,current,88024,0,169
A7428,U4973,savings,143083,1,504
A7429,U4974,savings,17253,1,1172
A7430,U4974,current,26178,1,1172
A7431,U4975,current,79367,0,1139
A7432,U4975,savings,76227,0,1139
A7433,U4976,current,358334,1,805
A7434,U4977,savings,527635,0,1139
A7435,U4977,current,639594,0,1139
A7436,U4978,current,655420,1,1422
A7437,U4979,current,320032,0,270
A7438,U4980,savings,198446,1,445
A7439,U4980,current,404244,0,445
A7440,U4981,savings,189740,0,356
A7441,U4981,savings,624518,0,356
A7442,U4982,current,338902,0,1317
A7443,U4983,savings,83063,1,1954
A7444,U4983,savings,33104,1,1954
A7445,U4984,current,76430,0,47
A7446,U4985,savings,179655,1,1408
A7447,U4985,savings,846493,0,1408
A7448,U4986,savings,240147,1,1959
A7449,U4986,savings,107527,1,1959
A7450,U4987,savings,49685,0,1957
A7451,U4987,current,66878,0,1957
A7452,U4988,savings,117759,1,1106
A7453,U4989,current,275022,0,810
A7454,U4989,savings,396989,0,810
A7455,U4990,current,4300,0,767
A7456,U4991,current,223664,0,1610
A7457,U4991,current,133841,1,1610
A7458,U4992,savings,29905,0,1138
A7459,U4992,current,36465,1,1138
A7460,U4993,savings,18728,0,595
A7461,U4994,savings,356190,0,1956
A7462,U4995,savings,66999,1,1189
A7463,U4996,savings,18160,0,1510
A7464,U4997,current,14194,0,225
A7465,U4998,current,27129,1,957
A7466,U4998,current,115479,0,957
A7467,U4999,savings,89663,1,1960
A7468,U5000,savings,79173,0,1989
