user_id,age,employment_type,income,credit_score,risk_profile,home_location,account_created_at
U1,40,self-employed,112942,611,medium,Mumbai,2023-12-31 22:39:56.896382
U2,62,student,10066,328,high,Mumbai,2021-04-12 22:39:56.896382
U3,59,salaried,75331,547,high,Hyderabad,2021-03-09 22:39:56.896382
U4,54,self-employed,79760,532,high,Delhi,2023-11-17 22:39:56.896382
U5,34,salaried,100577,612,medium,Bangalore,2022-05-03 22:39:56.897382
U6,41,salaried,91688,546,high,Mumbai,2022-01-11 22:39:56.897382
U7,49,self-employed,192602,843,low,Kanpur,2021-06-23 22:39:56.897382
U8,38,self-employed,154783,800,low,Kanpur,2021-09-03 22:39:56.897382
U9,57,salaried,46676,479,high,Delhi,2025-07-23 22:39:56.897382
U10,30,self-employed,125393,693,medium,Mumbai,2021-07-13 22:39:56.897382
U11,46,student,14230,355,high,Delhi,2023-10-06 22:39:56.897382
U12,44,self-employed,172264,824,low,Bangalore,2021-12-29 22:39:56.897382
U13,46,salaried,38224,457,high,Delhi,2025-02-02 22:39:56.897382
U14,26,salaried,90319,535,high,Hyderabad,2025-10-22 22:39:56.897382
U15,36,student,15224,382,high,Mumbai,2022-09-09 22:39:56.897382
U16,24,self-employed,108716,605,medium,Delhi,2021-06-14 22:39:56.897382
U17,23,salaried,60220,473,high,Bangalore,2022-05-23 22:39:56.897382
U18,42,student,5789,362,high,Hyderabad,2022-03-15 22:39:56.897382
U19,44,salaried,104476,565,high,Hyderabad,2024-04-25 22:39:56.897382
U20,40,salaried,74076,503,high,Delhi,2024-01-05 22:39:56.897382
U21,54,salaried,53817,435,high,Pune,2026-01-19 22:39:56.897382
U22,43,salaried,74915,530,high,Kanpur,2023-10-23 22:39:56.897382
U23,34,salaried,113069,685,medium,Delhi,2024-06-24 22:39:56.897382
U24,34,student,5957,334,high,Kanpur,2021-12-17 22:39:56.897382
U25,29,student,9836,369,high,Bangalore,2020-12-02 22:39:56.897382
U26,51,self-employed,184099,866,low,Delhi,2020-11-19 22:39:56.897382
U27,36,self-employed,81425,575,high,Kanpur,2022-10-05 22:39:56.897382
U28,24,salaried,28966,360,high,Mumbai,2025-03-06 22:39:56.897382
U29,53,self-employed,99062,634,medium,Bangalore,2025-04-03 22:39:56.897382
U30,23,student,16856,396,high,Mumbai,2023-03-12 22:39:56.897382
U31,59,self-employed,103950,568,high,Bangalore,2025-09-26 22:39:56.897382
U32,32,self-employed,159000,822,low,Hyderabad,2025-02-16 22:39:56.897382
U33,61,student,17578,353,high,Delhi,2024-02-09 22:39:56.897382
U34,46,student,15219,368,high,Hyderabad,2025-01-26 22:39:56.897382
U35,64,self-employed,93239,537,high,Kanpur,2025-07-30 22:39:56.897382
U36,30,salaried,100830,579,high,Bangalore,2023-09-02 22:39:56.897382
U37,62,salaried,86215,599,high,Pune,2021-11-27 22:39:56.897382
U38,35,self-employed,189347,880,low,Pune,2021-05-29 22:39:56.897382
U39,55,salaried,84936,531,high,Mumbai,2024-08-07 22:39:56.897382
U40,55,salaried,107436,645,medium,Mumbai,2022-12-06 22:39:56.897382
U41,22,salaried,62231,453,high,Mumbai,2022-01-13 22:39:56.897382
U42,27,self-employed,154037,718,medium,Pune,2022-04-20 22:39:56.897382
U43,39,student,7756,330,high,Bangalore,2023-12-28 22:39:56.897382
U44,47,self-employed,76689,566,high,Hyderabad,2022-11-28 22:39:56.897382
U45,59,student,13772,331,high,Hyderabad,2021-05-03 22:39:56.897382
U46,62,salaried,117299,635,medium,Hyderabad,2023-04-27 22:39:56.897382
U47,56,self-employed,158829,784,low,Delhi,2022-04-11 22:39:56.897382
U48,50,salaried,35064,436,high,Mumbai,2024-09-22 22:39:56.897382
U49,46,salaried,26571,329,high,Kanpur,2021-05-20 22:39:56.897382
U50,61,student,12900,304,high,Kanpur,2021-01-19 22:39:56.897382
U51,51,student,19647,351,high,Pune,2021-08-09 22:39:56.897382
U52,56,student,12936,313,high,Pune,2022-04-10 22:39:56.897382
U53,36,salaried,53839,465,high,Hyderabad,2025-10-21 22:39:56.897382
U54,63,student,9180,337,high,Pune,2020-11-15 22:39:56.897382
U55,40,student,9053,331,high,Pune,2025-01-18 22:39:56.897382
U56,25,student,11734,319,high,Pune,2020-12-28 22:39:56.897382
U57,33,self-employed,79107,575,high,Hyderabad,2022-10-10 22:39:56.897382
U58,34,self-employed,38144,420,high,Kanpur,2021-11-17 22:39:56.897382
U59,40,student,7704,314,high,Pune,2025-11-05 22:39:56.897382
U60,40,student,14051,374,high,Bangalore,2025-01-14 22:39:56.897382
U61,53,student,17735,377,high,Mumbai,2021-11-09 22:39:56.897382
U62,34,student,14167,367,high,Bangalore,2020-12-07 22:39:56.897382
U63,30,student,8987,353,high,Bangalore,2021-11-16 22:39:56.897382
U64,18,student,7675,300,high,Mumbai,2023-06-04 22:39:56.897382
U65,29,student,18008,326,high,Bangalore,2022-11-09 22:39:56.897382
U66,53,salaried,42805,470,high,Pune,2023-01-31 22:39:56.897382
U67,49,self-employed,31971,423,high,Kanpur,2022-06-12 22:39:56.897382
U68,38,self-employed,163760,785,low,Hyderabad,2022-09-04 22:39:56.897382
U69,40,self-employed,116283,647,medium,Mumbai,2023-11-04 22:39:56.897382
U70,22,student,11643,337,high,Pune,2023-08-31 22:39:56.897382
U71,56,student,7359,355,high,Kanpur,2025-11-30 22:39:56.897382
U72,45,self-employed,112240,608,medium,Delhi,2020-11-12 22:39:56.897382
U73,65,salaried,69053,494,high,Mumbai,2021-09-05 22:39:56.898810
U74,31,student,13633,351,high,Bangalore,2025-07-07 22:39:56.898810
U75,41,salaried,94649,621,medium,Bangalore,2025-08-15 22:39:56.898810
U76,47,salaried,55409,474,high,Hyderabad,2024-03-15 22:39:56.898810
U77,18,self-employed,197850,898,low,Mumbai,2022-10-07 22:39:56.898810
U78,58,student,13216,388,high,Mumbai,2020-11-19 22:39:56.898810
U79,21,salaried,71007,518,high,Pune,2021-07-28 22:39:56.898810
U80,41,salaried,100586,589,high,Pune,2025-05-26 22:39:56.898810
U81,65,student,17874,366,high,Mumbai,2021-01-07 22:39:56.898810
U82,40,salaried,45068,463,high,Delhi,2020-10-28 22:39:56.898810
U83,49,self-employed,22397,406,high,Mumbai,2021-04-12 22:39:56.898810
U84,24,self-employed,109414,635,medium,Hyderabad,2021-10-06 22:39:56.898810
U85,45,salaried,109871,663,medium,Kanpur,2023-06-18 22:39:56.898810
U86,39,student,11683,327,high,Bangalore,2024-12-16 22:39:56.898810
U87,23,self-employed,86162,583,high,Hyderabad,2020-11-10 22:39:56.898810
U88,65,student,8811,339,high,Delhi,2022-04-11 22:39:56.898810
U89,36,self-employed,122814,706,medium,Hyderabad,2022-07-28 22:39:56.898810
U90,24,student,18476,382,high,Pune,2022-01-01 22:39:56.898810
U91,57,student,19624,334,high,Hyderabad,2021-08-23 22:39:56.898810
U92,45,self-employed,137104,714,medium,Mumbai,2023-11-10 22:39:56.898810
U93,51,salaried,115141,629,medium,Pune,2020-10-16 22:39:56.898810
U94,62,self-employed,170729,795,low,Mumbai,2025-04-17 22:39:56.898810
U95,27,student,8450,300,high,Delhi,2024-05-11 22:39:56.898810
U96,49,student,19067,379,high,Pune,2022-08-25 22:39:56.898810
U97,41,self-employed,103359,588,high,Mumbai,2024-04-07 22:39:56.898810
U98,32,salaried,25948,388,high,Pune,2021-06-19 22:39:56.898810
U99,19,student,6899,363,high,Pune,2020-12-29 22:39:56.898810
U100,32,salaried,52851,506,high,Pune,2022-08-23 22:39:56.898810
U101,49,self-employed,45473,462,high,Kanpur,2022-11-19 22:39:56.898810
U102,41,salaried,99941,634,medium,Delhi,2025-09-19 22:39:56.898810
U103,51,self-employed,181240,838,low,Pune,2024-07-23 22:39:56.898810
U104,50,student,9230,300,high,Pune,2023-06-06 22:39:56.898810
U105,24,self-employed,167554,850,low,Hyderabad,2021-08-08 22:39:56.898810
U106,24,salaried,99943,641,medium,Kanpur,2022-01-04 22:39:56.898810
U107,61,self-employed,157803,760,low,Bangalore,2025-08-20 22:39:56.898810
U108,32,self-employed,55919,513,high,Hyderabad,2022-03-30 22:39:56.898810
U109,26,student,7091,300,high,Delhi,2022-10-03 22:39:56.898810
U110,55,salaried,84658,507,high,Mumbai,2025-09-08 22:39:56.898810
U111,25,self-employed,162353,779,low,Kanpur,2023-02-11 22:39:56.898810
U112,33,student,18110,346,high,Bangalore,2022-10-14 22:39:56.898810
U113,18,self-employed,106224,577,high,Delhi,2021-02-04 22:39:56.898810
U114,23,self-employed,98950,581,high,Kanpur,2024-07-27 22:39:56.898810
U115,28,self-employed,136456,691,medium,Hyderabad,2023-06-08 22:39:56.898810
U116,61,self-employed,193504,900,low,Hyderabad,2024-04-15 22:39:56.898810
U117,37,self-employed,116922,695,medium,Mumbai,2024-10-04 22:39:56.898810
U118,53,student,7448,300,high,Kanpur,2021-01-08 22:39:56.898810
U119,39,salaried,35165,422,high,Hyderabad,2023-08-28 22:39:56.898810
U120,41,self-employed,161201,810,low,Kanpur,2023-10-11 22:39:56.898810
U121,20,student,19306,373,high,Mumbai,2025-12-03 22:39:56.898810
U122,64,student,14724,350,high,Kanpur,2020-10-18 22:39:56.898810
U123,37,salaried,49725,407,high,Kanpur,2023-10-17 22:39:56.898810
U124,63,student,14024,331,high,Pune,2024-08-13 22:39:56.898810
U125,44,salaried,74992,517,high,Mumbai,2022-04-27 22:39:56.899808
U126,64,self-employed,74138,548,high,Kanpur,2020-11-19 22:39:56.899808
U127,21,self-employed,49265,418,high,Bangalore,2021-10-07 22:39:56.899808
U128,40,salaried,111594,627,medium,Mumbai,2022-05-08 22:39:56.899808
U129,24,salaried,62903,465,high,Hyderabad,2023-12-09 22:39:56.899808
U130,24,student,15557,325,high,Delhi,2022-06-13 22:39:56.899808
U131,29,student,17305,314,high,Bangalore,2024-12-07 22:39:56.899808
U132,25,self-employed,43572,395,high,Mumbai,2021-02-19 22:39:56.899808
U133,44,self-employed,141208,722,medium,Mumbai,2024-02-22 22:39:56.899808
U134,33,salaried,111427,654,medium,Delhi,2021-04-10 22:39:56.899808
U135,50,self-employed,197253,900,low,Kanpur,2023-06-29 22:39:56.899808
U136,33,student,8216,341,high,Hyderabad,2024-01-03 22:39:56.899808
U137,45,self-employed,107195,618,medium,Delhi,2021-04-17 22:39:56.899808
U138,55,student,7759,338,high,Pune,2023-11-06 22:39:56.899808
U139,63,self-employed,70940,489,high,Bangalore,2020-08-30 22:39:56.899808
U140,31,self-employed,75062,480,high,Kanpur,2021-03-31 22:39:56.899808
U141,52,student,9600,300,high,Hyderabad,2022-10-06 22:39:56.899808
U142,62,self-employed,39701,380,high,Bangalore,2023-11-17 22:39:56.899808
U143,48,salaried,38778,453,high,Delhi,2024-10-31 22:39:56.899808
U144,25,self-employed,155459,803,low,Hyderabad,2021-06-11 22:39:56.899808
U145,22,salaried,44602,446,high,Mumbai,2022-07-07 22:39:56.899808
U146,65,student,7167,300,high,Delhi,2020-10-07 22:39:56.899808
U147,48,salaried,37766,461,high,Hyderabad,2024-03-25 22:39:56.899808
U148,54,self-employed,137024,690,medium,Kanpur,2023-06-26 22:39:56.899808
U149,51,salaried,110656,631,medium,Bangalore,2022-10-17 22:39:56.899808
U150,27,salaried,82758,530,high,Hyderabad,2025-11-24 22:39:56.899808
U151,55,student,13368,300,high,Bangalore,2024-08-08 22:39:56.899808
U152,25,student,14533,300,high,Delhi,2021-09-12 22:39:56.899808
U153,34,salaried,115175,628,medium,Mumbai,2021-06-25 22:39:56.899808
U154,49,salaried,32492,442,high,Kanpur,2021-11-20 22:39:56.899808
U155,62,self-employed,47882,457,high,Delhi,2022-07-06 22:39:56.899808
U156,28,student,15322,389,high,Hyderabad,2020-09-21 22:39:56.899808
U157,42,student,12385,300,high,Hyderabad,2022-10-15 22:39:56.899808
U158,59,salaried,111989,600,medium,Kanpur,2024-01-31 22:39:56.899808
U159,21,self-employed,170048,824,low,Kanpur,2025-12-02 22:39:56.899808
U160,35,student,6819,324,high,Pune,2024-03-22 22:39:56.899808
U161,21,student,17149,401,high,Bangalore,2020-08-31 22:39:56.899808
U162,48,salaried,27279,373,high,Delhi,2023-11-09 22:39:56.899808
U163,49,student,6346,369,high,Mumbai,2025-09-24 22:39:56.899808
U164,50,salaried,117696,697,medium,Kanpur,2022-03-11 22:39:56.899808
U165,63,student,9565,328,high,Hyderabad,2022-01-04 22:39:56.899808
U166,28,student,17663,379,high,Bangalore,2021-04-09 22:39:56.899808
U167,26,salaried,111800,661,medium,Delhi,2022-11-11 22:39:56.899808
U168,24,self-employed,84397,509,high,Kanpur,2023-02-05 22:39:56.900813
U169,31,salaried,54004,430,high,Hyderabad,2023-07-03 22:39:56.900813
U170,62,self-employed,169115,821,low,Mumbai,2023-10-17 22:39:56.900813
U171,56,self-employed,92487,621,medium,Delhi,2024-04-12 22:39:56.900813
U172,55,salaried,115079,693,medium,Hyderabad,2025-11-18 22:39:56.900813
U173,53,student,7839,300,high,Delhi,2022-04-21 22:39:56.900813
U174,19,salaried,99925,588,high,Bangalore,2025-02-21 22:39:56.900813
U175,48,student,18131,324,high,Hyderabad,2024-10-25 22:39:56.900813
U176,19,salaried,116563,676,medium,Mumbai,2025-11-26 22:39:56.900813
U177,18,self-employed,34486,365,high,Mumbai,2022-07-08 22:39:56.900813
U178,32,salaried,26216,331,high,Delhi,2024-08-18 22:39:56.900813
U179,62,student,14190,334,high,Delhi,2024-02-08 22:39:56.900813
U180,19,student,19474,337,high,Mumbai,2025-06-03 22:39:56.900813
U181,38,student,9613,326,high,Kanpur,2023-01-17 22:39:56.900813
U182,28,student,7599,344,high,Hyderabad,2023-12-18 22:39:56.900813
U183,19,student,17599,378,high,Mumbai,2024-08-17 22:39:56.900813
U184,52,student,6082,315,high,Mumbai,2023-09-13 22:39:56.900813
U185,20,student,5400,300,high,Mumbai,2023-03-06 22:39:56.900813
U186,27,student,12195,300,high,Bangalore,2024-06-15 22:39:56.900813
U187,32,student,7904,320,high,Bangalore,2020-10-14 22:39:56.900813
U188,28,student,17495,393,high,Pune,2024-12-04 22:39:56.900813
U189,65,salaried,46308,458,high,Mumbai,2023-01-13 22:39:56.900813
U190,43,student,13514,337,high,Pune,2021-03-13 22:39:56.900813
U191,54,salaried,50313,487,high,Delhi,2021-01-17 22:39:56.900813
U192,38,self-employed,145340,722,medium,Hyderabad,2023-12-20 22:39:56.900813
U193,20,self-employed,103635,655,medium,Delhi,2025-10-18 22:39:56.900813
U194,28,salaried,39527,419,high,Hyderabad,2022-07-21 22:39:56.900813
U195,51,salaried,111191,682,medium,Mumbai,2023-05-14 22:39:56.900813
U196,57,student,18965,330,high,Kanpur,2025-09-11 22:39:56.900813
U197,37,student,19958,376,high,Delhi,2022-12-06 22:39:56.900813
U198,24,self-employed,35254,393,high,Pune,2021-11-20 22:39:56.900813
U199,59,salaried,52806,442,high,Hyderabad,2022-11-18 22:39:56.900813
U200,35,self-employed,77401,507,high,Mumbai,2025-12-21 22:39:56.900813
U201,38,student,5900,300,high,Hyderabad,2021-07-01 22:39:56.900813
U202,33,student,12102,351,high,Bangalore,2024-05-13 22:39:56.900813
U203,59,self-employed,62309,518,high,Delhi,2022-03-16 22:39:56.900813
U204,62,student,15568,318,high,Bangalore,2025-01-24 22:39:56.900813
U205,53,self-employed,140208,678,medium,Kanpur,2025-11-29 22:39:56.900813
U206,32,salaried,37101,412,high,Kanpur,2024-07-13 22:39:56.900813
U207,26,student,19537,348,high,Mumbai,2022-04-16 22:39:56.900813
U208,58,self-employed,194339,878,low,Hyderabad,2025-02-16 22:39:56.900813
U209,45,student,16837,400,high,Hyderabad,2020-09-09 22:39:56.900813
U210,23,student,6369,300,high,Hyderabad,2021-10-04 22:39:56.900813
U211,45,self-employed,156266,804,low,Kanpur,2024-07-19 22:39:56.900813
U212,60,salaried,61134,456,high,Pune,2024-05-19 22:39:56.900813
U213,57,student,15678,353,high,Hyderabad,2025-11-25 22:39:56.900813
U214,61,student,13889,330,high,Delhi,2024-10-25 22:39:56.900813
U215,20,salaried,62275,452,high,Bangalore,2021-12-01 22:39:56.900813
U216,43,salaried,37086,409,high,Kanpur,2024-05-09 22:39:56.900813
U217,32,student,10712,310,high,Delhi,2025-11-01 22:39:56.900813
U218,57,student,17734,327,high,Kanpur,2022-02-03 22:39:56.900813
U219,26,salaried,108552,584,high,Delhi,2022-05-13 22:39:56.900813
U220,25,student,7944,324,high,Kanpur,2024-05-31 22:39:56.900813
U221,30,student,5307,300,high,Bangalore,2025-09-06 22:39:56.900813
U222,55,salaried,66681,497,high,Mumbai,2022-11-04 22:39:56.901806
U223,20,self-employed,96351,631,medium,Pune,2022-11-13 22:39:56.901806
U224,44,self-employed,61832,461,high,Mumbai,2021-05-26 22:39:56.901806
U225,49,student,13207,347,high,Kanpur,2024-03-21 22:39:56.901806
U226,28,student,18756,344,high,Bangalore,2020-09-09 22:39:56.901806
U227,56,self-employed,32169,421,high,Kanpur,2023-05-02 22:39:56.901806
U228,27,self-employed,92209,577,high,Hyderabad,2024-10-01 22:39:56.901806
U229,30,salaried,81387,529,high,Hyderabad,2025-06-08 22:39:56.901806
U230,64,salaried,81413,520,high,Delhi,2023-09-26 22:39:56.901806
U231,42,salaried,96524,551,high,Kanpur,2025-11-07 22:39:56.901806
U232,38,salaried,74662,496,high,Bangalore,2024-08-19 22:39:56.901806
U233,51,salaried,59695,429,high,Hyderabad,2023-02-15 22:39:56.901806
U234,23,student,11691,373,high,Kanpur,2023-04-09 22:39:56.901806
U235,19,salaried,43738,456,high,Mumbai,2023-07-15 22:39:56.901806
U236,45,salaried,105917,567,high,Mumbai,2025-08-05 22:39:56.901806
U237,42,self-employed,155341,724,medium,Delhi,2025-04-23 22:39:56.901806
U238,44,student,18911,315,high,Kanpur,2023-05-02 22:39:56.901806
U239,36,salaried,80624,521,high,Delhi,2021-10-15 22:39:56.901806
U240,31,salaried,47889,409,high,Hyderabad,2024-01-27 22:39:56.901806
U241,44,self-employed,32788,359,high,Kanpur,2025-08-11 22:39:56.901806
U242,26,self-employed,91331,526,high,Pune,2024-07-11 22:39:56.901806
U243,53,student,9672,349,high,Hyderabad,2023-01-24 22:39:56.901806
U244,23,salaried,61576,532,high,Bangalore,2025-01-19 22:39:56.901806
U245,62,salaried,102939,609,medium,Hyderabad,2022-05-15 22:39:56.901806
U246,45,salaried,109683,667,medium,Delhi,2020-10-21 22:39:56.901806
U247,62,salaried,97570,546,high,Hyderabad,2022-03-11 22:39:56.901806
U248,39,self-employed,191856,854,low,Kanpur,2022-12-11 22:39:56.901806
U249,53,self-employed,130287,640,medium,Kanpur,2021-01-31 22:39:56.901806
U250,49,self-employed,118258,667,medium,Pune,2023-08-09 22:39:56.901806
U251,40,self-employed,159009,816,low,Delhi,2021-02-28 22:39:56.901806
U252,61,salaried,56461,464,high,Bangalore,2025-12-12 22:39:56.901806
U253,54,salaried,76247,544,high,Hyderabad,2021-08-05 22:39:56.901806
U254,31,salaried,90279,528,high,Bangalore,2025-11-14 22:39:56.901806
U255,60,self-employed,143951,758,low,Kanpur,2024-09-27 22:39:56.901806
U256,47,salaried,66980,506,high,Kanpur,2024-12-19 22:39:56.901806
U257,58,student,7693,325,high,Hyderabad,2025-01-06 22:39:56.901806
U258,19,student,10821,315,high,Mumbai,2023-04-11 22:39:56.901806
U259,48,student,11653,345,high,Pune,2020-10-17 22:39:56.901806
U260,35,salaried,52834,467,high,Pune,2022-06-01 22:39:56.901806
U261,49,self-employed,122173,641,medium,Kanpur,2024-01-01 22:39:56.901806
U262,34,self-employed,159123,797,low,Mumbai,2021-11-25 22:39:56.901806
U263,42,salaried,90583,523,high,Kanpur,2024-04-16 22:39:56.901806
U264,23,salaried,74447,528,high,Delhi,2022-04-20 22:39:56.901806
U265,41,salaried,70452,547,high,Delhi,2022-04-12 22:39:56.901806
U266,59,student,6359,339,high,Pune,2024-12-13 22:39:56.901806
U267,40,student,11464,342,high,Hyderabad,2022-09-02 22:39:56.901806
U268,29,self-employed,165183,842,low,Pune,2025-02-25 22:39:56.901806
U269,22,salaried,67451,484,high,Pune,2024-07-05 22:39:56.901806
U270,21,student,15023,336,high,Bangalore,2021-02-17 22:39:56.901806
U271,40,student,12752,334,high,Delhi,2025-02-28 22:39:56.901806
U272,57,student,11012,369,high,Bangalore,2024-03-16 22:39:56.901806
U273,34,salaried,87443,568,high,Hyderabad,2023-09-21 22:39:56.901806
U274,28,student,15675,345,high,Kanpur,2022-11-18 22:39:56.901806
U275,20,student,8998,305,high,Hyderabad,2025-07-31 22:39:56.901806
U276,37,salaried,44638,436,high,Bangalore,2021-06-09 22:39:56.901806
U277,62,student,12130,348,high,Hyderabad,2023-12-21 22:39:56.901806
U278,47,salaried,58917,426,high,Hyderabad,2021-05-06 22:39:56.901806
U279,54,salaried,67690,528,high,Mumbai,2021-07-07 22:39:56.901806
U280,39,student,6515,311,high,Bangalore,2024-08-21 22:39:56.901806
U281,37,student,7395,300,high,Mumbai,2021-03-25 22:39:56.901806
U282,38,self-employed,153655,779,low,Kanpur,2021-09-15 22:39:56.902803
U283,41,student,14553,300,high,Bangalore,2021-07-16 22:39:56.902803
U284,24,self-employed,104831,626,medium,Mumbai,2021-05-11 22:39:56.902803
U285,57,salaried,74897,558,high,Delhi,2025-03-29 22:39:56.902803
U286,27,student,5822,355,high,Delhi,2022-02-21 22:39:56.902803
U287,64,self-employed,104594,632,medium,Bangalore,2021-01-27 22:39:56.902803
U288,24,student,18814,326,high,Delhi,2021-10-27 22:39:56.902803
U289,38,self-employed,25752,334,high,Hyderabad,2024-07-16 22:39:56.902803
U290,20,student,14725,314,high,Pune,2023-08-29 22:39:56.902803
U291,54,self-employed,53505,457,high,Pune,2023-08-14 22:39:56.902803
U292,22,salaried,74026,537,high,Delhi,2022-07-25 22:39:56.902803
U293,65,salaried,45040,473,high,Delhi,2023-04-20 22:39:56.902803
U294,56,self-employed,21592,320,high,Pune,2020-09-24 22:39:56.902803
U295,24,salaried,43926,481,high,Delhi,2025-02-12 22:39:56.902803
U296,37,student,16457,354,high,Pune,2025-09-03 22:39:56.902803
U297,19,self-employed,145319,755,low,Hyderabad,2020-09-07 22:39:56.902803
U298,54,salaried,113287,635,medium,Mumbai,2020-09-18 22:39:56.902803
U299,40,self-employed,120028,632,medium,Hyderabad,2023-05-17 22:39:56.902803
U300,62,student,18199,367,high,Pune,2023-03-01 22:39:56.902803
U301,64,salaried,75586,551,high,Mumbai,2024-10-18 22:39:56.902803
U302,61,self-employed,67428,490,high,Hyderabad,2025-08-12 22:39:56.902803
U303,44,student,17817,353,high,Pune,2025-11-03 22:39:56.902803
U304,29,salaried,78576,571,high,Kanpur,2022-07-23 22:39:56.902803
U305,44,self-employed,175978,821,low,Kanpur,2024-06-26 22:39:56.902803
U306,18,self-employed,174735,774,low,Hyderabad,2022-11-19 22:39:56.902803
U307,50,student,12306,300,high,Delhi,2023-08-12 22:39:56.902803
U308,25,student,12794,308,high,Bangalore,2022-03-21 22:39:56.902803
U309,21,self-employed,173463,848,low,Bangalore,2021-11-16 22:39:56.902803
U310,50,self-employed,41161,378,high,Pune,2024-02-23 22:39:56.902803
U311,46,student,12421,341,high,Mumbai,2023-02-28 22:39:56.902803
U312,54,student,13780,356,high,Mumbai,2021-09-14 22:39:56.902803
U313,25,student,10675,313,high,Pune,2024-12-24 22:39:56.902803
U314,65,student,9767,300,high,Bangalore,2023-04-21 22:39:56.902803
U315,50,student,16735,385,high,Mumbai,2026-01-07 22:39:56.902803
U316,25,self-employed,25075,347,high,Kanpur,2023-12-01 22:39:56.902803
U317,24,student,18511,397,high,Delhi,2021-11-26 22:39:56.902803
U318,44,self-employed,166667,827,low,Hyderabad,2025-06-21 22:39:56.902803
U319,52,self-employed,147058,753,low,Mumbai,2024-05-26 22:39:56.902803
U320,61,self-employed,112189,656,medium,Kanpur,2021-08-06 22:39:56.902803
U321,55,salaried,52988,497,high,Bangalore,2024-06-26 22:39:56.902803
U322,46,student,15013,311,high,Kanpur,2023-10-04 22:39:56.902803
U323,35,salaried,104368,617,medium,Bangalore,2020-11-26 22:39:56.902803
U324,37,salaried,33962,372,high,Hyderabad,2025-11-03 22:39:56.902803
U325,38,self-employed,102617,645,medium,Mumbai,2021-12-08 22:39:56.902803
U326,40,student,10139,300,high,Kanpur,2021-01-27 22:39:56.902803
U327,57,salaried,112011,661,medium,Mumbai,2023-07-26 22:39:56.902803
U328,52,salaried,42294,422,high,Pune,2021-11-06 22:39:56.902803
U329,59,salaried,87117,593,high,Delhi,2021-08-01 22:39:56.902803
U330,38,self-employed,115913,601,medium,Pune,2022-01-19 22:39:56.902803
U331,56,salaried,77573,526,high,Hyderabad,2024-12-28 22:39:56.902803
U332,54,self-employed,106399,635,medium,Pune,2021-08-16 22:39:56.902803
U333,43,salaried,111673,639,medium,Kanpur,2021-08-26 22:39:56.902803
U334,64,self-employed,108924,657,medium,Pune,2024-06-12 22:39:56.902803
U335,52,salaried,95854,542,high,Kanpur,2022-11-02 22:39:56.903803
U336,43,student,5579,307,high,Delhi,2020-11-15 22:39:56.903803
U337,20,salaried,86365,565,high,Bangalore,2022-08-07 22:39:56.903803
U338,36,salaried,109204,612,medium,Bangalore,2024-02-04 22:39:56.903803
U339,37,salaried,114885,594,high,Kanpur,2023-08-22 22:39:56.903803
U340,52,self-employed,70409,501,high,Mumbai,2024-08-06 22:39:56.903803
U341,58,self-employed,142630,769,low,Hyderabad,2024-07-23 22:39:56.903803
U342,45,student,18488,364,high,Mumbai,2025-03-28 22:39:56.903803
U343,64,student,10087,316,high,Delhi,2020-12-09 22:39:56.903803
U344,32,salaried,55092,470,high,Kanpur,2024-06-24 22:39:56.903803
U345,35,self-employed,132131,726,medium,Hyderabad,2025-04-22 22:39:56.903803
U346,49,self-employed,53601,479,high,Bangalore,2022-04-29 22:39:56.903803
U347,20,student,9364,364,high,Bangalore,2024-11-05 22:39:56.903803
U348,34,salaried,46064,470,high,Hyderabad,2025-11-23 22:39:56.903803
U349,58,salaried,31948,355,high,Bangalore,2023-09-16 22:39:56.903803
U350,60,self-employed,199196,900,low,Pune,2023-01-20 22:39:56.903803
U351,44,student,5157,324,high,Mumbai,2024-02-26 22:39:56.903803
U352,18,self-employed,161457,758,low,Pune,2021-02-23 22:39:56.903803
U353,51,self-employed,54219,479,high,Mumbai,2025-07-05 22:39:56.903803
U354,27,self-employed,66388,461,high,Pune,2025-05-27 22:39:56.903803
U355,21,self-employed,176654,854,low,Pune,2023-07-29 22:39:56.903803
U356,28,salaried,80485,567,high,Bangalore,2022-03-14 22:39:56.903803
U357,60,self-employed,49322,399,high,Kanpur,2025-05-27 22:39:56.903803
U358,43,salaried,58949,489,high,Bangalore,2023-10-06 22:39:56.903803
U359,56,salaried,50950,459,high,Bangalore,2020-12-09 22:39:56.903803
U360,55,student,7050,338,high,Bangalore,2024-12-02 22:39:56.903803
U361,53,self-employed,24460,375,high,Bangalore,2021-11-14 22:39:56.903803
U362,27,self-employed,182847,877,low,Kanpur,2023-10-14 22:39:56.903803
U363,55,student,16255,300,high,Hyderabad,2022-08-08 22:39:56.903803
U364,59,student,17826,353,high,Delhi,2022-08-27 22:39:56.903803
U365,46,student,11132,310,high,Delhi,2026-01-10 22:39:56.903803
U366,26,self-employed,42683,394,high,Mumbai,2023-07-27 22:39:56.903803
U367,63,salaried,56591,460,high,Hyderabad,2025-01-27 22:39:56.903803
U368,46,salaried,86249,535,high,Mumbai,2024-08-25 22:39:56.903803
U369,35,self-employed,32553,411,high,Mumbai,2025-03-27 22:39:56.903803
U370,60,student,16321,368,high,Delhi,2021-08-28 22:39:56.903803
U371,36,salaried,39457,435,high,Pune,2020-11-14 22:39:56.903803
U372,41,self-employed,132711,730,medium,Bangalore,2024-12-30 22:39:56.903803
U373,31,salaried,81076,571,high,Kanpur,2023-12-18 22:39:56.903803
U374,53,student,8392,318,high,Hyderabad,2024-01-18 22:39:56.903803
U375,56,salaried,43803,413,high,Bangalore,2025-10-07 22:39:56.903803
U376,57,self-employed,191020,891,low,Kanpur,2025-06-09 22:39:56.903803
U377,30,salaried,48254,411,high,Bangalore,2024-01-17 22:39:56.903803
U378,62,student,15385,350,high,Bangalore,2024-10-06 22:39:56.903803
U379,55,salaried,74499,493,high,Bangalore,2024-02-02 22:39:56.903803
U380,50,self-employed,45392,448,high,Hyderabad,2023-07-17 22:39:56.903803
U381,48,salaried,76344,523,high,Mumbai,2022-10-07 22:39:56.903803
U382,64,self-employed,48772,427,high,Bangalore,2024-12-08 22:39:56.903803
U383,21,salaried,34662,358,high,Delhi,2023-04-17 22:39:56.903803
U384,21,self-employed,77150,541,high,Bangalore,2020-11-27 22:39:56.903803
U385,19,salaried,69174,526,high,Delhi,2023-08-07 22:39:56.903803
U386,60,student,16142,339,high,Mumbai,2021-10-15 22:39:56.903803
U387,39,student,15237,314,high,Pune,2022-10-04 22:39:56.903803
U388,20,student,17046,401,high,Bangalore,2023-02-15 22:39:56.903803
U389,19,student,5956,302,high,Bangalore,2020-12-11 22:39:56.904800
U390,27,self-employed,193074,852,low,Mumbai,2026-01-05 22:39:56.904800
U391,55,student,18124,362,high,Hyderabad,2022-07-30 22:39:56.904800
U392,26,self-employed,168693,843,low,Delhi,2021-12-05 22:39:56.904800
U393,23,student,16456,305,high,Delhi,2025-10-31 22:39:56.904800
U394,54,self-employed,168820,810,low,Kanpur,2022-08-14 22:39:56.904800
U395,20,salaried,54502,491,high,Bangalore,2021-02-19 22:39:56.904800
U396,59,salaried,46012,429,high,Kanpur,2021-06-11 22:39:56.904800
U397,29,student,15725,304,high,Bangalore,2021-11-06 22:39:56.904800
U398,50,salaried,62379,525,high,Kanpur,2023-07-05 22:39:56.904800
U399,48,student,11967,300,high,Bangalore,2021-06-04 22:39:56.904800
U400,41,self-employed,25236,376,high,Hyderabad,2021-12-01 22:39:56.904800
U401,60,student,17765,327,high,Bangalore,2024-04-17 22:39:56.904800
U402,24,self-employed,173358,797,low,Pune,2022-02-05 22:39:56.904800
U403,37,student,6542,350,high,Bangalore,2020-10-28 22:39:56.904800
U404,50,self-employed,43154,390,high,Mumbai,2024-01-23 22:39:56.904800
U405,46,student,14933,382,high,Bangalore,2023-10-18 22:39:56.904800
U406,23,student,14934,318,high,Pune,2025-04-30 22:39:56.904800
U407,26,salaried,77932,488,high,Kanpur,2022-03-20 22:39:56.904800
U408,54,student,11164,300,high,Hyderabad,2023-09-08 22:39:56.904800
U409,42,self-employed,147934,708,medium,Mumbai,2023-07-04 22:39:56.904800
U410,50,salaried,101085,632,medium,Delhi,2025-04-12 22:39:56.904800
U411,41,salaried,59483,434,high,Bangalore,2025-05-09 22:39:56.904800
U412,65,student,12157,377,high,Mumbai,2022-11-23 22:39:56.904800
U413,62,self-employed,191038,900,low,Mumbai,2020-09-21 22:39:56.904800
U414,38,self-employed,80521,581,high,Bangalore,2023-06-01 22:39:56.904800
U415,61,student,5059,362,high,Kanpur,2025-01-06 22:39:56.904800
U416,41,salaried,41865,463,high,Hyderabad,2024-12-07 22:39:56.904800
U417,26,student,10624,374,high,Hyderabad,2025-05-13 22:39:56.904800
U418,30,salaried,99902,566,high,Delhi,2025-09-27 22:39:56.904800
U419,48,salaried,52053,463,high,Pune,2023-07-31 22:39:56.904800
U420,29,self-employed,37782,456,high,Pune,2025-03-09 22:39:56.904800
U421,40,self-employed,123756,687,medium,Mumbai,2023-08-06 22:39:56.904800
U422,31,student,16727,373,high,Kanpur,2022-10-17 22:39:56.904800
U423,38,salaried,117137,691,medium,Bangalore,2024-06-07 22:39:56.904800
U424,54,self-employed,90673,560,high,Bangalore,2022-06-20 22:39:56.904800
U425,27,student,9256,337,high,Bangalore,2025-05-11 22:39:56.904800
U426,46,salaried,58548,480,high,Pune,2021-12-10 22:39:56.904800
U427,48,self-employed,198182,851,low,Hyderabad,2024-01-25 22:39:56.904800
U428,62,student,9279,300,high,Bangalore,2025-01-08 22:39:56.904800
U429,48,salaried,58166,427,high,Delhi,2024-09-18 22:39:56.904800
U430,37,self-employed,87972,526,high,Pune,2024-09-19 22:39:56.904800
U431,42,salaried,114585,679,medium,Bangalore,2022-12-13 22:39:56.904800
U432,23,self-employed,36292,429,high,Delhi,2023-08-09 22:39:56.904800
U433,41,student,6286,337,high,Pune,2024-05-26 22:39:56.904800
U434,21,self-employed,98219,586,high,Bangalore,2023-06-16 22:39:56.904800
U435,47,salaried,104211,566,high,Bangalore,2022-09-29 22:39:56.904800
U436,64,salaried,108600,591,high,Hyderabad,2021-12-21 22:39:56.904800
U437,30,salaried,99697,586,high,Bangalore,2023-02-07 22:39:56.904800
U438,28,student,12732,300,high,Mumbai,2024-05-09 22:39:56.904800
U439,60,self-employed,112828,615,medium,Bangalore,2024-09-07 22:39:56.904800
U440,34,student,12167,317,high,Kanpur,2023-04-21 22:39:56.904800
U441,58,salaried,27250,340,high,Bangalore,2021-10-07 22:39:56.904800
U442,23,self-employed,103378,636,medium,Kanpur,2023-10-13 22:39:56.904800
U443,25,salaried,112592,680,medium,Delhi,2021-07-08 22:39:56.904800
U444,64,salaried,32626,377,high,Mumbai,2020-10-14 22:39:56.904800
U445,19,salaried,64643,476,high,Hyderabad,2021-04-12 22:39:56.904800
U446,62,student,6355,349,high,Kanpur,2025-12-27 22:39:56.904800
U447,26,salaried,31557,356,high,Kanpur,2025-04-19 22:39:56.904800
U448,59,salaried,109240,662,medium,Hyderabad,2020-12-21 22:39:56.904800
U449,44,student,14552,368,high,Hyderabad,2023-10-15 22:39:56.904800
U450,43,student,18320,346,high,Mumbai,2025-01-07 22:39:56.904800
U451,49,salaried,39225,458,high,Kanpur,2022-07-31 22:39:56.904800
U452,50,student,13731,311,high,Bangalore,2022-03-28 22:39:56.904800
U453,53,student,16325,353,high,Pune,2021-08-19 22:39:56.904800
U454,37,student,13088,372,high,Pune,2024-03-12 22:39:56.904800
U455,34,self-employed,71870,476,high,Bangalore,2026-01-02 22:39:56.904800
U456,43,student,14479,357,high,Kanpur,2023-08-03 22:39:56.904800
U457,23,student,6778,331,high,Bangalore,2020-09-04 22:39:56.904800
U458,57,self-employed,99412,576,high,Kanpur,2021-02-12 22:39:56.904800
U459,28,self-employed,32820,407,high,Kanpur,2025-09-23 22:39:56.904800
U460,26,student,10217,324,high,Kanpur,2020-09-29 22:39:56.904800
U461,19,self-employed,73347,565,high,Kanpur,2023-05-11 22:39:56.904800
U462,44,student,14520,326,high,Delhi,2022-03-10 22:39:56.904800
U463,39,self-employed,188972,900,low,Delhi,2023-12-09 22:39:56.904800
U464,60,student,6956,357,high,Kanpur,2025-12-25 22:39:56.904800
U465,57,self-employed,126251,628,medium,Delhi,2025-01-10 22:39:56.904800
U466,41,student,8958,319,high,Bangalore,2022-01-16 22:39:56.906001
U467,48,salaried,52604,467,high,Kanpur,2023-03-08 22:39:56.906001
U468,60,salaried,52905,508,high,Mumbai,2023-12-26 22:39:56.906001
U469,58,salaried,30275,355,high,Kanpur,2022-10-16 22:39:56.906001
U470,57,salaried,32225,407,high,Kanpur,2024-04-04 22:39:56.906001
U471,56,self-employed,158110,748,medium,Pune,2022-11-02 22:39:56.906001
U472,42,student,14068,361,high,Hyderabad,2022-11-08 22:39:56.906001
U473,28,student,13086,386,high,Pune,2021-12-23 22:39:56.906001
U474,48,student,7603,370,high,Mumbai,2020-11-04 22:39:56.906001
U475,61,salaried,104411,634,medium,Kanpur,2021-04-27 22:39:56.906001
U476,22,student,16629,376,high,Kanpur,2021-06-21 22:39:56.906001
U477,64,self-employed,108082,628,medium,Bangalore,2020-09-14 22:39:56.906001
U478,57,self-employed,69486,471,high,Delhi,2024-11-15 22:39:56.906001
U479,57,salaried,97914,585,high,Kanpur,2025-07-07 22:39:56.906001
U480,36,self-employed,91399,524,high,Bangalore,2025-06-08 22:39:56.906001
U481,33,self-employed,112656,619,medium,Hyderabad,2022-10-09 22:39:56.906001
U482,63,student,9636,300,high,Pune,2021-10-16 22:39:56.906001
U483,22,self-employed,162633,766,low,Kanpur,2021-09-14 22:39:56.906001
U484,39,salaried,80896,542,high,Pune,2021-05-13 22:39:56.906001
U485,57,student,18758,318,high,Mumbai,2025-12-08 22:39:56.906001
U486,62,salaried,96734,617,medium,Bangalore,2020-10-13 22:39:56.906001
U487,30,student,14973,320,high,Mumbai,2024-04-30 22:39:56.906001
U488,20,salaried,111529,587,high,Kanpur,2025-07-30 22:39:56.906001
U489,54,salaried,95685,588,high,Kanpur,2021-05-11 22:39:56.906001
U490,61,self-employed,81992,505,high,Pune,2024-08-31 22:39:56.906001
U491,18,student,11412,300,high,Mumbai,2024-04-24 22:39:56.906001
U492,19,student,15661,300,high,Hyderabad,2022-03-12 22:39:56.906001
U493,38,self-employed,127796,708,medium,Mumbai,2022-03-27 22:39:56.906001
U494,54,student,9881,327,high,Kanpur,2024-02-20 22:39:56.906001
U495,44,student,12522,330,high,Mumbai,2021-07-16 22:39:56.906001
U496,31,student,15639,328,high,Mumbai,2022-07-30 22:39:56.906001
U497,46,student,12525,365,high,Hyderabad,2021-10-12 22:39:56.906001
U498,51,student,18447,357,high,Mumbai,2022-05-11 22:39:56.906001
U499,31,self-employed,47417,398,high,Bangalore,2021-05-09 22:39:56.906001
U500,19,salaried,35802,363,high,Hyderabad,2025-08-14 22:39:56.906001
U501,33,self-employed,149106,769,low,Mumbai,2023-08-12 22:39:56.906001
U502,62,salaried,63148,441,high,Pune,2021-12-29 22:39:56.906001
U503,53,student,12016,318,high,Pune,2023-07-02 22:39:56.906001
U504,55,self-employed,152088,741,medium,Delhi,2021-08-10 22:39:56.906001
U505,43,self-employed,148569,789,low,Mumbai,2021-08-06 22:39:56.906001
U506,54,self-employed,154184,725,medium,Mumbai,2025-01-16 22:39:56.906001
U507,56,salaried,42808,426,high,Delhi,2023-10-05 22:39:56.906001
U508,35,self-employed,199306,900,low,Bangalore,2021-04-20 22:39:56.906001
U509,27,student,5731,316,high,Bangalore,2020-09-13 22:39:56.906001
U510,60,student,17874,325,high,Pune,2025-01-29 22:39:56.906001
U511,64,student,15402,371,high,Mumbai,2022-12-11 22:39:56.906001
U512,51,student,12361,347,high,Mumbai,2025-08-13 22:39:56.906001
U513,55,student,13979,346,high,Kanpur,2021-08-02 22:39:56.906001
U514,47,student,13772,306,high,Mumbai,2022-09-13 22:39:56.906001
U515,47,student,11771,372,high,Bangalore,2022-01-10 22:39:56.906001
U516,20,salaried,29107,397,high,Delhi,2025-11-15 22:39:56.906001
U517,27,salaried,58856,440,high,Bangalore,2021-05-21 22:39:56.906001
U518,36,student,12127,314,high,Pune,2025-03-31 22:39:56.906001
U519,44,student,5584,300,high,Kanpur,2024-02-13 22:39:56.906001
U520,30,salaried,117253,701,medium,Pune,2025-06-17 22:39:56.906001
U521,26,student,18842,363,high,Delhi,2023-10-06 22:39:56.906001
U522,37,salaried,112011,665,medium,Pune,2024-12-27 22:39:56.906001
U523,41,salaried,43882,457,high,Hyderabad,2021-07-01 22:39:56.906001
U524,39,salaried,83080,502,high,Bangalore,2025-10-21 22:39:56.906001
U525,47,student,8849,336,high,Delhi,2023-01-24 22:39:56.906001
U526,35,student,7789,300,high,Pune,2025-04-02 22:39:56.906001
U527,37,self-employed,197935,880,low,Delhi,2020-12-29 22:39:56.907022
U528,20,student,5711,349,high,Kanpur,2022-08-10 22:39:56.907022
U529,28,salaried,59494,454,high,Bangalore,2021-07-04 22:39:56.907022
U530,33,self-employed,177070,877,low,Mumbai,2024-11-29 22:39:56.907022
U531,51,self-employed,165808,757,low,Pune,2022-07-29 22:39:56.907022
U532,55,student,9087,300,high,Pune,2021-11-23 22:39:56.907022
U533,39,salaried,116687,650,medium,Pune,2025-08-01 22:39:56.907022
U534,22,student,18069,363,high,Bangalore,2023-05-06 22:39:56.907022
U535,58,self-employed,142995,746,medium,Pune,2023-06-30 22:39:56.907022
U536,61,student,6527,357,high,Pune,2021-03-22 22:39:56.907022
U537,52,salaried,42241,471,high,Mumbai,2022-07-04 22:39:56.907022
U538,31,student,9870,377,high,Kanpur,2023-09-26 22:39:56.907022
U539,55,student,14005,344,high,Bangalore,2023-04-15 22:39:56.907022
U540,60,student,8228,300,high,Kanpur,2021-05-13 22:39:56.907022
U541,19,self-employed,196145,900,low,Bangalore,2023-06-08 22:39:56.907022
U542,33,student,13394,390,high,Hyderabad,2023-06-09 22:39:56.907022
U543,47,salaried,50049,455,high,Hyderabad,2022-02-02 22:39:56.907022
U544,34,self-employed,72970,546,high,Pune,2022-05-13 22:39:56.907022
U545,51,student,10843,361,high,Mumbai,2020-12-24 22:39:56.907022
U546,56,self-employed,110525,661,medium,Mumbai,2022-09-29 22:39:56.907022
U547,46,self-employed,54459,419,high,Kanpur,2022-09-15 22:39:56.907022
U548,19,self-employed,106872,588,high,Mumbai,2022-11-24 22:39:56.907022
U549,20,salaried,96526,545,high,Bangalore,2024-02-02 22:39:56.907022
U550,24,student,14093,361,high,Bangalore,2023-04-17 22:39:56.907022
U551,46,self-employed,110327,671,medium,Mumbai,2024-07-15 22:39:56.907022
U552,33,student,5741,331,high,Hyderabad,2022-12-30 22:39:56.907022
U553,27,salaried,30725,376,high,Kanpur,2023-09-16 22:39:56.907022
U554,63,self-employed,198532,860,low,Hyderabad,2021-08-28 22:39:56.907022
U555,30,student,6078,300,high,Hyderabad,2024-05-27 22:39:56.907022
U556,46,salaried,25654,412,high,Kanpur,2024-12-01 22:39:56.907022
U557,37,student,10331,300,high,Delhi,2022-12-26 22:39:56.907022
U558,21,student,6934,347,high,Delhi,2022-06-06 22:39:56.907022
U559,23,salaried,40105,404,high,Hyderabad,2020-12-26 22:39:56.907022
U560,64,salaried,85212,549,high,Mumbai,2023-03-29 22:39:56.907022
U561,26,student,5422,300,high,Bangalore,2025-12-24 22:39:56.907022
U562,52,student,15037,375,high,Hyderabad,2025-04-02 22:39:56.907022
U563,32,self-employed,188837,828,low,Delhi,2025-08-27 22:39:56.907022
U564,32,self-employed,189813,875,low,Pune,2024-07-04 22:39:56.907022
U565,24,salaried,75162,569,high,Hyderabad,2023-04-11 22:39:56.907022
U566,37,salaried,68812,549,high,Delhi,2025-06-03 22:39:56.907022
U567,55,self-employed,126781,713,medium,Pune,2022-03-07 22:39:56.907022
U568,60,self-employed,36827,414,high,Pune,2025-08-07 22:39:56.907022
U569,27,salaried,46380,477,high,Pune,2022-04-10 22:39:56.907022
U570,35,salaried,77511,528,high,Kanpur,2021-07-24 22:39:56.907022
U571,55,self-employed,91188,560,high,Pune,2024-10-22 22:39:56.907022
U572,55,salaried,64981,459,high,Delhi,2021-07-24 22:39:56.907022
U573,38,salaried,77917,550,high,Pune,2025-08-17 22:39:56.907022
U574,29,salaried,70061,483,high,Bangalore,2023-09-28 22:39:56.907022
U575,38,salaried,107834,613,medium,Delhi,2022-02-12 22:39:56.907022
U576,52,self-employed,166135,837,low,Mumbai,2022-09-02 22:39:56.907022
U577,50,salaried,32934,360,high,Delhi,2024-12-01 22:39:56.907022
U578,25,self-employed,25926,375,high,Delhi,2025-12-21 22:39:56.907022
U579,18,student,11550,300,high,Delhi,2022-06-16 22:39:56.907022
U580,25,self-employed,27261,369,high,Bangalore,2022-09-08 22:39:56.907022
U581,49,self-employed,107743,645,medium,Pune,2022-05-20 22:39:56.907022
U582,50,self-employed,145401,686,medium,Mumbai,2024-10-28 22:39:56.907022
U583,51,student,11790,360,high,Bangalore,2023-11-30 22:39:56.907022
U584,29,student,5972,303,high,Delhi,2022-04-01 22:39:56.907022
U585,58,salaried,37184,378,high,Hyderabad,2021-04-04 22:39:56.907022
U586,26,student,5186,300,high,Pune,2025-12-15 22:39:56.907022
U587,37,salaried,94634,617,medium,Pune,2025-07-20 22:39:56.907022
U588,48,student,19487,402,high,Delhi,2020-10-10 22:39:56.907022
U589,45,student,17865,390,high,Pune,2022-08-14 22:39:56.907022
U590,29,salaried,104436,645,medium,Bangalore,2025-12-31 22:39:56.907022
U591,34,self-employed,118563,677,medium,Pune,2023-05-28 22:39:56.907022
U592,39,student,10412,300,high,Hyderabad,2022-08-18 22:39:56.907022
U593,51,student,15418,307,high,Hyderabad,2025-05-23 22:39:56.907022
U594,57,salaried,115614,667,medium,Pune,2023-07-23 22:39:56.907022
U595,55,student,11470,312,high,Bangalore,2025-03-09 22:39:56.907022
U596,43,student,6566,327,high,Kanpur,2025-06-09 22:39:56.907022
U597,45,student,6505,315,high,Delhi,2021-06-15 22:39:56.907022
U598,31,student,8468,300,high,Mumbai,2022-03-28 22:39:56.907022
U599,29,salaried,91647,571,high,Bangalore,2022-08-16 22:39:56.907022
U600,32,salaried,95997,612,medium,Delhi,2021-03-06 22:39:56.907022
U601,40,self-employed,99832,616,medium,Bangalore,2025-05-10 22:39:56.907022
U602,42,salaried,59567,500,high,Mumbai,2020-09-16 22:39:56.907022
U603,35,salaried,117527,623,medium,Hyderabad,2025-06-17 22:39:56.907022
U604,51,self-employed,36459,396,high,Hyderabad,2023-01-14 22:39:56.907022
U605,46,self-employed,155795,743,medium,Mumbai,2025-07-25 22:39:56.908162
U606,32,self-employed,148319,730,medium,Mumbai,2023-11-20 22:39:56.908162
U607,39,self-employed,56473,488,high,Hyderabad,2022-05-26 22:39:56.908162
U608,23,self-employed,62130,467,high,Bangalore,2024-04-10 22:39:56.908162
U609,48,self-employed,24228,338,high,Bangalore,2022-01-14 22:39:56.908162
U610,46,salaried,72835,493,high,Mumbai,2023-07-23 22:39:56.908162
U611,21,self-employed,76210,572,high,Pune,2023-12-13 22:39:56.908162
U612,22,salaried,35905,388,high,Bangalore,2022-09-16 22:39:56.908162
U613,37,self-employed,126113,655,medium,Pune,2025-06-08 22:39:56.908162
U614,32,salaried,109329,644,medium,Pune,2023-04-08 22:39:56.908162
U615,37,self-employed,64226,486,high,Hyderabad,2021-07-01 22:39:56.908162
U616,53,self-employed,172854,783,low,Bangalore,2022-02-26 22:39:56.908162
U617,23,salaried,49164,406,high,Pune,2021-07-23 22:39:56.908162
U618,43,salaried,26358,392,high,Hyderabad,2025-03-07 22:39:56.908162
U619,21,salaried,36432,455,high,Mumbai,2025-09-27 22:39:56.908162
U620,51,salaried,81419,594,high,Mumbai,2024-03-23 22:39:56.908162
U621,56,student,19628,330,high,Bangalore,2023-11-05 22:39:56.908162
U622,33,student,10106,301,high,Delhi,2022-10-06 22:39:56.908162
U623,38,self-employed,166755,779,low,Pune,2023-03-21 22:39:56.908672
U624,56,self-employed,32215,413,high,Delhi,2022-09-16 22:39:56.908672
U625,56,self-employed,74222,559,high,Kanpur,2025-05-28 22:39:56.908672
U626,53,student,5028,302,high,Mumbai,2021-12-04 22:39:56.908672
U627,51,self-employed,80643,539,high,Delhi,2023-02-17 22:39:56.908672
U628,39,self-employed,123172,675,medium,Bangalore,2022-03-26 22:39:56.908672
U629,36,student,13053,319,high,Delhi,2023-02-06 22:39:56.908672
U630,49,salaried,93801,596,high,Bangalore,2022-04-20 22:39:56.908672
U631,51,salaried,59277,524,high,Bangalore,2021-12-18 22:39:56.908672
U632,32,salaried,52352,470,high,Hyderabad,2021-06-19 22:39:56.908672
U633,31,salaried,112414,634,medium,Kanpur,2023-01-01 22:39:56.908672
U634,26,salaried,86147,576,high,Hyderabad,2022-04-16 22:39:56.908672
U635,45,self-employed,116867,600,medium,Pune,2025-10-25 22:39:56.908672
U636,20,student,16505,350,high,Bangalore,2025-01-22 22:39:56.908672
U637,63,student,11244,300,high,Pune,2024-11-20 22:39:56.908672
U638,64,student,13477,386,high,Pune,2023-05-28 22:39:56.908672
U639,57,student,9391,300,high,Delhi,2020-09-26 22:39:56.908672
U640,27,student,5639,300,high,Hyderabad,2020-12-10 22:39:56.908672
U641,53,salaried,78594,579,high,Delhi,2024-07-14 22:39:56.908672
U642,56,salaried,36053,378,high,Delhi,2022-04-17 22:39:56.908672
U643,36,salaried,49953,442,high,Bangalore,2022-10-31 22:39:56.908672
U644,60,salaried,69048,512,high,Delhi,2022-09-24 22:39:56.908672
U645,47,self-employed,28656,412,high,Mumbai,2022-03-09 22:39:56.908672
U646,49,self-employed,145569,749,medium,Hyderabad,2023-04-28 22:39:56.908672
U647,26,student,8900,300,high,Pune,2020-10-22 22:39:56.908672
U648,65,self-employed,109178,585,high,Kanpur,2021-04-05 22:39:56.908672
U649,46,student,5486,300,high,Kanpur,2022-11-12 22:39:56.908672
U650,23,salaried,50728,413,high,Mumbai,2025-02-24 22:39:56.908672
U651,37,student,12048,358,high,Hyderabad,2023-01-07 22:39:56.908672
U652,63,self-employed,154184,756,low,Pune,2021-09-19 22:39:56.908672
U653,36,salaried,68112,524,high,Mumbai,2025-10-31 22:39:56.908672
U654,55,self-employed,95110,537,high,Kanpur,2024-03-17 22:39:56.908672
U655,56,self-employed,27544,393,high,Kanpur,2023-10-21 22:39:56.908672
U656,44,salaried,91776,553,high,Pune,2022-04-27 22:39:56.908672
U657,20,self-employed,166844,843,low,Hyderabad,2023-09-01 22:39:56.908672
U658,61,student,18015,396,high,Bangalore,2022-02-03 22:39:56.908672
U659,38,salaried,30586,425,high,Kanpur,2023-08-05 22:39:56.908672
U660,57,self-employed,43172,452,high,Bangalore,2022-01-21 22:39:56.908672
U661,64,salaried,31151,431,high,Delhi,2023-09-17 22:39:56.908672
U662,36,student,5325,300,high,Bangalore,2020-11-03 22:39:56.908672
U663,55,student,19370,379,high,Mumbai,2023-02-26 22:39:56.908672
U664,25,self-employed,58917,488,high,Kanpur,2025-03-21 22:39:56.908672
U665,26,student,7629,334,high,Pune,2023-04-08 22:39:56.908672
U666,55,self-employed,63471,524,high,Kanpur,2022-06-28 22:39:56.908672
U667,41,salaried,69827,483,high,Hyderabad,2021-12-26 22:39:56.908672
U668,23,salaried,81432,534,high,Kanpur,2022-03-03 22:39:56.908672
U669,50,salaried,26074,361,high,Bangalore,2021-06-29 22:39:56.908672
U670,31,salaried,62992,456,high,Pune,2024-05-24 22:39:56.908672
U671,25,self-employed,178285,863,low,Mumbai,2024-07-06 22:39:56.908672
U672,47,salaried,70054,463,high,Delhi,2025-02-17 22:39:56.908672
U673,38,salaried,97522,557,high,Mumbai,2021-02-14 22:39:56.908672
U674,62,salaried,60493,448,high,Kanpur,2025-10-19 22:39:56.908672
U675,36,student,7464,300,high,Hyderabad,2022-12-19 22:39:56.908672
U676,35,salaried,47009,438,high,Bangalore,2025-06-18 22:39:56.908672
U677,55,self-employed,20065,339,high,Kanpur,2025-06-27 22:39:56.908672
U678,45,self-employed,60392,456,high,Pune,2024-02-01 22:39:56.908672
U679,34,self-employed,154581,806,low,Bangalore,2025-11-07 22:39:56.908672
U680,32,student,17371,363,high,Delhi,2022-12-20 22:39:56.908672
U681,61,self-employed,83207,545,high,Hyderabad,2021-07-09 22:39:56.909689
U682,36,self-employed,104035,603,medium,Delhi,2024-06-02 22:39:56.909689
U683,44,self-employed,183378,866,low,Pune,2021-08-15 22:39:56.909689
U684,58,salaried,106911,594,high,Mumbai,2023-07-31 22:39:56.909689
U685,18,student,16528,368,high,Bangalore,2021-04-13 22:39:56.909689
U686,29,student,9945,300,high,Hyderabad,2025-11-08 22:39:56.909689
U687,26,salaried,46727,487,high,Hyderabad,2024-02-06 22:39:56.909689
U688,28,salaried,45928,403,high,Hyderabad,2023-07-05 22:39:56.909689
U689,28,salaried,78836,500,high,Delhi,2022-04-26 22:39:56.909689
U690,54,self-employed,74415,541,high,Kanpur,2025-02-26 22:39:56.909689
U691,46,student,14374,390,high,Mumbai,2023-10-26 22:39:56.909689
U692,44,student,14007,332,high,Mumbai,2022-11-05 22:39:56.909689
U693,45,self-employed,127138,703,medium,Pune,2022-06-10 22:39:56.909689
U694,27,salaried,83042,529,high,Bangalore,2020-11-01 22:39:56.909689
U695,56,salaried,48828,451,high,Mumbai,2022-04-21 22:39:56.909689
U696,35,salaried,91347,539,high,Hyderabad,2023-11-18 22:39:56.909689
U697,42,salaried,88605,582,high,Pune,2022-07-24 22:39:56.909689
U698,61,self-employed,68826,482,high,Bangalore,2021-03-24 22:39:56.909689
U699,25,self-employed,114125,685,medium,Mumbai,2025-04-10 22:39:56.909689
U700,44,self-employed,125558,656,medium,Kanpur,2023-07-02 22:39:56.909689
U701,55,self-employed,41076,394,high,Delhi,2022-02-27 22:39:56.909689
U702,41,self-employed,41271,382,high,Bangalore,2022-04-19 22:39:56.909689
U703,62,salaried,45365,479,high,Kanpur,2023-03-22 22:39:56.909689
U704,62,student,17642,392,high,Hyderabad,2025-02-19 22:39:56.909689
U705,28,self-employed,55668,447,high,Mumbai,2024-06-19 22:39:56.909689
U706,39,salaried,114394,639,medium,Mumbai,2024-03-22 22:39:56.909689
U707,64,salaried,59473,519,high,Delhi,2022-01-17 22:39:56.909689
U708,61,salaried,65527,533,high,Kanpur,2024-11-16 22:39:56.909689
U709,19,student,7019,368,high,Kanpur,2024-06-04 22:39:56.909689
U710,55,salaried,95533,631,medium,Hyderabad,2023-09-07 22:39:56.909689
U711,30,salaried,81769,564,high,Kanpur,2025-09-11 22:39:56.909689
U712,30,salaried,76365,494,high,Hyderabad,2023-12-18 22:39:56.909689
U713,56,self-employed,133712,655,medium,Pune,2024-12-27 22:39:56.909689
U714,60,salaried,87377,560,high,Kanpur,2022-03-17 22:39:56.909689
U715,29,salaried,60151,437,high,Hyderabad,2025-11-16 22:39:56.909689
U716,50,salaried,74227,475,high,Delhi,2022-07-16 22:39:56.909689
U717,33,student,13370,300,high,Pune,2024-09-12 22:39:56.909689
U718,60,self-employed,163245,748,medium,Delhi,2022-01-02 22:39:56.909689
U719,62,student,10250,300,high,Hyderabad,2021-07-29 22:39:56.909689
U720,50,salaried,105653,591,high,Mumbai,2025-08-23 22:39:56.909689
U721,65,salaried,108859,629,medium,Mumbai,2021-12-03 22:39:56.909689
U722,47,self-employed,65272,518,high,Kanpur,2021-04-29 22:39:56.909689
U723,38,student,5948,300,high,Mumbai,2022-06-12 22:39:56.909689
U724,62,self-employed,34881,415,high,Kanpur,2021-12-30 22:39:56.909689
U725,56,student,7871,300,high,Hyderabad,2025-06-11 22:39:56.909689
U726,64,self-employed,66429,522,high,Delhi,2022-12-09 22:39:56.909689
U727,49,salaried,119697,639,medium,Delhi,2022-07-11 22:39:56.909689
U728,21,salaried,34516,366,high,Pune,2021-11-25 22:39:56.909689
U729,21,salaried,93987,551,high,Hyderabad,2023-06-17 22:39:56.909689
U730,30,student,14568,345,high,Bangalore,2021-05-17 22:39:56.909689
U731,59,self-employed,126191,644,medium,Bangalore,2023-09-05 22:39:56.909689
U732,18,self-employed,27945,415,high,Bangalore,2021-05-31 22:39:56.909689
U733,45,student,5185,300,high,Pune,2025-04-08 22:39:56.909689
U734,59,salaried,33692,435,high,Hyderabad,2022-12-23 22:39:56.909689
U735,58,student,18503,317,high,Bangalore,2022-06-28 22:39:56.909689
U736,63,self-employed,33066,387,high,Mumbai,2023-06-04 22:39:56.909689
U737,33,student,10338,305,high,Pune,2021-11-24 22:39:56.909689
U738,39,student,12573,308,high,Mumbai,2025-09-11 22:39:56.909689
U739,37,self-employed,164159,779,low,Mumbai,2021-07-13 22:39:56.909689
U740,44,self-employed,166957,831,low,Kanpur,2023-12-07 22:39:56.909689
U741,65,student,18882,326,high,Mumbai,2025-09-25 22:39:56.909689
U742,42,student,13189,356,high,Pune,2020-11-08 22:39:56.909689
U743,53,student,5308,360,high,Delhi,2020-11-23 22:39:56.909689
U744,49,student,6327,351,high,Kanpur,2023-07-23 22:39:56.909689
U745,30,student,18400,372,high,Delhi,2022-06-22 22:39:56.910692
U746,46,student,5803,364,high,Mumbai,2023-02-17 22:39:56.910692
U747,41,salaried,82601,533,high,Hyderabad,2023-01-16 22:39:56.910692
U748,52,self-employed,174835,869,low,Delhi,2020-10-09 22:39:56.910692
U749,31,self-employed,69987,554,high,Bangalore,2020-12-01 22:39:56.910692
U750,22,self-employed,128565,730,medium,Mumbai,2024-09-10 22:39:56.910692
U751,39,self-employed,72725,563,high,Delhi,2025-12-14 22:39:56.910692
U752,41,salaried,110520,650,medium,Delhi,2021-10-17 22:39:56.910692
U753,62,salaried,76598,579,high,Pune,2024-10-21 22:39:56.910692
U754,47,self-employed,42299,460,high,Kanpur,2021-12-15 22:39:56.910692
U755,18,student,18427,393,high,Bangalore,2022-08-18 22:39:56.910692
U756,41,self-employed,124507,645,medium,Delhi,2022-09-06 22:39:56.910692
U757,47,salaried,73214,533,high,Kanpur,2025-08-03 22:39:56.910692
U758,47,self-employed,50261,450,high,Bangalore,2023-08-21 22:39:56.910692
U759,35,salaried,33970,370,high,Bangalore,2021-05-30 22:39:56.910692
U760,25,self-employed,173400,838,low,Hyderabad,2024-10-31 22:39:56.910692
U761,58,self-employed,67631,547,high,Kanpur,2025-09-03 22:39:56.910692
U762,65,self-employed,167900,809,low,Hyderabad,2021-09-04 22:39:56.910692
U763,63,student,7354,316,high,Mumbai,2021-10-05 22:39:56.910692
U764,44,student,16768,311,high,Mumbai,2024-02-16 22:39:56.910692
U765,49,self-employed,43301,430,high,Delhi,2022-10-03 22:39:56.910692
U766,61,student,17033,398,high,Delhi,2021-01-23 22:39:56.910692
U767,19,salaried,40822,421,high,Hyderabad,2022-07-16 22:39:56.910692
U768,54,salaried,27107,400,high,Pune,2025-11-25 22:39:56.910692
U769,43,student,19543,362,high,Delhi,2024-02-06 22:39:56.910692
U770,58,salaried,94075,607,medium,Kanpur,2024-03-28 22:39:56.910692
U771,47,salaried,63440,489,high,Kanpur,2025-09-12 22:39:56.910692
U772,34,student,15879,375,high,Kanpur,2025-10-04 22:39:56.910692
U773,60,salaried,64687,515,high,Hyderabad,2025-10-08 22:39:56.910692
U774,56,student,16085,376,high,Pune,2025-09-16 22:39:56.910692
U775,38,self-employed,67392,504,high,Mumbai,2021-12-20 22:39:56.910692
U776,41,self-employed,169991,819,low,Pune,2023-04-19 22:39:56.910692
U777,29,salaried,115626,696,medium,Pune,2024-10-05 22:39:56.910692
U778,35,salaried,67569,468,high,Delhi,2023-12-22 22:39:56.910692
U779,57,salaried,117065,604,medium,Mumbai,2025-04-30 22:39:56.910692
U780,57,student,9879,366,high,Bangalore,2021-03-24 22:39:56.910692
U781,55,student,11675,351,high,Mumbai,2024-06-07 22:39:56.910692
U782,42,salaried,72511,565,high,Kanpur,2024-09-01 22:39:56.910692
U783,48,self-employed,41768,448,high,Mumbai,2020-09-13 22:39:56.910692
U784,51,student,16663,352,high,Mumbai,2022-03-11 22:39:56.910692
U785,56,salaried,29655,353,high,Delhi,2024-11-11 22:39:56.910692
U786,34,student,17686,362,high,Kanpur,2025-06-13 22:39:56.910692
U787,24,self-employed,82804,539,high,Hyderabad,2023-10-06 22:39:56.910692
U788,33,self-employed,86451,602,medium,Mumbai,2022-10-23 22:39:56.910692
U789,58,student,7717,316,high,Hyderabad,2022-07-27 22:39:56.910692
U790,28,student,15023,364,high,Delhi,2022-03-12 22:39:56.910692
U791,49,salaried,84170,517,high,Kanpur,2023-01-19 22:39:56.910692
U792,29,student,10218,300,high,Mumbai,2025-08-10 22:39:56.910692
U793,47,student,18885,355,high,Pune,2022-06-15 22:39:56.910692
U794,35,student,17803,402,high,Mumbai,2024-03-16 22:39:56.910692
U795,32,student,16740,364,high,Hyderabad,2022-01-01 22:39:56.910692
U796,19,salaried,63165,463,high,Pune,2025-01-24 22:39:56.910692
U797,65,salaried,32033,370,high,Delhi,2023-07-22 22:39:56.910692
U798,41,student,6617,356,high,Kanpur,2022-07-11 22:39:56.910692
U799,34,salaried,89842,541,high,Hyderabad,2021-03-11 22:39:56.910692
U800,32,salaried,84705,558,high,Kanpur,2024-01-13 22:39:56.910692
U801,33,salaried,107524,593,high,Pune,2024-02-02 22:39:56.910692
U802,38,self-employed,75981,494,high,Bangalore,2022-05-14 22:39:56.910692
U803,30,salaried,99871,570,high,Delhi,2023-11-22 22:39:56.910692
U804,27,student,5396,365,high,Kanpur,2021-02-11 22:39:56.910692
U805,58,student,19341,391,high,Kanpur,2025-11-19 22:39:56.910692
U806,63,salaried,48481,462,high,Bangalore,2022-08-08 22:39:56.910692
U807,49,student,10003,308,high,Pune,2021-09-23 22:39:56.910692
U808,50,student,10172,300,high,Pune,2021-01-26 22:39:56.910692
U809,49,student,14460,392,high,Bangalore,2023-07-30 22:39:56.910692
U810,52,self-employed,41950,450,high,Mumbai,2024-02-09 22:39:56.910692
U811,61,self-employed,123007,653,medium,Bangalore,2024-12-06 22:39:56.910692
U812,45,salaried,105384,633,medium,Delhi,2025-11-17 22:39:56.910692
U813,19,student,16678,387,high,Delhi,2026-01-14 22:39:56.910692
U814,28,self-employed,122434,633,medium,Pune,2023-10-13 22:39:56.910692
U815,23,student,19963,389,high,Kanpur,2025-03-23 22:39:56.910692
U816,50,salaried,86052,580,high,Pune,2024-02-20 22:39:56.910692
U817,33,self-employed,147498,763,low,Bangalore,2024-10-03 22:39:56.912047
U818,59,student,10181,360,high,Delhi,2021-12-14 22:39:56.912047
U819,31,self-employed,141665,773,low,Mumbai,2022-12-12 22:39:56.912047
U820,22,self-employed,100875,580,high,Delhi,2025-08-07 22:39:56.912047
U821,42,self-employed,76379,486,high,Delhi,2023-07-19 22:39:56.912047
U822,52,salaried,87948,611,medium,Bangalore,2022-01-07 22:39:56.912047
U823,28,student,12738,324,high,Delhi,2022-10-27 22:39:56.912047
U824,23,student,15385,347,high,Hyderabad,2022-05-08 22:39:56.912047
U825,31,salaried,36989,417,high,Bangalore,2025-10-22 22:39:56.912047
U826,52,student,18452,360,high,Hyderabad,2021-01-09 22:39:56.912047
U827,40,student,6424,351,high,Mumbai,2022-09-16 22:39:56.912047
U828,23,salaried,54526,494,high,Bangalore,2025-07-12 22:39:56.912047
U829,31,student,9694,308,high,Delhi,2021-01-20 22:39:56.912047
U830,63,self-employed,158148,725,medium,Mumbai,2025-12-22 22:39:56.912047
U831,31,salaried,53599,497,high,Hyderabad,2022-07-09 22:39:56.912047
U832,55,student,6400,356,high,Hyderabad,2025-01-26 22:39:56.912047
U833,31,student,9136,300,high,Bangalore,2025-01-01 22:39:56.912047
U834,25,student,19812,344,high,Kanpur,2020-11-30 22:39:56.912047
U835,43,self-employed,51168,490,high,Delhi,2022-08-03 22:39:56.912047
U836,31,salaried,90635,617,medium,Pune,2022-09-03 22:39:56.912047
U837,30,salaried,98077,561,high,Mumbai,2021-04-14 22:39:56.912047
U838,29,self-employed,117213,623,medium,Pune,2024-05-10 22:39:56.912047
U839,39,self-employed,40530,435,high,Hyderabad,2023-04-30 22:39:56.912047
U840,60,self-employed,133390,685,medium,Mumbai,2020-09-10 22:39:56.912047
U841,23,salaried,65419,459,high,Delhi,2023-11-10 22:39:56.912047
U842,56,student,15783,318,high,Hyderabad,2024-02-14 22:39:56.912047
U843,37,student,17356,364,high,Bangalore,2025-03-06 22:39:56.912047
U844,50,student,18086,348,high,Delhi,2021-08-08 22:39:56.912047
U845,41,self-employed,73666,496,high,Kanpur,2022-07-05 22:39:56.912047
U846,28,student,9197,301,high,Pune,2025-11-05 22:39:56.912047
U847,56,self-employed,48401,454,high,Pune,2024-08-04 22:39:56.912047
U848,26,self-employed,69824,543,high,Mumbai,2022-11-04 22:39:56.912047
U849,42,salaried,44713,425,high,Mumbai,2023-10-26 22:39:56.912047
U850,50,salaried,108781,652,medium,Bangalore,2021-11-30 22:39:56.912047
U851,55,salaried,38515,365,high,Bangalore,2020-12-27 22:39:56.912047
U852,58,student,14777,336,high,Delhi,2021-10-27 22:39:56.912047
U853,52,salaried,115765,617,medium,Kanpur,2022-10-27 22:39:56.912047
U854,36,student,6545,328,high,Bangalore,2022-08-24 22:39:56.912047
U855,24,salaried,101919,581,high,Mumbai,2020-11-10 22:39:56.912047
U856,44,student,17437,388,high,Hyderabad,2025-01-26 22:39:56.912047
U857,53,salaried,31220,429,high,Delhi,2021-09-24 22:39:56.912047
U858,36,student,14249,344,high,Mumbai,2023-05-03 22:39:56.912047
U859,51,salaried,119287,608,medium,Mumbai,2021-02-20 22:39:56.912047
U860,42,self-employed,188704,861,low,Hyderabad,2023-07-20 22:39:56.912047
U861,64,self-employed,58230,488,high,Hyderabad,2021-07-07 22:39:56.912047
U862,22,student,13630,342,high,Delhi,2024-03-18 22:39:56.912047
U863,65,student,7352,355,high,Mumbai,2020-12-01 22:39:56.912047
U864,30,student,14766,301,high,Bangalore,2021-02-09 22:39:56.912047
U865,48,self-employed,52159,416,high,Hyderabad,2024-08-03 22:39:56.912047
U866,42,salaried,61534,488,high,Kanpur,2024-05-19 22:39:56.912047
U867,36,student,11948,366,high,Delhi,2021-03-14 22:39:56.913127
U868,36,student,17844,392,high,Kanpur,2022-02-20 22:39:56.913127
U869,34,salaried,35061,432,high,Kanpur,2025-04-20 22:39:56.913127
U870,63,self-employed,26515,404,high,Pune,2023-05-25 22:39:56.913127
U871,32,student,10400,308,high,Pune,2023-08-30 22:39:56.913127
U872,44,salaried,60938,452,high,Bangalore,2020-10-11 22:39:56.913127
U873,22,salaried,25445,403,high,Mumbai,2025-11-28 22:39:56.913127
U874,19,student,5956,328,high,Delhi,2024-01-05 22:39:56.913127
U875,42,student,15065,364,high,Delhi,2023-11-15 22:39:56.913127
U876,44,student,15005,390,high,Delhi,2025-03-19 22:39:56.913127
U877,35,self-employed,192713,896,low,Pune,2025-02-24 22:39:56.913127
U878,32,self-employed,90098,520,high,Kanpur,2025-08-16 22:39:56.913127
U879,30,self-employed,141473,724,medium,Kanpur,2025-02-05 22:39:56.913127
U880,23,self-employed,97921,583,high,Delhi,2021-06-23 22:39:56.913127
U881,54,salaried,117531,665,medium,Hyderabad,2022-05-04 22:39:56.913127
U882,19,self-employed,145544,744,medium,Hyderabad,2021-04-13 22:39:56.913127
U883,31,salaried,63986,524,high,Mumbai,2021-04-12 22:39:56.913127
U884,27,self-employed,79026,487,high,Mumbai,2023-05-29 22:39:56.913127
U885,24,salaried,94755,540,high,Pune,2025-01-30 22:39:56.913127
U886,35,salaried,33467,352,high,Hyderabad,2022-10-07 22:39:56.913127
U887,45,salaried,96944,629,medium,Pune,2021-02-19 22:39:56.913127
U888,59,student,12373,341,high,Pune,2025-03-09 22:39:56.913127
U889,60,self-employed,76258,554,high,Delhi,2024-10-03 22:39:56.913127
U890,37,student,12465,351,high,Hyderabad,2022-10-31 22:39:56.913127
U891,35,salaried,54605,438,high,Kanpur,2022-12-30 22:39:56.913127
U892,64,salaried,86947,551,high,Mumbai,2021-01-09 22:39:56.913127
U893,30,self-employed,130903,724,medium,Kanpur,2021-06-10 22:39:56.913127
U894,48,salaried,61856,491,high,Delhi,2020-11-12 22:39:56.913127
U895,18,salaried,72104,547,high,Pune,2021-05-13 22:39:56.913127
U896,25,self-employed,128084,726,medium,Pune,2025-07-05 22:39:56.913127
U897,47,salaried,102624,566,high,Pune,2023-10-26 22:39:56.913127
U898,62,salaried,113374,660,medium,Bangalore,2022-01-08 22:39:56.913127
U899,53,student,10090,316,high,Delhi,2025-01-05 22:39:56.913127
U900,27,self-employed,55225,427,high,Pune,2023-08-02 22:39:56.913127
U901,60,student,15467,347,high,Hyderabad,2023-01-08 22:39:56.913127
U902,64,salaried,115532,670,medium,Delhi,2021-11-02 22:39:56.913127
U903,44,self-employed,24353,347,high,Delhi,2024-12-26 22:39:56.913127
U904,63,salaried,117609,633,medium,Hyderabad,2021-02-17 22:39:56.913127
U905,34,self-employed,89016,577,high,Bangalore,2021-10-14 22:39:56.913127
U906,58,self-employed,33600,412,high,Mumbai,2024-06-11 22:39:56.913127
U907,56,student,15399,337,high,Pune,2022-10-04 22:39:56.913127
U908,59,salaried,29297,436,high,Delhi,2022-03-07 22:39:56.913127
U909,57,self-employed,63095,537,high,Mumbai,2025-03-25 22:39:56.913127
U910,39,student,19447,375,high,Mumbai,2025-05-19 22:39:56.913127
U911,61,student,14619,330,high,Bangalore,2020-10-30 22:39:56.913127
U912,51,salaried,31554,401,high,Bangalore,2021-09-26 22:39:56.913127
U913,40,salaried,71066,534,high,Kanpur,2023-05-08 22:39:56.913127
U914,57,self-employed,129763,700,medium,Mumbai,2023-10-05 22:39:56.913127
U915,46,self-employed,119538,691,medium,Mumbai,2025-09-09 22:39:56.913127
U916,19,student,14601,377,high,Pune,2022-02-16 22:39:56.913127
U917,55,salaried,60998,442,high,Pune,2024-11-15 22:39:56.913127
U918,22,self-employed,35042,402,high,Kanpur,2024-01-15 22:39:56.914125
U919,49,self-employed,126122,641,medium,Hyderabad,2021-04-29 22:39:56.914125
U920,26,student,17495,321,high,Pune,2025-02-21 22:39:56.914125
U921,40,salaried,30019,350,high,Mumbai,2022-09-02 22:39:56.914125
U922,40,student,7584,341,high,Kanpur,2023-08-19 22:39:56.914125
U923,54,salaried,59476,512,high,Pune,2022-09-07 22:39:56.914125
U924,36,student,10735,311,high,Kanpur,2024-07-05 22:39:56.914125
U925,25,self-employed,177074,831,low,Mumbai,2024-06-12 22:39:56.914125
U926,46,salaried,114909,605,medium,Bangalore,2024-03-10 22:39:56.914125
U927,50,student,13984,389,high,Bangalore,2024-06-29 22:39:56.914125
U928,50,salaried,71139,476,high,Pune,2024-11-12 22:39:56.914125
U929,23,self-employed,116549,614,medium,Mumbai,2024-12-08 22:39:56.914125
U930,25,self-employed,135812,757,low,Bangalore,2025-02-22 22:39:56.914125
U931,64,student,13615,307,high,Hyderabad,2022-02-14 22:39:56.914125
U932,65,student,14325,322,high,Kanpur,2020-10-20 22:39:56.914125
U933,59,self-employed,89038,613,medium,Delhi,2021-10-05 22:39:56.914125
U934,65,student,5275,364,high,Hyderabad,2024-02-15 22:39:56.914125
U935,21,salaried,35952,423,high,Kanpur,2023-03-08 22:39:56.914125
U936,26,salaried,54472,507,high,Bangalore,2024-02-13 22:39:56.914125
U937,35,student,16971,374,high,Kanpur,2021-07-25 22:39:56.914125
U938,40,student,11710,368,high,Mumbai,2021-04-09 22:39:56.914125
U939,56,student,8743,361,high,Pune,2025-12-04 22:39:56.914125
U940,36,self-employed,114500,689,medium,Hyderabad,2024-10-01 22:39:56.914125
U941,44,student,6012,349,high,Delhi,2025-03-13 22:39:56.914125
U942,19,self-employed,46270,446,high,Mumbai,2022-12-28 22:39:56.914125
U943,29,student,8858,300,high,Kanpur,2022-02-27 22:39:56.914125
U944,36,student,5141,312,high,Pune,2023-07-02 22:39:56.914125
U945,58,student,16163,325,high,Bangalore,2025-10-25 22:39:56.914125
U946,49,student,10459,373,high,Mumbai,2023-04-02 22:39:56.914125
U947,59,student,14524,301,high,Mumbai,2023-12-08 22:39:56.914125
U948,22,student,7572,300,high,Delhi,2021-04-25 22:39:56.914125
U949,45,self-employed,71241,551,high,Bangalore,2024-08-17 22:39:56.914125
U950,21,salaried,115855,599,high,Delhi,2024-06-27 22:39:56.914125
U951,35,self-employed,137624,741,medium,Kanpur,2025-07-16 22:39:56.914125
U952,54,self-employed,160346,747,medium,Hyderabad,2022-07-06 22:39:56.914125
U953,55,self-employed,114907,675,medium,Hyderabad,2023-12-20 22:39:56.914125
U954,56,self-employed,144966,763,low,Kanpur,2025-02-10 22:39:56.914125
U955,22,salaried,35149,380,high,Pune,2024-04-23 22:39:56.914125
U956,65,self-employed,172599,838,low,Mumbai,2023-03-20 22:39:56.914125
U957,26,self-employed,57004,470,high,Hyderabad,2024-11-09 22:39:56.914125
U958,50,salaried,57558,443,high,Bangalore,2020-12-14 22:39:56.914125
U959,34,student,6657,362,high,Pune,2022-08-22 22:39:56.914125
U960,31,salaried,98692,640,medium,Delhi,2022-01-04 22:39:56.914125
U961,33,student,12898,333,high,Bangalore,2022-11-16 22:39:56.914125
U962,35,student,6358,305,high,Mumbai,2025-03-24 22:39:56.914125
U963,45,student,17209,311,high,Mumbai,2025-11-01 22:39:56.914125
U964,37,salaried,25491,403,high,Delhi,2025-01-16 22:39:56.914125
U965,22,student,15682,355,high,Pune,2022-03-04 22:39:56.914125
U966,45,salaried,27431,394,high,Kanpur,2025-01-31 22:39:56.914125
U967,62,student,5017,323,high,Hyderabad,2022-02-28 22:39:56.914125
U968,54,salaried,110809,651,medium,Mumbai,2022-03-01 22:39:56.914125
U969,21,self-employed,121587,665,medium,Mumbai,2020-11-12 22:39:56.914125
U970,58,student,5246,348,high,Delhi,2024-11-25 22:39:56.914125
U971,60,salaried,105537,647,medium,Hyderabad,2021-10-19 22:39:56.914125
U972,35,student,12613,300,high,Pune,2023-01-07 22:39:56.914125
U973,48,self-employed,115696,632,medium,Mumbai,2023-02-02 22:39:56.914125
U974,39,student,16352,356,high,Mumbai,2021-03-30 22:39:56.914125
U975,36,salaried,41731,425,high,Hyderabad,2025-03-29 22:39:56.914125
U976,53,self-employed,181597,855,low,Delhi,2025-03-22 22:39:56.914125
U977,62,self-employed,148399,743,medium,Kanpur,2021-10-30 22:39:56.914125
U978,26,self-employed,70675,553,high,Pune,2025-09-28 22:39:56.914125
U979,26,self-employed,116312,636,medium,Delhi,2020-11-26 22:39:56.914125
U980,59,student,18948,340,high,Delhi,2021-05-17 22:39:56.914125
U981,41,salaried,45555,389,high,Bangalore,2025-02-19 22:39:56.914125
U982,52,student,19497,348,high,Delhi,2024-06-11 22:39:56.914125
U983,65,student,5963,302,high,Bangalore,2023-04-11 22:39:56.914125
U984,22,salaried,27327,359,high,Pune,2025-08-27 22:39:56.914125
U985,61,student,13468,384,high,Kanpur,2021-10-01 22:39:56.914125
U986,52,student,7073,368,high,Bangalore,2024-02-21 22:39:56.914125
U987,25,salaried,28826,414,high,Kanpur,2021-05-28 22:39:56.914125
U988,25,salaried,95500,563,high,Pune,2021-08-07 22:39:56.914125
U989,39,student,7540,309,high,Pune,2024-12-18 22:39:56.914125
U990,30,self-employed,96280,560,high,Bangalore,2022-03-29 22:39:56.914125
U991,65,salaried,71508,507,high,Pune,2023-10-11 22:39:56.914125
U992,55,salaried,52905,408,high,Mumbai,2024-10-16 22:39:56.914125
U993,61,student,9060,365,high,Delhi,2022-09-07 22:39:56.914125
U994,18,student,6426,300,high,Bangalore,2024-04-11 22:39:56.914125
U995,48,self-employed,182044,866,low,Delhi,2024-08-27 22:39:56.914125
U996,38,salaried,80003,545,high,Hyderabad,2020-09-16 22:39:56.915318
U997,49,salaried,28499,401,high,Pune,2021-10-15 22:39:56.915318
U998,39,self-employed,105653,639,medium,Mumbai,2024-10-28 22:39:56.915318
U999,45,self-employed,85954,548,high,Pune,2020-09-04 22:39:56.915318
U1000,50,salaried,30008,401,high,Bangalore,2021-09-26 22:39:56.915318
U1001,57,self-employed,62246,529,high,Delhi,2021-09-09 22:39:56.915318
U1002,19,self-employed,183359,847,low,Bangalore,2022-01-31 22:39:56.915318
U1003,20,student,13073,380,high,Pune,2020-10-30 22:39:56.915318
U1004,47,self-employed,30005,385,high,Pune,2023-11-13 22:39:56.915318
U1005,55,student,10822,342,high,Bangalore,2025-06-27 22:39:56.915318
U1006,55,salaried,27706,353,high,Pune,2020-12-07 22:39:56.915318
U1007,22,salaried,99211,577,high,Bangalore,2024-08-04 22:39:56.915318
U1008,24,self-employed,114507,668,medium,Bangalore,2021-09-24 22:39:56.915318
U1009,52,student,5637,361,high,Bangalore,2021-06-09 22:39:56.915318
U1010,20,self-employed,69434,553,high,Pune,2021-01-27 22:39:56.915318
U1011,50,salaried,37117,420,high,Mumbai,2022-10-17 22:39:56.915318
U1012,35,student,7547,331,high,Pune,2021-06-30 22:39:56.915318
U1013,21,student,8378,305,high,Hyderabad,2020-09-15 22:39:56.915318
U1014,58,student,16345,372,high,Kanpur,2024-06-12 22:39:56.915318
U1015,42,student,10405,352,high,Mumbai,2023-10-16 22:39:56.915318
U1016,58,salaried,89495,546,high,Delhi,2021-03-28 22:39:56.915318
U1017,53,student,6935,330,high,Delhi,2020-10-11 22:39:56.915318
U1018,40,self-employed,22230,352,high,Delhi,2023-06-15 22:39:56.915318
U1019,44,student,18155,318,high,Kanpur,2022-10-03 22:39:56.915318
U1020,35,student,6742,306,high,Mumbai,2025-12-05 22:39:56.915318
U1021,24,self-employed,82381,548,high,Bangalore,2025-11-04 22:39:56.915318
U1022,33,salaried,119417,664,medium,Delhi,2024-10-12 22:39:56.915318
U1023,29,self-employed,27599,368,high,Kanpur,2021-02-06 22:39:56.915318
U1024,56,salaried,85189,584,high,Bangalore,2020-09-13 22:39:56.915318
U1025,29,student,17628,392,high,Bangalore,2022-08-20 22:39:56.915318
U1026,32,student,6660,300,high,Pune,2024-03-08 22:39:56.915318
U1027,29,self-employed,53115,442,high,Kanpur,2023-03-30 22:39:56.915318
U1028,27,student,12946,386,high,Delhi,2024-12-11 22:39:56.915318
U1029,50,salaried,112885,657,medium,Kanpur,2021-09-07 22:39:56.915318
U1030,32,salaried,93788,564,high,Pune,2023-06-29 22:39:56.915318
U1031,46,salaried,68120,493,high,Mumbai,2022-10-12 22:39:56.915318
U1032,42,student,13022,339,high,Kanpur,2020-10-19 22:39:56.915318
U1033,24,student,6399,300,high,Delhi,2021-11-11 22:39:56.915318
U1034,38,salaried,55840,461,high,Hyderabad,2022-06-08 22:39:56.915318
U1035,50,salaried,62213,447,high,Delhi,2022-09-14 22:39:56.915318
U1036,26,student,10118,361,high,Bangalore,2024-04-24 22:39:56.915318
U1037,22,self-employed,27342,422,high,Bangalore,2025-01-25 22:39:56.915318
U1038,45,student,12345,387,high,Delhi,2020-11-15 22:39:56.915318
U1039,35,salaried,100164,595,high,Pune,2025-09-29 22:39:56.915318
U1040,30,self-employed,143080,710,medium,Bangalore,2024-05-24 22:39:56.915318
U1041,33,student,13108,325,high,Hyderabad,2025-08-05 22:39:56.915318
U1042,60,salaried,54991,489,high,Delhi,2024-03-01 22:39:56.915318
U1043,25,salaried,84154,541,high,Hyderabad,2022-05-12 22:39:56.915318
U1044,49,student,15948,367,high,Bangalore,2023-02-22 22:39:56.915318
U1045,65,student,7935,300,high,Kanpur,2023-11-02 22:39:56.915318
U1046,43,self-employed,178488,786,low,Bangalore,2024-09-13 22:39:56.915318
U1047,41,salaried,106376,621,medium,Pune,2021-03-01 22:39:56.915318
U1048,51,self-employed,75467,571,high,Delhi,2022-04-22 22:39:56.915318
U1049,18,self-employed,184618,889,low,Delhi,2025-05-07 22:39:56.915318
U1050,32,salaried,61868,504,high,Pune,2024-02-12 22:39:56.915318
U1051,58,student,12616,318,high,Delhi,2022-03-04 22:39:56.915318
U1052,58,salaried,109707,638,medium,Hyderabad,2023-01-03 22:39:56.915318
U1053,45,student,7156,305,high,Bangalore,2024-07-10 22:39:56.915318
U1054,32,self-employed,62430,478,high,Kanpur,2024-08-08 22:39:56.915318
U1055,18,student,6781,300,high,Kanpur,2023-02-06 22:39:56.915318
U1056,20,salaried,88256,582,high,Mumbai,2024-07-11 22:39:56.915318
U1057,25,self-employed,120187,694,medium,Hyderabad,2022-06-30 22:39:56.916322
U1058,24,self-employed,54614,499,high,Delhi,2021-08-10 22:39:56.916322
U1059,47,salaried,41521,418,high,Hyderabad,2024-02-05 22:39:56.916322
U1060,35,salaried,74459,573,high,Pune,2024-03-14 22:39:56.916322
U1061,23,self-employed,73738,479,high,Bangalore,2025-10-12 22:39:56.916322
U1062,36,student,13697,339,high,Bangalore,2021-06-17 22:39:56.916322
U1063,23,student,15244,308,high,Delhi,2020-12-14 22:39:56.916322
U1064,24,salaried,82349,580,high,Pune,2025-12-20 22:39:56.916322
U1065,33,self-employed,198375,900,low,Hyderabad,2021-03-12 22:39:56.916322
U1066,27,student,13128,361,high,Pune,2024-04-24 22:39:56.916322
U1067,39,student,7463,314,high,Mumbai,2025-01-24 22:39:56.916322
U1068,47,self-employed,134579,729,medium,Pune,2023-07-17 22:39:56.916322
U1069,52,self-employed,193558,881,low,Pune,2022-03-18 22:39:56.916322
U1070,23,salaried,65188,545,high,Bangalore,2021-01-29 22:39:56.916322
U1071,51,salaried,61510,529,high,Mumbai,2025-01-29 22:39:56.916322
U1072,61,student,15740,328,high,Hyderabad,2021-04-14 22:39:56.916322
U1073,65,salaried,51055,408,high,Delhi,2023-09-06 22:39:56.916322
U1074,24,student,8582,310,high,Mumbai,2025-10-01 22:39:56.916322
U1075,33,self-employed,106683,644,medium,Mumbai,2025-10-21 22:39:56.916322
U1076,56,student,15532,387,high,Pune,2024-02-20 22:39:56.916322
U1077,58,salaried,62434,443,high,Bangalore,2022-12-17 22:39:56.916322
U1078,18,student,5716,321,high,Delhi,2024-07-18 22:39:56.916322
U1079,34,student,18054,402,high,Delhi,2022-12-30 22:39:56.916322
U1080,55,student,15060,351,high,Pune,2024-04-07 22:39:56.916322
U1081,32,student,9645,300,high,Hyderabad,2024-01-19 22:39:56.916322
U1082,55,student,18511,327,high,Pune,2021-06-10 22:39:56.916322
U1083,26,self-employed,169614,843,low,Kanpur,2025-01-22 22:39:56.916322
U1084,36,salaried,41804,472,high,Kanpur,2021-05-29 22:39:56.916322
U1085,29,salaried,101100,554,high,Hyderabad,2023-06-27 22:39:56.916322
U1086,52,self-employed,89298,606,medium,Pune,2022-06-11 22:39:56.916322
U1087,37,student,12016,335,high,Bangalore,2025-05-31 22:39:56.916322
U1088,30,self-employed,191933,845,low,Bangalore,2023-07-08 22:39:56.916322
U1089,65,self-employed,173874,851,low,Pune,2023-07-31 22:39:56.916322
U1090,60,self-employed,63708,473,high,Bangalore,2022-03-25 22:39:56.916322
U1091,43,self-employed,99085,581,high,Hyderabad,2023-10-16 22:39:56.916322
U1092,55,self-employed,113899,651,medium,Bangalore,2020-12-10 22:39:56.916322
U1093,36,self-employed,86241,548,high,Mumbai,2025-04-11 22:39:56.916322
U1094,47,student,19767,314,high,Kanpur,2021-08-30 22:39:56.916322
U1095,48,salaried,80065,581,high,Delhi,2025-06-16 22:39:56.916322
U1096,27,student,10841,367,high,Bangalore,2025-10-29 22:39:56.916322
U1097,30,salaried,39961,438,high,Delhi,2024-05-01 22:39:56.916322
U1098,29,salaried,47096,412,high,Pune,2021-11-01 22:39:56.916322
U1099,40,student,9471,300,high,Kanpur,2023-05-20 22:39:56.916322
U1100,19,salaried,101113,648,medium,Pune,2021-03-11 22:39:56.916322
U1101,28,salaried,43705,463,high,Mumbai,2021-06-22 22:39:56.916322
U1102,45,student,13296,324,high,Hyderabad,2026-01-20 22:39:56.916322
U1103,22,salaried,119168,698,medium,Pune,2020-12-10 22:39:56.916322
U1104,27,student,10174,345,high,Mumbai,2021-09-09 22:39:56.916322
U1105,46,salaried,96140,561,high,Bangalore,2022-12-31 22:39:56.916322
U1106,61,student,16255,300,high,Kanpur,2021-04-05 22:39:56.916322
U1107,40,student,16534,379,high,Delhi,2022-08-29 22:39:56.916322
U1108,18,self-employed,121299,614,medium,Mumbai,2022-06-12 22:39:56.916322
U1109,55,salaried,113111,643,medium,Hyderabad,2025-03-09 22:39:56.916322
U1110,49,salaried,60688,530,high,Bangalore,2025-01-31 22:39:56.916322
U1111,20,salaried,98160,571,high,Pune,2023-03-18 22:39:56.917395
U1112,48,student,10327,349,high,Bangalore,2023-06-15 22:39:56.917395
U1113,51,salaried,60124,469,high,Delhi,2022-03-19 22:39:56.917395
U1114,53,self-employed,84036,549,high,Kanpur,2022-02-19 22:39:56.917395
U1115,43,salaried,64305,478,high,Kanpur,2020-11-28 22:39:56.917395
U1116,44,self-employed,158801,741,medium,Hyderabad,2022-03-25 22:39:56.917395
U1117,47,salaried,115242,598,high,Pune,2025-10-12 22:39:56.917395
U1118,60,self-employed,158108,819,low,Mumbai,2024-08-20 22:39:56.917395
U1119,54,student,10848,300,high,Mumbai,2023-11-26 22:39:56.917395
U1120,27,self-employed,115777,668,medium,Kanpur,2021-04-25 22:39:56.917395
U1121,46,self-employed,177644,832,low,Bangalore,2025-09-29 22:39:56.917395
U1122,34,salaried,98600,553,high,Kanpur,2025-11-09 22:39:56.917395
U1123,56,self-employed,197321,872,low,Bangalore,2025-01-21 22:39:56.917395
U1124,56,student,5776,306,high,Delhi,2024-01-26 22:39:56.917395
U1125,37,self-employed,198169,900,low,Bangalore,2022-09-05 22:39:56.917395
U1126,42,student,18801,372,high,Mumbai,2024-10-12 22:39:56.917395
U1127,54,self-employed,59547,523,high,Mumbai,2020-10-12 22:39:56.917395
U1128,46,self-employed,146716,736,medium,Delhi,2023-06-02 22:39:56.917395
U1129,64,student,19900,335,high,Hyderabad,2025-04-03 22:39:56.917395
U1130,57,self-employed,152498,709,medium,Hyderabad,2023-01-05 22:39:56.917395
U1131,53,student,18537,310,high,Kanpur,2024-07-10 22:39:56.917395
U1132,37,self-employed,191103,841,low,Pune,2023-04-15 22:39:56.917395
U1133,44,salaried,71839,509,high,Kanpur,2025-10-30 22:39:56.917395
U1134,50,self-employed,100850,554,high,Mumbai,2021-06-10 22:39:56.917395
U1135,53,salaried,36590,459,high,Pune,2023-09-25 22:39:56.917395
U1136,40,student,5529,315,high,Bangalore,2022-10-18 22:39:56.917395
U1137,28,student,17651,398,high,Mumbai,2024-03-14 22:39:56.917395
U1138,56,self-employed,196101,856,low,Hyderabad,2022-05-14 22:39:56.917395
U1139,20,self-employed,32663,413,high,Bangalore,2022-11-28 22:39:56.917395
U1140,65,salaried,102660,595,high,Kanpur,2025-02-19 22:39:56.917395
U1141,34,student,14027,319,high,Kanpur,2024-02-25 22:39:56.917395
U1142,29,salaried,111116,668,medium,Delhi,2022-07-10 22:39:56.917395
U1143,34,student,10950,363,high,Mumbai,2021-01-08 22:39:56.917395
U1144,56,student,5491,348,high,Delhi,2026-01-01 22:39:56.917395
U1145,40,self-employed,131385,731,medium,Pune,2024-05-02 22:39:56.917395
U1146,62,self-employed,59390,470,high,Pune,2024-07-29 22:39:56.917395
U1147,37,self-employed,55841,509,high,Kanpur,2025-09-02 22:39:56.917395
U1148,34,salaried,38041,464,high,Kanpur,2021-11-14 22:39:56.917395
U1149,24,salaried,25576,420,high,Pune,2025-01-27 22:39:56.917395
U1150,54,self-employed,162032,804,low,Bangalore,2021-10-16 22:39:56.917395
U1151,42,student,7927,335,high,Hyderabad,2025-11-25 22:39:56.917395
U1152,44,salaried,116077,655,medium,Kanpur,2023-09-12 22:39:56.917395
U1153,21,self-employed,78156,509,high,Pune,2022-08-06 22:39:56.917395
U1154,40,self-employed,94832,536,high,Hyderabad,2020-09-30 22:39:56.917395
U1155,49,student,11122,341,high,Bangalore,2021-11-12 22:39:56.917395
U1156,39,student,5563,300,high,Bangalore,2024-07-03 22:39:56.917395
U1157,23,student,7554,311,high,Bangalore,2023-08-04 22:39:56.917395
U1158,39,salaried,105519,614,medium,Delhi,2023-11-13 22:39:56.917395
U1159,64,student,15084,336,high,Kanpur,2023-02-11 22:39:56.917395
U1160,29,self-employed,52386,487,high,Pune,2024-12-11 22:39:56.918426
U1161,35,salaried,105201,633,medium,Hyderabad,2021-07-16 22:39:56.918426
U1162,65,self-employed,108332,661,medium,Delhi,2023-11-27 22:39:56.918426
U1163,24,salaried,77006,580,high,Delhi,2025-08-04 22:39:56.918426
U1164,53,self-employed,95362,585,high,Pune,2023-09-11 22:39:56.918426
U1165,41,student,12074,304,high,Bangalore,2023-05-01 22:39:56.918426
U1166,30,salaried,93780,533,high,Kanpur,2025-04-28 22:39:56.918426
U1167,61,self-employed,179113,853,low,Mumbai,2024-04-13 22:39:56.918426
U1168,59,student,19736,319,high,Kanpur,2023-04-22 22:39:56.918426
U1169,43,salaried,74279,478,high,Hyderabad,2025-10-24 22:39:56.918426
U1170,44,salaried,42893,388,high,Mumbai,2021-11-09 22:39:56.918426
U1171,21,salaried,65774,493,high,Pune,2024-08-26 22:39:56.918426
U1172,32,self-employed,79517,526,high,Delhi,2022-11-15 22:39:56.918426
U1173,26,salaried,114739,625,medium,Mumbai,2021-05-05 22:39:56.918426
U1174,24,salaried,97649,585,high,Mumbai,2022-11-15 22:39:56.918426
U1175,45,salaried,72934,488,high,Kanpur,2020-12-04 22:39:56.918426
U1176,39,salaried,103236,582,high,Mumbai,2025-05-16 22:39:56.918426
U1177,43,self-employed,65021,502,high,Hyderabad,2023-03-08 22:39:56.918426
U1178,51,self-employed,90615,603,medium,Kanpur,2025-03-23 22:39:56.918426
U1179,36,student,12834,341,high,Kanpur,2025-08-07 22:39:56.918426
U1180,31,student,17606,352,high,Mumbai,2023-10-01 22:39:56.918426
U1181,59,student,5117,300,high,Kanpur,2025-10-21 22:39:56.918426
U1182,45,self-employed,33642,402,high,Delhi,2025-01-20 22:39:56.918426
U1183,58,student,15267,382,high,Pune,2022-12-24 22:39:56.918426
U1184,59,salaried,50071,463,high,Kanpur,2025-12-10 22:39:56.918426
U1185,34,student,5844,325,high,Pune,2020-09-29 22:39:56.918426
U1186,42,student,13316,338,high,Bangalore,2020-11-04 22:39:56.918426
U1187,42,student,10115,308,high,Mumbai,2025-11-13 22:39:56.918426
U1188,18,student,15678,357,high,Pune,2022-03-23 22:39:56.918426
U1189,60,student,17414,358,high,Bangalore,2022-03-31 22:39:56.918426
U1190,50,self-employed,192564,873,low,Mumbai,2022-07-20 22:39:56.918426
U1191,47,student,14476,320,high,Mumbai,2023-08-14 22:39:56.918426
U1192,30,salaried,46539,437,high,Delhi,2022-06-28 22:39:56.918426
U1193,38,student,6977,314,high,Bangalore,2022-10-24 22:39:56.918426
U1194,53,student,13699,388,high,Pune,2021-11-09 22:39:56.918426
U1195,61,student,6677,314,high,Kanpur,2022-03-30 22:39:56.918426
U1196,49,self-employed,126299,634,medium,Pune,2025-12-13 22:39:56.918426
U1197,61,self-employed,146897,718,medium,Kanpur,2021-06-15 22:39:56.918426
U1198,32,student,6039,300,high,Delhi,2020-12-10 22:39:56.918426
U1199,21,student,6014,366,high,Bangalore,2025-07-15 22:39:56.918426
U1200,60,student,5216,308,high,Kanpur,2024-04-05 22:39:56.918426
U1201,25,self-employed,69031,510,high,Kanpur,2024-08-01 22:39:56.918426
U1202,25,self-employed,25252,410,high,Hyderabad,2023-05-21 22:39:56.918426
U1203,50,salaried,99665,580,high,Delhi,2024-11-07 22:39:56.918426
U1204,20,self-employed,35090,432,high,Bangalore,2024-08-10 22:39:56.918426
U1205,36,salaried,37141,425,high,Kanpur,2023-01-17 22:39:56.918426
U1206,31,salaried,25700,406,high,Pune,2021-10-06 22:39:56.918426
U1207,54,salaried,40212,420,high,Hyderabad,2023-01-25 22:39:56.918426
U1208,21,student,19315,386,high,Bangalore,2025-03-30 22:39:56.918426
U1209,56,student,10239,356,high,Hyderabad,2025-06-22 22:39:56.918426
U1210,49,student,10051,361,high,Delhi,2021-04-29 22:39:56.918426
U1211,40,student,6322,348,high,Bangalore,2025-05-08 22:39:56.919427
U1212,62,self-employed,152898,800,low,Bangalore,2021-11-28 22:39:56.919427
U1213,56,self-employed,199286,900,low,Pune,2022-05-15 22:39:56.919427
U1214,60,student,9627,359,high,Delhi,2021-07-02 22:39:56.919427
U1215,25,salaried,68283,534,high,Kanpur,2021-09-29 22:39:56.919427
U1216,43,self-employed,150494,783,low,Delhi,2023-03-24 22:39:56.919427
U1217,28,salaried,68437,511,high,Mumbai,2021-11-30 22:39:56.919427
U1218,23,student,6264,343,high,Kanpur,2025-02-14 22:39:56.919427
U1219,41,student,19865,360,high,Hyderabad,2024-06-08 22:39:56.919427
U1220,45,student,12960,382,high,Bangalore,2025-08-05 22:39:56.919427
U1221,29,salaried,74020,548,high,Delhi,2023-08-23 22:39:56.919427
U1222,32,salaried,111398,634,medium,Delhi,2021-05-06 22:39:56.919427
U1223,55,self-employed,107580,589,high,Hyderabad,2023-09-24 22:39:56.919427
U1224,31,salaried,111712,607,medium,Hyderabad,2021-01-27 22:39:56.919427
U1225,63,salaried,65279,490,high,Hyderabad,2024-02-27 22:39:56.919427
U1226,43,salaried,55324,439,high,Pune,2023-09-08 22:39:56.919427
U1227,36,salaried,54162,478,high,Pune,2025-01-30 22:39:56.919427
U1228,24,salaried,83307,506,high,Bangalore,2023-09-26 22:39:56.919427
U1229,46,salaried,71106,526,high,Bangalore,2023-02-11 22:39:56.919427
U1230,34,student,6744,300,high,Hyderabad,2024-04-09 22:39:56.919427
U1231,49,salaried,107503,647,medium,Pune,2021-02-17 22:39:56.919427
U1232,33,student,14420,329,high,Bangalore,2022-04-04 22:39:56.919427
U1233,20,self-employed,198070,900,low,Kanpur,2021-06-02 22:39:56.919427
U1234,18,salaried,67508,515,high,Mumbai,2024-04-03 22:39:56.919427
U1235,23,salaried,27052,395,high,Bangalore,2023-06-08 22:39:56.919427
U1236,22,self-employed,114083,648,medium,Mumbai,2025-08-08 22:39:56.919427
U1237,45,salaried,40263,371,high,Mumbai,2023-11-27 22:39:56.919427
U1238,24,salaried,117037,631,medium,Delhi,2021-11-25 22:39:56.919427
U1239,20,salaried,44007,467,high,Hyderabad,2021-07-10 22:39:56.919427
U1240,54,self-employed,124958,666,medium,Kanpur,2022-07-09 22:39:56.919427
U1241,45,student,19142,357,high,Hyderabad,2024-04-08 22:39:56.919427
U1242,20,salaried,73508,542,high,Pune,2024-08-16 22:39:56.919427
U1243,48,self-employed,127128,706,medium,Mumbai,2025-10-05 22:39:56.919427
U1244,42,self-employed,169006,769,low,Mumbai,2021-11-08 22:39:56.919427
U1245,46,salaried,93924,628,medium,Kanpur,2021-03-08 22:39:56.919427
U1246,27,salaried,66065,450,high,Pune,2024-05-31 22:39:56.919427
U1247,39,student,12302,330,high,Kanpur,2021-02-15 22:39:56.919427
U1248,38,student,11300,376,high,Kanpur,2025-12-27 22:39:56.919427
U1249,64,self-employed,175152,859,low,Mumbai,2025-01-27 22:39:56.919427
U1250,42,student,11120,300,high,Bangalore,2023-01-01 22:39:56.919427
U1251,33,self-employed,189328,876,low,Bangalore,2022-04-21 22:39:56.919427
U1252,26,salaried,42164,436,high,Pune,2023-04-03 22:39:56.919427
U1253,55,student,15804,342,high,Delhi,2021-04-06 22:39:56.919427
U1254,64,student,11615,382,high,Kanpur,2025-12-01 22:39:56.919427
U1255,62,student,16631,349,high,Pune,2022-12-26 22:39:56.919427
U1256,53,self-employed,34308,410,high,Kanpur,2022-12-04 22:39:56.919427
U1257,49,student,18828,355,high,Hyderabad,2021-04-06 22:39:56.919427
U1258,45,salaried,60851,505,high,Mumbai,2021-07-06 22:39:56.919427
U1259,47,salaried,110136,665,medium,Mumbai,2025-06-06 22:39:56.919427
U1260,39,self-employed,94936,584,high,Hyderabad,2024-07-28 22:39:56.919427
U1261,19,self-employed,133803,728,medium,Kanpur,2021-02-04 22:39:56.920432
U1262,18,student,12275,307,high,Bangalore,2022-09-05 22:39:56.920432
U1263,56,self-employed,133887,706,medium,Delhi,2023-02-16 22:39:56.920432
U1264,36,salaried,119705,680,medium,Mumbai,2023-05-26 22:39:56.920432
U1265,41,student,19545,310,high,Kanpur,2024-02-24 22:39:56.920432
U1266,23,salaried,37591,384,high,Hyderabad,2023-12-04 22:39:56.920432
U1267,46,student,12587,300,high,Pune,2020-10-22 22:39:56.920432
U1268,18,salaried,105141,595,high,Mumbai,2024-09-07 22:39:56.920432
U1269,61,student,9341,367,high,Mumbai,2020-11-21 22:39:56.920432
U1270,35,salaried,103077,641,medium,Pune,2025-05-30 22:39:56.920432
U1271,41,self-employed,48565,495,high,Delhi,2022-02-11 22:39:56.920432
U1272,54,salaried,63444,443,high,Bangalore,2020-10-02 22:39:56.920432
U1273,18,student,8603,375,high,Kanpur,2021-03-21 22:39:56.920432
U1274,23,salaried,66969,532,high,Hyderabad,2024-10-12 22:39:56.920432
U1275,36,self-employed,78383,505,high,Mumbai,2023-01-25 22:39:56.920432
U1276,62,self-employed,139937,727,medium,Pune,2021-06-04 22:39:56.920432
U1277,44,self-employed,64232,486,high,Mumbai,2024-12-31 22:39:56.920432
U1278,49,self-employed,74307,506,high,Kanpur,2025-12-18 22:39:56.920432
U1279,31,salaried,87112,531,high,Bangalore,2022-11-21 22:39:56.920432
U1280,49,salaried,29645,360,high,Bangalore,2025-09-04 22:39:56.920432
U1281,61,self-employed,190282,882,low,Pune,2024-06-23 22:39:56.920432
U1282,42,self-employed,77282,581,high,Pune,2022-03-05 22:39:56.920432
U1283,60,self-employed,68612,484,high,Mumbai,2023-12-25 22:39:56.920432
U1284,29,salaried,64281,481,high,Mumbai,2023-09-29 22:39:56.920432
U1285,51,salaried,29044,362,high,Mumbai,2023-01-06 22:39:56.920432
U1286,63,student,19343,340,high,Mumbai,2022-07-09 22:39:56.920432
U1287,62,self-employed,154624,731,medium,Bangalore,2023-01-09 22:39:56.920432
U1288,21,student,19981,399,high,Bangalore,2023-02-07 22:39:56.920432
U1289,53,student,15222,330,high,Mumbai,2023-03-25 22:39:56.920432
U1290,33,salaried,95694,610,medium,Mumbai,2025-06-11 22:39:56.920432
U1291,38,student,9291,300,high,Mumbai,2025-09-11 22:39:56.920432
U1292,59,self-employed,30102,395,high,Pune,2021-11-05 22:39:56.920432
U1293,52,student,14805,304,high,Kanpur,2025-04-21 22:39:56.920432
U1294,44,student,10898,335,high,Bangalore,2023-05-30 22:39:56.920432
U1295,44,student,12507,374,high,Pune,2025-10-31 22:39:56.920432
U1296,19,salaried,103439,569,high,Bangalore,2023-05-10 22:39:56.920432
U1297,42,student,8521,341,high,Hyderabad,2022-02-28 22:39:56.920432
U1298,36,salaried,102091,618,medium,Bangalore,2021-01-22 22:39:56.920432
U1299,46,self-employed,93028,591,high,Bangalore,2022-07-25 22:39:56.920432
U1300,45,self-employed,47043,428,high,Pune,2021-03-05 22:39:56.920432
U1301,35,student,13000,324,high,Mumbai,2024-12-17 22:39:56.920432
U1302,21,self-employed,191055,900,low,Hyderabad,2024-11-30 22:39:56.920432
U1303,49,student,11450,345,high,Mumbai,2021-05-26 22:39:56.920432
U1304,50,student,11809,349,high,Bangalore,2025-03-27 22:39:56.920432
U1305,24,salaried,88878,582,high,Delhi,2023-12-10 22:39:56.920432
U1306,63,student,18143,348,high,Pune,2022-01-25 22:39:56.920432
U1307,60,student,15959,391,high,Pune,2023-08-17 22:39:56.920432
U1308,52,self-employed,58967,525,high,Bangalore,2024-12-24 22:39:56.920432
U1309,43,self-employed,131548,741,medium,Bangalore,2020-12-06 22:39:56.920432
U1310,58,self-employed,190517,829,low,Hyderabad,2023-07-21 22:39:56.920432
U1311,60,self-employed,53711,460,high,Hyderabad,2023-02-19 22:39:56.921426
U1312,21,student,13228,359,high,Delhi,2024-04-05 22:39:56.921426
U1313,56,student,9982,353,high,Pune,2025-10-11 22:39:56.921426
U1314,55,salaried,75968,564,high,Delhi,2024-05-15 22:39:56.921426
U1315,19,salaried,80748,497,high,Bangalore,2021-04-01 22:39:56.921426
U1316,22,self-employed,133265,693,medium,Bangalore,2021-05-15 22:39:56.921426
U1317,23,student,18455,366,high,Hyderabad,2021-04-14 22:39:56.921426
U1318,27,salaried,114700,631,medium,Bangalore,2024-07-25 22:39:56.921426
U1319,40,self-employed,137642,690,medium,Hyderabad,2025-05-20 22:39:56.921426
U1320,29,student,11493,302,high,Delhi,2023-01-22 22:39:56.921426
U1321,40,student,12396,325,high,Pune,2023-07-19 22:39:56.921426
U1322,29,student,16727,347,high,Pune,2023-11-07 22:39:56.921426
U1323,25,self-employed,147381,771,low,Pune,2022-08-25 22:39:56.921426
U1324,39,salaried,109180,617,medium,Delhi,2025-04-29 22:39:56.921426
U1325,41,self-employed,130667,667,medium,Delhi,2021-11-04 22:39:56.921426
U1326,27,student,13556,326,high,Kanpur,2024-09-17 22:39:56.921426
U1327,41,student,17083,334,high,Delhi,2024-11-14 22:39:56.921426
U1328,47,student,8408,342,high,Pune,2024-02-18 22:39:56.921426
U1329,49,salaried,83935,577,high,Mumbai,2023-03-09 22:39:56.921426
U1330,33,salaried,73143,554,high,Kanpur,2024-07-27 22:39:56.921426
U1331,46,self-employed,182412,818,low,Bangalore,2020-12-18 22:39:56.921426
U1332,31,self-employed,29985,348,high,Pune,2021-01-11 22:39:56.921426
U1333,33,student,14547,300,high,Pune,2023-11-14 22:39:56.921426
U1334,48,salaried,30271,419,high,Hyderabad,2023-11-05 22:39:56.921426
U1335,47,salaried,56618,466,high,Pune,2024-03-29 22:39:56.921426
U1336,63,salaried,56156,518,high,Bangalore,2024-08-17 22:39:56.921426
U1337,20,student,8134,332,high,Mumbai,2024-03-15 22:39:56.921426
U1338,38,self-employed,103405,562,high,Pune,2020-12-30 22:39:56.921426
U1339,29,self-employed,145779,707,medium,Bangalore,2023-10-21 22:39:56.921426
U1340,29,self-employed,157711,795,low,Delhi,2023-09-21 22:39:56.921426
U1341,24,student,14060,354,high,Bangalore,2022-06-24 22:39:56.921426
U1342,51,salaried,69563,515,high,Mumbai,2022-11-14 22:39:56.921426
U1343,58,self-employed,106859,643,medium,Mumbai,2024-08-12 22:39:56.921426
U1344,48,student,17938,403,high,Pune,2020-10-23 22:39:56.921426
U1345,53,salaried,65697,526,high,Bangalore,2021-09-07 22:39:56.921426
U1346,38,self-employed,55639,505,high,Mumbai,2025-04-20 22:39:56.921426
U1347,48,salaried,58654,512,high,Mumbai,2023-10-02 22:39:56.921426
U1348,29,salaried,87386,540,high,Bangalore,2025-07-27 22:39:56.921426
U1349,29,self-employed,138083,694,medium,Kanpur,2022-04-10 22:39:56.921426
U1350,55,student,18824,378,high,Bangalore,2022-10-20 22:39:56.921426
U1351,18,self-employed,40059,435,high,Bangalore,2025-06-04 22:39:56.921426
U1352,25,self-employed,40057,375,high,Kanpur,2020-09-29 22:39:56.921426
U1353,35,self-employed,45553,468,high,Mumbai,2022-08-24 22:39:56.921426
U1354,61,self-employed,152659,794,low,Pune,2022-06-23 22:39:56.921426
U1355,55,salaried,41003,449,high,Pune,2022-07-25 22:39:56.921426
U1356,47,salaried,118841,694,medium,Hyderabad,2021-10-28 22:39:56.921426
U1357,56,student,8710,322,high,Hyderabad,2022-06-26 22:39:56.921426
U1358,42,student,19162,393,high,Bangalore,2024-08-31 22:39:56.921426
U1359,56,self-employed,196473,888,low,Delhi,2022-05-01 22:39:56.921426
U1360,55,student,11440,354,high,Kanpur,2022-09-24 22:39:56.921426
U1361,57,student,16087,348,high,Hyderabad,2022-05-03 22:39:56.921426
U1362,64,student,18435,369,high,Pune,2021-07-30 22:39:56.921426
U1363,57,self-employed,73426,514,high,Pune,2025-06-23 22:39:56.921426
U1364,39,student,7715,365,high,Hyderabad,2025-10-29 22:39:56.921426
U1365,38,self-employed,20691,324,high,Hyderabad,2021-08-05 22:39:56.921426
U1366,60,self-employed,118747,662,medium,Mumbai,2021-07-29 22:39:56.921426
U1367,60,salaried,69737,539,high,Hyderabad,2022-07-04 22:39:56.921426
U1368,40,self-employed,122966,659,medium,Delhi,2021-02-09 22:39:56.921426
U1369,55,salaried,85945,543,high,Bangalore,2021-08-05 22:39:56.921426
U1370,39,salaried,70872,550,high,Pune,2022-12-03 22:39:56.921426
U1371,57,self-employed,22494,346,high,Bangalore,2023-11-02 22:39:56.921426
U1372,59,student,17764,336,high,Delhi,2021-02-20 22:39:56.921426
U1373,51,student,13364,342,high,Pune,2024-03-12 22:39:56.921426
U1374,63,student,18207,305,high,Bangalore,2026-01-02 22:39:56.922427
U1375,50,salaried,54394,438,high,Bangalore,2021-04-27 22:39:56.922427
U1376,19,self-employed,198977,846,low,Kanpur,2023-07-31 22:39:56.922427
U1377,41,self-employed,175966,844,low,Hyderabad,2024-01-06 22:39:56.922427
U1378,23,student,15259,307,high,Bangalore,2024-04-07 22:39:56.922427
U1379,43,student,18266,347,high,Mumbai,2022-03-16 22:39:56.922427
U1380,55,student,12530,311,high,Delhi,2021-02-12 22:39:56.922427
U1381,45,student,15690,349,high,Bangalore,2024-08-05 22:39:56.922427
U1382,19,salaried,60535,480,high,Pune,2024-07-12 22:39:56.922427
U1383,32,student,7646,300,high,Hyderabad,2023-02-03 22:39:56.922427
U1384,22,student,8574,300,high,Pune,2022-09-23 22:39:56.922427
U1385,59,self-employed,57053,491,high,Delhi,2022-02-16 22:39:56.922427
U1386,28,salaried,104338,626,medium,Bangalore,2023-10-02 22:39:56.922427
U1387,18,self-employed,87112,593,high,Mumbai,2021-08-09 22:39:56.922427
U1388,56,self-employed,108771,627,medium,Delhi,2025-09-02 22:39:56.922427
U1389,51,salaried,110912,585,high,Mumbai,2020-12-30 22:39:56.922427
U1390,24,student,17041,401,high,Pune,2024-11-11 22:39:56.922427
U1391,19,student,13412,337,high,Mumbai,2023-12-26 22:39:56.922427
U1392,65,student,9327,300,high,Mumbai,2021-06-03 22:39:56.922427
U1393,45,salaried,51930,504,high,Bangalore,2023-01-05 22:39:56.922427
U1394,55,student,14415,370,high,Mumbai,2022-03-07 22:39:56.922427
U1395,47,student,17719,355,high,Bangalore,2022-12-15 22:39:56.922427
U1396,43,student,10128,300,high,Bangalore,2025-03-06 22:39:56.922427
U1397,23,student,6016,300,high,Pune,2021-05-17 22:39:56.922427
U1398,58,self-employed,104547,590,high,Hyderabad,2022-02-25 22:39:56.922427
U1399,38,salaried,52040,434,high,Pune,2020-09-04 22:39:56.922427
U1400,27,student,17508,342,high,Bangalore,2020-09-02 22:39:56.922427
U1401,24,salaried,44257,416,high,Hyderabad,2024-07-13 22:39:56.922427
U1402,47,self-employed,131780,700,medium,Delhi,2024-04-22 22:39:56.922427
U1403,47,self-employed,36110,420,high,Pune,2021-11-17 22:39:56.922427
U1404,56,salaried,56323,445,high,Mumbai,2025-10-12 22:39:56.922427
U1405,65,salaried,52598,432,high,Kanpur,2022-03-29 22:39:56.922427
U1406,35,salaried,58031,519,high,Bangalore,2021-07-04 22:39:56.922427
U1407,43,self-employed,130696,675,medium,Bangalore,2023-03-12 22:39:56.922427
U1408,49,student,8141,352,high,Mumbai,2024-04-08 22:39:56.922427
U1409,20,self-employed,73333,526,high,Bangalore,2024-11-28 22:39:56.922427
U1410,27,salaried,35847,420,high,Mumbai,2024-06-26 22:39:56.922427
U1411,65,salaried,45715,405,high,Delhi,2024-11-25 22:39:56.922427
U1412,46,student,17044,301,high,Pune,2025-11-17 22:39:56.922427
U1413,47,salaried,27962,405,high,Bangalore,2021-11-08 22:39:56.922427
U1414,46,salaried,40611,438,high,Bangalore,2025-04-03 22:39:56.922427
U1415,36,salaried,30882,423,high,Mumbai,2024-10-23 22:39:56.922427
U1416,20,self-employed,125501,714,medium,Hyderabad,2024-03-01 22:39:56.922427
U1417,63,salaried,53133,505,high,Delhi,2022-03-31 22:39:56.922427
U1418,53,self-employed,165884,762,low,Delhi,2025-10-13 22:39:56.922427
U1419,44,self-employed,199444,900,low,Mumbai,2021-12-21 22:39:56.922427
U1420,21,salaried,86621,572,high,Hyderabad,2022-07-04 22:39:56.922427
U1421,62,salaried,67583,533,high,Kanpur,2020-09-27 22:39:56.922427
U1422,34,student,8319,305,high,Pune,2021-07-24 22:39:56.922427
U1423,61,student,6185,349,high,Hyderabad,2021-07-06 22:39:56.922427
U1424,38,salaried,66408,471,high,Kanpur,2025-09-29 22:39:56.922427
U1425,27,self-employed,143336,706,medium,Kanpur,2025-06-08 22:39:56.922427
U1426,18,student,6648,356,high,Kanpur,2024-07-17 22:39:56.922427
U1427,54,student,8312,310,high,Pune,2022-02-26 22:39:56.922427
U1428,38,student,15734,337,high,Mumbai,2022-04-27 22:39:56.922427
U1429,40,student,7978,372,high,Pune,2022-05-15 22:39:56.922427
U1430,50,salaried,81655,583,high,Hyderabad,2024-03-11 22:39:56.922427
U1431,62,salaried,76519,576,high,Mumbai,2025-02-13 22:39:56.922427
U1432,38,student,12129,300,high,Pune,2022-07-27 22:39:56.922427
U1433,51,student,15505,355,high,Kanpur,2021-08-10 22:39:56.922427
U1434,64,student,8684,352,high,Delhi,2022-07-25 22:39:56.922427
U1435,22,self-employed,50845,495,high,Delhi,2021-11-04 22:39:56.922427
U1436,57,salaried,71255,488,high,Bangalore,2023-02-23 22:39:56.922427
U1437,48,self-employed,104440,645,medium,Bangalore,2025-04-10 22:39:56.922427
U1438,19,self-employed,62387,512,high,Mumbai,2022-06-21 22:39:56.922427
U1439,53,student,13114,323,high,Kanpur,2023-03-03 22:39:56.922427
U1440,52,student,5679,300,high,Bangalore,2021-10-09 22:39:56.922427
U1441,30,salaried,111863,679,medium,Bangalore,2024-08-29 22:39:56.922427
U1442,40,self-employed,149646,782,low,Hyderabad,2024-01-23 22:39:56.922427
U1443,30,self-employed,165493,827,low,Hyderabad,2025-07-14 22:39:56.922427
U1444,65,salaried,36456,361,high,Delhi,2025-01-30 22:39:56.922427
U1445,49,salaried,66097,480,high,Bangalore,2021-08-25 22:39:56.923425
U1446,38,self-employed,63739,477,high,Mumbai,2021-05-10 22:39:56.923425
U1447,47,self-employed,170702,835,low,Pune,2022-11-20 22:39:56.923425
U1448,42,student,13518,363,high,Bangalore,2024-04-30 22:39:56.923425
U1449,29,self-employed,189583,834,low,Bangalore,2023-05-09 22:39:56.923425
U1450,45,student,12677,356,high,Kanpur,2022-09-14 22:39:56.923425
U1451,64,self-employed,78491,564,high,Pune,2025-04-30 22:39:56.923425
U1452,45,self-employed,183822,878,low,Pune,2022-09-21 22:39:56.923425
U1453,43,salaried,99007,611,medium,Kanpur,2023-08-09 22:39:56.923425
U1454,65,self-employed,98016,584,high,Kanpur,2022-11-27 22:39:56.923425
U1455,27,self-employed,57508,457,high,Delhi,2024-04-20 22:39:56.923425
U1456,33,self-employed,108790,614,medium,Pune,2023-01-28 22:39:56.923425
U1457,28,self-employed,179613,797,low,Bangalore,2025-02-21 22:39:56.923425
U1458,55,student,18889,322,high,Kanpur,2023-02-27 22:39:56.923425
U1459,59,salaried,54651,426,high,Mumbai,2021-08-02 22:39:56.923425
U1460,64,self-employed,170853,824,low,Kanpur,2025-06-21 22:39:56.923425
U1461,42,self-employed,169772,786,low,Pune,2021-11-22 22:39:56.923425
U1462,36,student,17098,371,high,Mumbai,2024-03-06 22:39:56.923425
U1463,26,self-employed,111645,681,medium,Hyderabad,2022-06-20 22:39:56.923425
U1464,18,self-employed,57059,479,high,Hyderabad,2023-07-08 22:39:56.923425
U1465,59,self-employed,55087,480,high,Pune,2025-07-24 22:39:56.923425
U1466,53,salaried,65863,543,high,Hyderabad,2025-03-08 22:39:56.923425
U1467,52,self-employed,34999,396,high,Bangalore,2024-07-12 22:39:56.923425
U1468,63,salaried,45054,433,high,Pune,2025-07-23 22:39:56.923425
U1469,41,student,16813,311,high,Kanpur,2022-02-10 22:39:56.923425
U1470,33,student,13636,333,high,Hyderabad,2021-08-02 22:39:56.923425
U1471,22,student,9679,314,high,Hyderabad,2021-05-20 22:39:56.923425
U1472,44,student,16873,352,high,Delhi,2025-01-16 22:39:56.923425
U1473,52,salaried,51769,444,high,Hyderabad,2023-05-05 22:39:56.923425
U1474,20,student,9895,300,high,Kanpur,2024-06-20 22:39:56.923425
U1475,63,self-employed,141781,748,medium,Kanpur,2022-11-01 22:39:56.923425
U1476,33,self-employed,62402,526,high,Mumbai,2023-09-02 22:39:56.923425
U1477,28,self-employed,68944,496,high,Bangalore,2022-10-04 22:39:56.923425
U1478,27,self-employed,156823,746,medium,Hyderabad,2025-12-27 22:39:56.923425
U1479,52,student,10051,305,high,Kanpur,2021-09-18 22:39:56.923425
U1480,54,student,8777,321,high,Mumbai,2022-05-15 22:39:56.923425
U1481,49,student,19912,321,high,Bangalore,2025-07-20 22:39:56.923425
U1482,41,student,12979,341,high,Mumbai,2021-01-22 22:39:56.923425
U1483,52,self-employed,105199,659,medium,Mumbai,2024-06-22 22:39:56.923425
U1484,37,student,14614,377,high,Delhi,2022-03-18 22:39:56.923425
U1485,58,salaried,75109,544,high,Kanpur,2025-08-30 22:39:56.923425
U1486,24,student,12427,348,high,Bangalore,2024-11-08 22:39:56.923425
U1487,22,student,12039,366,high,Kanpur,2022-03-18 22:39:56.923425
U1488,64,self-employed,24595,364,high,Bangalore,2024-10-17 22:39:56.923425
U1489,63,self-employed,90809,530,high,Mumbai,2024-12-18 22:39:56.923425
U1490,27,salaried,50301,411,high,Bangalore,2023-09-01 22:39:56.923425
U1491,22,student,7437,365,high,Pune,2022-05-17 22:39:56.923425
U1492,27,student,10280,351,high,Mumbai,2021-03-09 22:39:56.923425
U1493,33,self-employed,70964,532,high,Hyderabad,2024-10-03 22:39:56.923425
U1494,33,self-employed,86820,565,high,Pune,2023-07-22 22:39:56.923425
U1495,41,salaried,97267,638,medium,Mumbai,2025-11-08 22:39:56.923425
U1496,25,student,10388,339,high,Bangalore,2022-08-27 22:39:56.923425
U1497,52,student,6760,358,high,Kanpur,2023-11-29 22:39:56.923425
U1498,42,salaried,54781,483,high,Kanpur,2024-01-30 22:39:56.923425
U1499,25,salaried,109592,621,medium,Pune,2024-05-16 22:39:56.923425
U1500,31,self-employed,146772,693,medium,Delhi,2020-12-20 22:39:56.923425
U1501,43,salaried,117546,632,medium,Bangalore,2023-06-30 22:39:56.923425
U1502,29,self-employed,54827,433,high,Kanpur,2022-12-28 22:39:56.923425
U1503,39,self-employed,187659,821,low,Hyderabad,2025-06-03 22:39:56.923425
U1504,65,self-employed,182563,830,low,Bangalore,2023-08-25 22:39:56.923425
U1505,27,student,6962,300,high,Bangalore,2023-03-25 22:39:56.923425
U1506,58,self-employed,44392,428,high,Hyderabad,2024-01-03 22:39:56.923425
U1507,65,self-employed,88137,541,high,Kanpur,2022-03-15 22:39:56.923425
U1508,59,self-employed,23333,323,high,Bangalore,2020-12-07 22:39:56.923425
U1509,57,salaried,93071,567,high,Hyderabad,2022-08-20 22:39:56.923425
U1510,39,self-employed,187768,834,low,Pune,2022-07-15 22:39:56.923425
U1511,21,student,18133,330,high,Delhi,2023-01-05 22:39:56.923425
U1512,51,salaried,107977,643,medium,Pune,2024-06-29 22:39:56.924433
U1513,27,self-employed,99979,609,medium,Bangalore,2024-05-04 22:39:56.924433
U1514,30,student,8660,343,high,Mumbai,2023-09-11 22:39:56.924433
U1515,43,salaried,67793,552,high,Kanpur,2021-04-16 22:39:56.924433
U1516,22,salaried,80675,535,high,Hyderabad,2025-06-03 22:39:56.924433
U1517,33,self-employed,125782,722,medium,Pune,2024-08-09 22:39:56.924433
U1518,46,self-employed,50052,431,high,Pune,2025-03-10 22:39:56.924433
U1519,59,self-employed,31224,356,high,Pune,2022-05-26 22:39:56.924433
U1520,29,student,15355,337,high,Hyderabad,2024-08-11 22:39:56.924433
U1521,61,self-employed,162751,771,low,Pune,2022-03-19 22:39:56.924433
U1522,42,salaried,89522,569,high,Hyderabad,2021-05-11 22:39:56.924433
U1523,58,student,11836,300,high,Hyderabad,2021-01-07 22:39:56.924433
U1524,59,self-employed,95444,594,high,Mumbai,2020-11-30 22:39:56.924433
U1525,46,student,12717,358,high,Delhi,2023-07-12 22:39:56.924433
U1526,36,student,15836,322,high,Pune,2024-03-22 22:39:56.924433
U1527,39,self-employed,181402,821,low,Hyderabad,2025-03-10 22:39:56.924433
U1528,64,salaried,53629,466,high,Kanpur,2023-09-30 22:39:56.924433
U1529,65,student,10586,300,high,Delhi,2024-01-16 22:39:56.924433
U1530,43,student,18237,325,high,Delhi,2022-10-30 22:39:56.924433
U1531,24,salaried,104047,643,medium,Bangalore,2022-08-26 22:39:56.924433
U1532,29,student,14896,379,high,Hyderabad,2024-03-21 22:39:56.924433
U1533,20,salaried,81852,571,high,Kanpur,2024-05-14 22:39:56.924433
U1534,49,student,13774,383,high,Hyderabad,2024-02-17 22:39:56.924433
U1535,34,self-employed,147875,727,medium,Hyderabad,2025-06-24 22:39:56.924433
U1536,64,self-employed,106567,609,medium,Delhi,2025-07-21 22:39:56.924433
U1537,60,salaried,119984,707,medium,Pune,2024-08-01 22:39:56.924433
U1538,58,salaried,30454,363,high,Mumbai,2024-07-19 22:39:56.924433
U1539,62,salaried,119139,700,medium,Pune,2024-02-06 22:39:56.924433
U1540,20,salaried,74091,488,high,Delhi,2023-09-07 22:39:56.924433
U1541,59,student,19601,395,high,Hyderabad,2026-01-17 22:39:56.924433
U1542,28,student,13933,368,high,Mumbai,2024-02-24 22:39:56.924433
U1543,57,student,12041,376,high,Kanpur,2021-08-18 22:39:56.924433
U1544,51,salaried,57009,432,high,Mumbai,2023-02-12 22:39:56.924433
U1545,58,student,15016,300,high,Hyderabad,2022-11-12 22:39:56.924433
U1546,33,student,7668,300,high,Bangalore,2024-05-21 22:39:56.924433
U1547,39,student,9788,377,high,Kanpur,2024-01-22 22:39:56.924433
U1548,34,student,15973,334,high,Bangalore,2025-07-31 22:39:56.924433
U1549,58,student,6287,333,high,Hyderabad,2024-03-13 22:39:56.924433
U1550,22,salaried,113225,589,high,Pune,2025-01-22 22:39:56.924433
U1551,57,student,11972,352,high,Hyderabad,2021-01-22 22:39:56.924433
U1552,52,salaried,41204,441,high,Pune,2025-08-31 22:39:56.924433
U1553,44,self-employed,168560,801,low,Bangalore,2021-01-15 22:39:56.924433
U1554,46,salaried,92906,607,medium,Bangalore,2024-02-06 22:39:56.924433
U1555,31,student,12288,300,high,Delhi,2021-06-05 22:39:56.924433
U1556,40,student,11489,300,high,Hyderabad,2022-07-22 22:39:56.924433
U1557,19,student,9622,309,high,Delhi,2022-03-25 22:39:56.924433
U1558,34,student,19446,340,high,Mumbai,2021-01-08 22:39:56.924433
U1559,53,self-employed,64895,445,high,Bangalore,2023-08-16 22:39:56.924433
U1560,56,student,12495,342,high,Delhi,2023-11-22 22:39:56.924433
U1561,39,salaried,57681,449,high,Delhi,2021-10-16 22:39:56.924433
U1562,63,student,6171,344,high,Delhi,2022-12-25 22:39:56.924433
U1563,32,self-employed,168159,830,low,Hyderabad,2025-09-26 22:39:56.924433
U1564,64,student,9566,331,high,Bangalore,2025-06-28 22:39:56.924433
U1565,65,salaried,58478,507,high,Pune,2025-02-26 22:39:56.924433
U1566,62,student,12624,377,high,Mumbai,2024-10-08 22:39:56.924433
U1567,65,student,18384,337,high,Bangalore,2022-11-26 22:39:56.924433
U1568,35,salaried,100185,582,high,Hyderabad,2023-07-18 22:39:56.924433
U1569,20,student,8491,360,high,Mumbai,2026-01-20 22:39:56.924433
U1570,54,self-employed,39941,451,high,Bangalore,2023-11-08 22:39:56.924433
U1571,25,student,17863,354,high,Kanpur,2022-04-14 22:39:56.924433
U1572,56,student,6697,356,high,Hyderabad,2021-01-03 22:39:56.924433
U1573,31,student,7175,300,high,Mumbai,2022-11-09 22:39:56.924433
U1574,46,salaried,66860,470,high,Pune,2023-01-31 22:39:56.924433
U1575,58,self-employed,167333,805,low,Bangalore,2020-12-03 22:39:56.924433
U1576,62,self-employed,133978,748,medium,Bangalore,2024-11-11 22:39:56.924433
U1577,34,salaried,56232,489,high,Bangalore,2025-08-28 22:39:56.924433
U1578,63,salaried,101032,616,medium,Pune,2023-02-15 22:39:56.924433
U1579,52,student,17509,383,high,Mumbai,2023-01-06 22:39:56.924433
U1580,45,student,8591,300,high,Bangalore,2022-09-14 22:39:56.924433
U1581,25,salaried,79144,586,high,Kanpur,2024-08-26 22:39:56.924433
U1582,26,self-employed,91643,616,medium,Delhi,2021-01-23 22:39:56.924433
U1583,30,salaried,106737,576,high,Hyderabad,2021-05-09 22:39:56.924433
U1584,58,student,10633,322,high,Bangalore,2023-11-17 22:39:56.924433
U1585,38,student,19015,319,high,Hyderabad,2024-12-12 22:39:56.924433
U1586,46,salaried,69834,535,high,Kanpur,2024-04-21 22:39:56.924433
U1587,20,student,14922,304,high,Hyderabad,2020-10-03 22:39:56.924433
U1588,30,student,14974,302,high,Kanpur,2025-06-19 22:39:56.924433
U1589,41,student,6482,300,high,Pune,2023-10-03 22:39:56.924433
U1590,29,salaried,38240,460,high,Kanpur,2024-05-29 22:39:56.924433
U1591,32,student,7685,315,high,Bangalore,2021-10-11 22:39:56.924433
U1592,53,student,12729,386,high,Pune,2023-12-22 22:39:56.924433
U1593,53,student,13764,363,high,Pune,2021-12-17 22:39:56.924433
U1594,18,student,8742,300,high,Hyderabad,2024-11-12 22:39:56.924433
U1595,63,salaried,34316,424,high,Bangalore,2025-08-17 22:39:56.924433
U1596,35,student,8918,351,high,Hyderabad,2025-02-17 22:39:56.924433
U1597,60,salaried,34955,433,high,Hyderabad,2024-12-25 22:39:56.924433
U1598,40,self-employed,74873,525,high,Delhi,2021-07-01 22:39:56.924433
U1599,30,student,12558,370,high,Kanpur,2023-06-15 22:39:56.924433
U1600,21,self-employed,192911,855,low,Kanpur,2024-03-15 22:39:56.924433
U1601,58,student,12371,384,high,Mumbai,2024-05-15 22:39:56.924433
U1602,21,self-employed,140140,750,low,Pune,2024-04-12 22:39:56.925798
U1603,61,self-employed,144845,759,low,Bangalore,2021-05-22 22:39:56.925798
U1604,49,salaried,108676,612,medium,Bangalore,2024-07-15 22:39:56.925798
U1605,64,self-employed,108501,585,high,Delhi,2020-10-18 22:39:56.925798
U1606,60,student,15807,397,high,Mumbai,2025-03-31 22:39:56.925798
U1607,48,student,17835,316,high,Hyderabad,2024-01-12 22:39:56.925798
U1608,21,salaried,44740,427,high,Hyderabad,2023-01-04 22:39:56.925798
U1609,40,salaried,43492,403,high,Mumbai,2021-08-09 22:39:56.925798
U1610,24,salaried,105688,630,medium,Kanpur,2024-06-17 22:39:56.925798
U1611,27,self-employed,32629,437,high,Hyderabad,2025-09-14 22:39:56.925798
U1612,51,salaried,45006,408,high,Pune,2023-01-28 22:39:56.925798
U1613,41,student,18095,332,high,Kanpur,2021-09-03 22:39:56.925798
U1614,27,student,19682,379,high,Bangalore,2020-12-16 22:39:56.925798
U1615,54,student,10412,329,high,Delhi,2022-04-03 22:39:56.925798
U1616,63,student,19764,358,high,Mumbai,2025-06-10 22:39:56.925798
U1617,44,self-employed,152312,715,medium,Hyderabad,2024-02-05 22:39:56.925798
U1618,56,self-employed,98489,594,high,Kanpur,2025-04-27 22:39:56.925798
U1619,24,salaried,40319,414,high,Mumbai,2025-06-12 22:39:56.925798
U1620,21,salaried,100709,647,medium,Delhi,2025-08-19 22:39:56.925798
U1621,50,student,14027,385,high,Bangalore,2021-10-03 22:39:56.925798
U1622,60,student,17648,384,high,Kanpur,2022-03-09 22:39:56.925798
U1623,49,self-employed,32308,432,high,Mumbai,2021-02-25 22:39:56.925798
U1624,29,salaried,38977,392,high,Delhi,2021-01-02 22:39:56.925798
U1625,63,student,12768,364,high,Pune,2023-06-19 22:39:56.925798
U1626,49,self-employed,106921,650,medium,Kanpur,2021-04-15 22:39:56.925798
U1627,26,salaried,65731,488,high,Pune,2023-04-16 22:39:56.925798
U1628,59,student,13828,345,high,Pune,2021-09-24 22:39:56.925798
U1629,27,student,14167,309,high,Kanpur,2022-08-03 22:39:56.925798
U1630,48,salaried,93382,543,high,Kanpur,2022-01-25 22:39:56.925798
U1631,43,student,8976,370,high,Delhi,2025-09-12 22:39:56.925798
U1632,24,student,17161,345,high,Hyderabad,2025-07-08 22:39:56.925798
U1633,36,salaried,108271,596,high,Kanpur,2025-03-27 22:39:56.925798
U1634,56,student,14943,342,high,Mumbai,2023-11-28 22:39:56.925798
U1635,58,salaried,51896,436,high,Mumbai,2024-10-21 22:39:56.925798
U1636,26,student,5774,357,high,Mumbai,2021-08-27 22:39:56.925798
U1637,40,student,19188,348,high,Delhi,2021-11-02 22:39:56.925798
U1638,19,student,17438,395,high,Pune,2023-11-01 22:39:56.925798
U1639,62,salaried,110960,648,medium,Kanpur,2024-10-01 22:39:56.925798
U1640,29,self-employed,148045,698,medium,Mumbai,2025-04-13 22:39:56.925798
U1641,26,student,8380,300,high,Mumbai,2022-05-03 22:39:56.925798
U1642,45,student,5886,300,high,Pune,2024-11-27 22:39:56.925798
U1643,35,self-employed,141813,753,low,Kanpur,2024-12-02 22:39:56.925798
U1644,43,self-employed,142202,773,low,Delhi,2021-08-18 22:39:56.925798
U1645,53,salaried,62961,441,high,Kanpur,2021-02-07 22:39:56.925798
U1646,61,salaried,115773,691,medium,Delhi,2025-10-07 22:39:56.925798
U1647,47,student,8589,300,high,Mumbai,2022-06-23 22:39:56.925798
U1648,18,salaried,65673,531,high,Hyderabad,2025-07-01 22:39:56.925798
U1649,38,student,8755,370,high,Mumbai,2022-05-22 22:39:56.925798
U1650,64,self-employed,147326,700,medium,Bangalore,2022-09-29 22:39:56.925798
U1651,57,salaried,62528,444,high,Delhi,2025-09-29 22:39:56.925798
U1652,44,student,10203,347,high,Pune,2024-06-17 22:39:56.925798
U1653,18,student,16703,344,high,Kanpur,2024-06-30 22:39:56.925798
U1654,38,salaried,34235,442,high,Pune,2024-02-24 22:39:56.925798
U1655,20,student,12961,310,high,Kanpur,2024-11-25 22:39:56.925798
U1656,58,salaried,88269,614,medium,Bangalore,2023-08-29 22:39:56.925798
U1657,42,self-employed,60052,522,high,Mumbai,2022-04-19 22:39:56.925798
U1658,43,student,14455,344,high,Pune,2021-04-24 22:39:56.926827
U1659,40,salaried,46464,477,high,Pune,2025-04-05 22:39:56.926827
U1660,61,salaried,29944,424,high,Mumbai,2024-07-17 22:39:56.926827
U1661,24,salaried,32438,418,high,Bangalore,2023-11-12 22:39:56.926827
U1662,30,self-employed,72345,519,high,Delhi,2020-09-09 22:39:56.926827
U1663,20,self-employed,65870,482,high,Bangalore,2024-04-17 22:39:56.926827
U1664,63,salaried,71441,473,high,Mumbai,2020-12-05 22:39:56.926827
U1665,32,salaried,95572,554,high,Mumbai,2025-11-16 22:39:56.926827
U1666,22,student,14579,338,high,Delhi,2025-02-11 22:39:56.926827
U1667,60,self-employed,51400,422,high,Hyderabad,2021-07-19 22:39:56.926827
U1668,39,salaried,71871,565,high,Hyderabad,2023-01-10 22:39:56.926827
U1669,32,student,14269,382,high,Delhi,2022-09-12 22:39:56.926827
U1670,51,salaried,64133,502,high,Mumbai,2024-05-20 22:39:56.926827
U1671,28,salaried,40372,404,high,Delhi,2022-10-04 22:39:56.926827
U1672,50,self-employed,58092,511,high,Hyderabad,2022-08-16 22:39:56.926827
U1673,48,salaried,36676,413,high,Bangalore,2023-07-03 22:39:56.926827
U1674,43,self-employed,110098,595,high,Bangalore,2022-07-14 22:39:56.926827
U1675,23,salaried,115743,669,medium,Delhi,2025-09-20 22:39:56.926827
U1676,37,salaried,89044,544,high,Hyderabad,2023-03-17 22:39:56.926827
U1677,55,student,10847,300,high,Hyderabad,2022-10-21 22:39:56.926827
U1678,21,self-employed,152988,709,medium,Kanpur,2025-05-05 22:39:56.926827
U1679,52,self-employed,48431,426,high,Hyderabad,2025-02-08 22:39:56.926827
U1680,50,student,17099,334,high,Delhi,2024-06-11 22:39:56.926827
U1681,25,salaried,46988,480,high,Bangalore,2021-10-03 22:39:56.926827
U1682,54,student,12296,306,high,Mumbai,2021-10-20 22:39:56.926827
U1683,61,student,10137,332,high,Hyderabad,2021-07-17 22:39:56.926827
U1684,37,self-employed,68421,521,high,Mumbai,2023-12-14 22:39:56.926827
U1685,22,student,9534,364,high,Delhi,2020-10-02 22:39:56.926827
U1686,40,self-employed,164827,753,low,Delhi,2023-05-17 22:39:56.926827
U1687,60,salaried,83664,538,high,Hyderabad,2023-04-30 22:39:56.926827
U1688,62,self-employed,183711,843,low,Pune,2025-07-01 22:39:56.926827
U1689,38,student,14121,351,high,Mumbai,2023-02-11 22:39:56.926827
U1690,33,student,19164,346,high,Mumbai,2021-09-03 22:39:56.926827
U1691,55,salaried,86939,546,high,Pune,2023-12-14 22:39:56.926827
U1692,22,student,13267,300,high,Kanpur,2024-12-30 22:39:56.926827
U1693,61,self-employed,133762,652,medium,Pune,2022-10-26 22:39:56.926827
U1694,57,salaried,93872,549,high,Pune,2023-12-06 22:39:56.926827
U1695,30,self-employed,140255,694,medium,Mumbai,2023-08-23 22:39:56.926827
U1696,18,student,11947,338,high,Kanpur,2021-04-12 22:39:56.926827
U1697,35,self-employed,79806,572,high,Kanpur,2025-06-20 22:39:56.926827
U1698,32,self-employed,178250,871,low,Bangalore,2025-07-27 22:39:56.926827
U1699,37,salaried,88656,559,high,Pune,2023-08-22 22:39:56.926827
U1700,47,self-employed,162270,833,low,Hyderabad,2023-05-02 22:39:56.926827
U1701,53,self-employed,143047,751,low,Kanpur,2023-08-29 22:39:56.926827
U1702,60,salaried,108263,637,medium,Mumbai,2025-08-31 22:39:56.926827
U1703,23,salaried,105848,638,medium,Bangalore,2025-11-24 22:39:56.926827
U1704,59,self-employed,172863,858,low,Pune,2024-11-29 22:39:56.926827
U1705,33,student,7532,344,high,Delhi,2021-04-24 22:39:56.926827
U1706,40,salaried,64919,540,high,Kanpur,2023-06-25 22:39:56.926827
U1707,35,student,11181,323,high,Mumbai,2023-07-18 22:39:56.926827
U1708,45,student,11599,379,high,Bangalore,2023-05-06 22:39:56.926827
U1709,47,student,17020,326,high,Pune,2022-08-18 22:39:56.926827
U1710,60,student,9806,300,high,Bangalore,2023-10-09 22:39:56.926827
U1711,39,student,16827,328,high,Mumbai,2021-10-30 22:39:56.926827
U1712,25,self-employed,67974,537,high,Bangalore,2025-01-02 22:39:56.927826
U1713,32,student,6603,348,high,Kanpur,2024-05-14 22:39:56.927826
U1714,58,salaried,64318,497,high,Kanpur,2023-01-21 22:39:56.927826
U1715,37,student,16104,312,high,Pune,2025-03-14 22:39:56.927826
U1716,60,student,14962,334,high,Kanpur,2021-04-03 22:39:56.927826
U1717,33,salaried,109345,656,medium,Mumbai,2025-11-27 22:39:56.927826
U1718,47,salaried,57489,444,high,Kanpur,2025-05-05 22:39:56.927826
U1719,22,self-employed,178443,805,low,Hyderabad,2025-07-24 22:39:56.927826
U1720,56,student,18415,398,high,Bangalore,2025-02-05 22:39:56.927826
U1721,51,salaried,58287,448,high,Kanpur,2022-10-09 22:39:56.927826
U1722,39,salaried,73244,532,high,Delhi,2023-02-06 22:39:56.927826
U1723,32,salaried,80740,510,high,Kanpur,2020-10-02 22:39:56.927826
U1724,48,salaried,110990,592,high,Delhi,2023-05-27 22:39:56.927826
U1725,40,student,16433,382,high,Delhi,2022-09-10 22:39:56.927826
U1726,60,student,10644,363,high,Hyderabad,2024-07-21 22:39:56.927826
U1727,56,salaried,71401,495,high,Delhi,2022-06-16 22:39:56.927826
U1728,56,student,10423,356,high,Delhi,2021-09-10 22:39:56.927826
U1729,22,student,12944,306,high,Hyderabad,2023-12-04 22:39:56.927826
U1730,52,student,5708,319,high,Kanpur,2022-10-01 22:39:56.927826
U1731,18,self-employed,90753,535,high,Pune,2022-06-20 22:39:56.927826
U1732,22,self-employed,37487,454,high,Hyderabad,2021-09-04 22:39:56.927826
U1733,58,student,18063,368,high,Kanpur,2023-03-05 22:39:56.927826
U1734,22,self-employed,118323,629,medium,Mumbai,2024-11-27 22:39:56.927826
U1735,21,student,13957,383,high,Hyderabad,2021-10-08 22:39:56.927826
U1736,57,self-employed,105724,620,medium,Hyderabad,2022-12-19 22:39:56.927826
U1737,43,self-employed,128222,710,medium,Pune,2023-11-23 22:39:56.927826
U1738,33,self-employed,145183,697,medium,Pune,2022-02-14 22:39:56.927826
U1739,24,salaried,69417,558,high,Bangalore,2025-12-23 22:39:56.927826
U1740,62,salaried,117223,663,medium,Hyderabad,2021-01-24 22:39:56.927826
U1741,20,student,8109,374,high,Kanpur,2025-11-02 22:39:56.927826
U1742,29,self-employed,57294,493,high,Kanpur,2025-12-21 22:39:56.927826
U1743,47,student,9527,370,high,Hyderabad,2023-06-17 22:39:56.927826
U1744,26,salaried,91028,540,high,Pune,2021-08-28 22:39:56.927826
U1745,36,student,6511,348,high,Pune,2025-02-25 22:39:56.927826
U1746,57,salaried,72361,539,high,Bangalore,2021-11-15 22:39:56.927826
U1747,37,student,15643,356,high,Kanpur,2023-03-21 22:39:56.927826
U1748,20,self-employed,24469,411,high,Delhi,2024-07-26 22:39:56.927826
U1749,40,self-employed,64603,469,high,Mumbai,2023-04-25 22:39:56.927826
U1750,59,self-employed,132574,715,medium,Pune,2023-01-21 22:39:56.927826
U1751,61,student,16225,307,high,Kanpur,2024-02-04 22:39:56.927826
U1752,23,self-employed,104886,629,medium,Delhi,2020-10-16 22:39:56.927826
U1753,31,salaried,106691,574,high,Bangalore,2025-04-29 22:39:56.927826
U1754,45,self-employed,26286,406,high,Kanpur,2024-07-24 22:39:56.927826
U1755,51,salaried,80336,499,high,Bangalore,2021-06-03 22:39:56.927826
U1756,64,salaried,76701,574,high,Bangalore,2020-12-08 22:39:56.927826
U1757,39,student,11405,337,high,Hyderabad,2024-10-01 22:39:56.927826
U1758,47,salaried,117004,635,medium,Kanpur,2021-02-09 22:39:56.927826
U1759,29,student,13345,368,high,Bangalore,2021-07-22 22:39:56.927826
U1760,57,salaried,118873,666,medium,Pune,2022-11-23 22:39:56.927826
U1761,56,student,16075,398,high,Delhi,2025-04-11 22:39:56.927826
U1762,47,self-employed,95232,546,high,Kanpur,2025-12-12 22:39:56.927826
U1763,21,self-employed,62599,472,high,Delhi,2022-04-26 22:39:56.927826
U1764,28,student,15062,312,high,Kanpur,2020-10-25 22:39:56.927826
U1765,37,salaried,61600,529,high,Kanpur,2021-04-29 22:39:56.927826
U1766,61,salaried,101444,560,high,Delhi,2024-12-27 22:39:56.927826
U1767,22,salaried,67341,484,high,Bangalore,2022-04-01 22:39:56.927826
U1768,19,student,19423,322,high,Hyderabad,2025-08-26 22:39:56.927826
U1769,44,student,15881,384,high,Kanpur,2025-01-25 22:39:56.927826
U1770,53,self-employed,150246,715,medium,Pune,2025-01-25 22:39:56.927826
U1771,36,self-employed,152533,804,low,Kanpur,2020-10-08 22:39:56.927826
U1772,20,salaried,74570,511,high,Hyderabad,2023-03-27 22:39:56.927826
U1773,60,salaried,98897,609,medium,Delhi,2025-03-30 22:39:56.927826
U1774,28,salaried,51992,446,high,Hyderabad,2021-06-09 22:39:56.927826
U1775,21,student,8499,313,high,Hyderabad,2025-11-06 22:39:56.927826
U1776,53,self-employed,138975,698,medium,Hyderabad,2024-10-05 22:39:56.927826
U1777,51,self-employed,34241,431,high,Mumbai,2021-10-04 22:39:56.927826
U1778,38,salaried,99221,604,medium,Pune,2025-09-08 22:39:56.927826
U1779,52,student,7443,357,high,Mumbai,2021-02-04 22:39:56.927826
U1780,33,student,17626,358,high,Pune,2020-09-01 22:39:56.927826
U1781,23,self-employed,180741,851,low,Delhi,2023-03-03 22:39:56.927826
U1782,38,salaried,28101,382,high,Hyderabad,2022-10-14 22:39:56.928827
U1783,23,self-employed,125365,659,medium,Delhi,2023-11-24 22:39:56.928827
U1784,50,self-employed,187595,846,low,Bangalore,2025-02-21 22:39:56.928827
U1785,50,salaried,62890,482,high,Delhi,2022-11-29 22:39:56.928827
U1786,36,self-employed,85388,574,high,Hyderabad,2020-11-29 22:39:56.928827
U1787,22,student,12984,311,high,Hyderabad,2020-11-04 22:39:56.928827
U1788,36,salaried,94800,556,high,Kanpur,2021-08-30 22:39:56.928827
U1789,58,student,12384,377,high,Delhi,2021-02-01 22:39:56.928827
U1790,35,student,9117,364,high,Hyderabad,2024-01-25 22:39:56.928827
U1791,57,student,17267,356,high,Pune,2024-02-10 22:39:56.928827
U1792,36,student,10666,310,high,Hyderabad,2025-11-28 22:39:56.928827
U1793,30,self-employed,141386,752,low,Mumbai,2021-10-02 22:39:56.928827
U1794,64,student,10261,376,high,Pune,2022-11-16 22:39:56.928827
U1795,45,salaried,103749,601,medium,Pune,2020-12-16 22:39:56.928827
U1796,55,self-employed,91683,541,high,Kanpur,2023-06-04 22:39:56.928827
U1797,26,salaried,107904,673,medium,Mumbai,2025-07-16 22:39:56.928827
U1798,64,student,9576,300,high,Mumbai,2022-07-10 22:39:56.928827
U1799,44,self-employed,89771,587,high,Hyderabad,2024-06-12 22:39:56.928827
U1800,34,student,18337,386,high,Hyderabad,2021-08-24 22:39:56.928827
U1801,34,student,15640,335,high,Hyderabad,2025-05-07 22:39:56.928827
U1802,55,salaried,77669,494,high,Mumbai,2024-07-11 22:39:56.928827
U1803,21,student,7071,356,high,Pune,2025-12-21 22:39:56.928827
U1804,57,student,14858,322,high,Delhi,2025-09-19 22:39:56.928827
U1805,18,salaried,47350,398,high,Bangalore,2024-03-27 22:39:56.928827
U1806,34,self-employed,130094,734,medium,Hyderabad,2025-10-21 22:39:56.928827
U1807,33,salaried,33883,407,high,Pune,2025-09-04 22:39:56.928827
U1808,54,self-employed,104613,649,medium,Kanpur,2022-11-14 22:39:56.928827
U1809,18,self-employed,99504,553,high,Kanpur,2024-12-22 22:39:56.928827
U1810,24,student,17263,360,high,Pune,2022-09-05 22:39:56.928827
U1811,57,self-employed,45824,446,high,Pune,2022-09-18 22:39:56.928827
U1812,49,student,17648,317,high,Hyderabad,2024-03-19 22:39:56.928827
U1813,45,student,9584,377,high,Hyderabad,2023-09-14 22:39:56.928827
U1814,39,self-employed,182254,846,low,Hyderabad,2022-08-25 22:39:56.928827
U1815,63,student,5466,300,high,Bangalore,2023-03-08 22:39:56.928827
U1816,36,self-employed,170278,815,low,Kanpur,2023-06-28 22:39:56.928827
U1817,32,student,14142,374,high,Bangalore,2021-05-22 22:39:56.928827
U1818,25,student,6491,300,high,Hyderabad,2023-09-23 22:39:56.928827
U1819,52,student,16918,346,high,Bangalore,2022-12-06 22:39:56.928827
U1820,54,salaried,110015,600,medium,Kanpur,2021-06-27 22:39:56.928827
U1821,44,salaried,42139,428,high,Hyderabad,2023-06-17 22:39:56.928827
U1822,26,student,19506,335,high,Hyderabad,2024-10-29 22:39:56.928827
U1823,57,salaried,36956,385,high,Hyderabad,2020-12-07 22:39:56.928827
U1824,43,student,9635,300,high,Hyderabad,2022-05-04 22:39:56.928827
U1825,37,student,5202,323,high,Mumbai,2024-06-26 22:39:56.928827
U1826,62,salaried,110758,656,medium,Mumbai,2024-08-01 22:39:56.928827
U1827,38,student,8492,300,high,Bangalore,2021-08-11 22:39:56.928827
U1828,47,student,16086,356,high,Delhi,2025-07-17 22:39:56.928827
U1829,21,salaried,62374,450,high,Pune,2025-04-25 22:39:56.928827
U1830,21,salaried,52060,447,high,Kanpur,2023-08-09 22:39:56.928827
U1831,18,salaried,94960,612,medium,Pune,2023-04-28 22:39:56.928827
U1832,54,self-employed,36677,389,high,Pune,2024-03-23 22:39:56.928827
U1833,38,student,6431,316,high,Pune,2022-11-15 22:39:56.928827
U1834,53,self-employed,121681,646,medium,Hyderabad,2025-08-09 22:39:56.928827
U1835,33,self-employed,84048,522,high,Delhi,2022-05-28 22:39:56.928827
U1836,56,salaried,54658,496,high,Delhi,2024-02-11 22:39:56.928827
U1837,35,salaried,40512,428,high,Delhi,2022-11-10 22:39:56.928827
U1838,44,student,11373,379,high,Hyderabad,2025-12-23 22:39:56.928827
U1839,19,student,13588,353,high,Hyderabad,2022-02-13 22:39:56.928827
U1840,31,salaried,114736,684,medium,Delhi,2023-02-18 22:39:56.928827
U1841,55,salaried,48517,437,high,Bangalore,2023-11-16 22:39:56.928827
U1842,34,self-employed,92781,565,high,Hyderabad,2024-02-04 22:39:56.929829
U1843,51,student,15210,331,high,Delhi,2024-12-30 22:39:56.929829
U1844,61,self-employed,113369,640,medium,Bangalore,2024-02-14 22:39:56.929829
U1845,22,self-employed,171892,831,low,Delhi,2023-12-16 22:39:56.929829
U1846,48,student,12052,303,high,Delhi,2025-01-11 22:39:56.929829
U1847,29,self-employed,91357,602,medium,Bangalore,2022-03-20 22:39:56.929829
U1848,64,salaried,63195,481,high,Kanpur,2023-02-14 22:39:56.929829
U1849,32,salaried,34224,391,high,Bangalore,2024-04-26 22:39:56.929829
U1850,30,student,10710,333,high,Mumbai,2024-12-15 22:39:56.929829
U1851,26,salaried,63476,480,high,Pune,2025-03-13 22:39:56.929829
U1852,59,salaried,100307,560,high,Bangalore,2025-04-15 22:39:56.929829
U1853,55,self-employed,37824,393,high,Bangalore,2020-11-27 22:39:56.929829
U1854,41,student,16248,325,high,Delhi,2020-11-23 22:39:56.929829
U1855,39,salaried,111355,600,medium,Bangalore,2022-10-22 22:39:56.929829
U1856,45,student,18425,329,high,Delhi,2024-05-14 22:39:56.929829
U1857,42,student,18079,312,high,Mumbai,2023-10-05 22:39:56.929829
U1858,32,student,11436,307,high,Mumbai,2023-01-22 22:39:56.929829
U1859,57,student,16856,383,high,Mumbai,2026-01-21 22:39:56.929829
U1860,60,student,8962,324,high,Bangalore,2024-03-31 22:39:56.929829
U1861,50,self-employed,39418,423,high,Pune,2021-09-05 22:39:56.929829
U1862,59,self-employed,164805,807,low,Kanpur,2024-09-04 22:39:56.929829
U1863,44,salaried,27244,362,high,Delhi,2024-01-11 22:39:56.929829
U1864,48,self-employed,96556,593,high,Bangalore,2024-02-24 22:39:56.929829
U1865,53,student,5599,300,high,Pune,2023-05-26 22:39:56.929829
U1866,65,self-employed,127449,637,medium,Bangalore,2026-01-11 22:39:56.929829
U1867,60,self-employed,194518,856,low,Delhi,2022-07-01 22:39:56.929829
U1868,54,self-employed,188781,833,low,Kanpur,2021-10-25 22:39:56.929829
U1869,20,salaried,40700,472,high,Pune,2020-10-23 22:39:56.929829
U1870,42,salaried,96384,560,high,Delhi,2024-09-27 22:39:56.929829
U1871,18,self-employed,152406,734,medium,Hyderabad,2024-03-26 22:39:56.929829
U1872,46,student,16394,347,high,Bangalore,2022-02-12 22:39:56.929829
U1873,46,student,16632,345,high,Hyderabad,2025-10-06 22:39:56.929829
U1874,30,salaried,46111,457,high,Delhi,2025-06-02 22:39:56.929829
U1875,34,salaried,106204,595,high,Bangalore,2025-04-14 22:39:56.929829
U1876,39,self-employed,57957,452,high,Delhi,2024-09-29 22:39:56.929829
U1877,26,salaried,29926,386,high,Mumbai,2024-03-16 22:39:56.929829
U1878,49,salaried,54981,494,high,Bangalore,2025-08-22 22:39:56.929829
U1879,30,student,19705,319,high,Pune,2020-11-22 22:39:56.929829
U1880,38,student,19152,345,high,Pune,2023-03-31 22:39:56.929829
U1881,64,self-employed,119037,629,medium,Bangalore,2021-06-03 22:39:56.929829
U1882,45,student,14429,360,high,Hyderabad,2021-10-10 22:39:56.929829
U1883,31,salaried,43910,472,high,Delhi,2022-12-04 22:39:56.929829
U1884,22,salaried,37633,432,high,Bangalore,2022-02-12 22:39:56.929829
U1885,57,self-employed,135500,668,medium,Mumbai,2026-01-03 22:39:56.929829
U1886,34,student,10570,300,high,Hyderabad,2024-08-24 22:39:56.929829
U1887,58,self-employed,69878,501,high,Kanpur,2025-12-18 22:39:56.929829
U1888,65,self-employed,174510,835,low,Delhi,2023-01-02 22:39:56.929829
U1889,40,salaried,82034,549,high,Hyderabad,2025-11-06 22:39:56.929829
U1890,27,student,8466,346,high,Kanpur,2023-07-13 22:39:56.929829
U1891,46,self-employed,73974,552,high,Delhi,2021-09-04 22:39:56.929829
U1892,33,self-employed,135293,729,medium,Bangalore,2023-06-14 22:39:56.930863
U1893,64,student,16956,356,high,Kanpur,2023-06-21 22:39:56.930863
U1894,28,salaried,54134,464,high,Pune,2023-02-22 22:39:56.930863
U1895,57,salaried,81514,576,high,Bangalore,2021-01-05 22:39:56.930863
U1896,65,student,11225,300,high,Bangalore,2021-05-08 22:39:56.930863
U1897,49,student,14432,369,high,Mumbai,2025-03-09 22:39:56.930863
U1898,29,salaried,105336,642,medium,Kanpur,2024-12-10 22:39:56.930863
U1899,47,salaried,83982,520,high,Delhi,2022-12-30 22:39:56.930863
U1900,63,salaried,88806,550,high,Kanpur,2023-02-27 22:39:56.930863
U1901,24,self-employed,105651,624,medium,Kanpur,2025-08-24 22:39:56.930863
U1902,18,student,17563,400,high,Kanpur,2026-01-11 22:39:56.930863
U1903,28,salaried,106112,639,medium,Delhi,2020-11-23 22:39:56.930863
U1904,36,self-employed,51649,418,high,Hyderabad,2023-02-21 22:39:56.930863
U1905,28,salaried,112796,645,medium,Mumbai,2024-07-26 22:39:56.930863
U1906,35,salaried,79152,489,high,Pune,2022-01-04 22:39:56.930863
U1907,21,self-employed,50504,432,high,Mumbai,2025-10-01 22:39:56.930863
U1908,38,self-employed,174217,818,low,Mumbai,2023-07-10 22:39:56.930863
U1909,47,student,7899,341,high,Mumbai,2021-06-15 22:39:56.930863
U1910,39,self-employed,49361,427,high,Pune,2024-08-04 22:39:56.930863
U1911,64,student,8370,332,high,Pune,2023-04-04 22:39:56.930863
U1912,47,student,7197,343,high,Kanpur,2022-11-28 22:39:56.930863
U1913,62,student,12318,359,high,Bangalore,2023-07-06 22:39:56.930863
U1914,26,student,15532,328,high,Hyderabad,2020-12-28 22:39:56.930863
U1915,43,self-employed,182470,798,low,Kanpur,2021-05-10 22:39:56.930863
U1916,49,self-employed,164718,753,low,Delhi,2022-07-26 22:39:56.930863
U1917,30,student,7958,300,high,Bangalore,2024-04-25 22:39:56.930863
U1918,52,student,8076,353,high,Hyderabad,2022-05-21 22:39:56.930863
U1919,36,self-employed,145318,732,medium,Delhi,2021-11-28 22:39:56.930863
U1920,62,student,10654,331,high,Kanpur,2022-10-20 22:39:56.930863
U1921,40,self-employed,128545,704,medium,Delhi,2024-06-05 22:39:56.930863
U1922,26,student,5473,357,high,Mumbai,2022-05-30 22:39:56.930863
U1923,45,salaried,81301,566,high,Mumbai,2021-11-20 22:39:56.930863
U1924,23,salaried,77098,507,high,Hyderabad,2022-02-01 22:39:56.930863
U1925,62,salaried,85558,522,high,Bangalore,2024-10-22 22:39:56.930863
U1926,59,self-employed,131043,650,medium,Delhi,2022-08-08 22:39:56.930863
U1927,35,self-employed,157971,763,low,Hyderabad,2023-10-17 22:39:56.930863
U1928,65,student,11574,343,high,Hyderabad,2023-02-02 22:39:56.930863
U1929,49,salaried,87747,542,high,Hyderabad,2025-03-03 22:39:56.930863
U1930,18,self-employed,107493,652,medium,Kanpur,2024-07-17 22:39:56.930863
U1931,50,self-employed,60796,515,high,Delhi,2023-01-15 22:39:56.930863
U1932,23,self-employed,76459,535,high,Bangalore,2022-02-09 22:39:56.930863
U1933,33,self-employed,159134,782,low,Pune,2023-04-29 22:39:56.930863
U1934,46,student,16821,379,high,Mumbai,2024-02-13 22:39:56.930863
U1935,64,salaried,118390,694,medium,Mumbai,2020-09-11 22:39:56.930863
U1936,56,salaried,105097,603,medium,Mumbai,2025-06-29 22:39:56.930863
U1937,46,self-employed,90249,531,high,Kanpur,2023-12-11 22:39:56.930863
U1938,57,student,5200,300,high,Delhi,2024-08-19 22:39:56.930863
U1939,19,self-employed,153826,720,medium,Pune,2024-08-17 22:39:56.930863
U1940,50,student,5039,300,high,Delhi,2021-04-25 22:39:56.930863
U1941,27,student,7325,306,high,Mumbai,2022-02-18 22:39:56.930863
U1942,48,salaried,103796,648,medium,Hyderabad,2025-05-01 22:39:56.930863
U1943,18,self-employed,122328,694,medium,Kanpur,2020-10-08 22:39:56.930863
U1944,45,salaried,104900,659,medium,Bangalore,2025-01-06 22:39:56.930863
U1945,49,salaried,113135,610,medium,Delhi,2023-07-27 22:39:56.930863
U1946,55,salaried,57177,502,high,Kanpur,2023-11-26 22:39:56.930863
U1947,41,student,9940,365,high,Pune,2021-11-20 22:39:56.930863
U1948,52,student,11232,327,high,Kanpur,2022-07-02 22:39:56.930863
U1949,43,salaried,59172,506,high,Delhi,2021-02-20 22:39:56.930863
U1950,50,salaried,83282,571,high,Delhi,2026-01-13 22:39:56.930863
U1951,31,self-employed,136455,685,medium,Pune,2025-12-05 22:39:56.931954
U1952,20,student,5878,321,high,Pune,2023-06-16 22:39:56.931954
U1953,21,self-employed,77147,502,high,Kanpur,2025-03-29 22:39:56.931954
U1954,50,self-employed,89493,611,medium,Pune,2020-09-28 22:39:56.931954
U1955,64,self-employed,110201,627,medium,Delhi,2023-12-26 22:39:56.931954
U1956,26,student,18407,316,high,Hyderabad,2024-03-19 22:39:56.931954
U1957,47,student,11192,372,high,Mumbai,2024-10-01 22:39:56.931954
U1958,25,student,13050,325,high,Bangalore,2023-12-07 22:39:56.931954
U1959,60,student,8619,300,high,Pune,2025-01-02 22:39:56.931954
U1960,60,student,16199,326,high,Bangalore,2020-09-19 22:39:56.931954
U1961,65,student,12168,319,high,Pune,2025-07-11 22:39:56.931954
U1962,35,salaried,102848,623,medium,Pune,2022-12-11 22:39:56.931954
U1963,19,self-employed,184003,889,low,Pune,2021-02-11 22:39:56.931954
U1964,59,self-employed,126416,673,medium,Kanpur,2020-10-01 22:39:56.931954
U1965,65,salaried,61922,488,high,Hyderabad,2020-12-17 22:39:56.931954
U1966,46,student,10936,300,high,Hyderabad,2023-04-12 22:39:56.931954
U1967,44,salaried,40541,466,high,Delhi,2025-12-24 22:39:56.931954
U1968,63,salaried,27598,421,high,Hyderabad,2025-10-15 22:39:56.931954
U1969,65,salaried,31249,430,high,Pune,2021-05-03 22:39:56.931954
U1970,31,salaried,46049,452,high,Bangalore,2025-11-11 22:39:56.931954
U1971,59,self-employed,192509,886,low,Mumbai,2023-02-26 22:39:56.931954
U1972,32,student,15502,396,high,Hyderabad,2022-09-26 22:39:56.931954
U1973,36,self-employed,79634,504,high,Bangalore,2022-03-10 22:39:56.931954
U1974,21,salaried,49901,410,high,Delhi,2021-06-30 22:39:56.931954
U1975,39,self-employed,140928,729,medium,Mumbai,2024-11-28 22:39:56.931954
U1976,27,salaried,75191,552,high,Kanpur,2024-06-13 22:39:56.931954
U1977,33,self-employed,57778,455,high,Kanpur,2023-08-26 22:39:56.931954
U1978,54,salaried,57358,425,high,Kanpur,2022-07-15 22:39:56.931954
U1979,51,salaried,75041,493,high,Mumbai,2025-06-18 22:39:56.931954
U1980,51,self-employed,184102,895,low,Kanpur,2025-01-24 22:39:56.931954
U1981,18,self-employed,61870,442,high,Pune,2022-03-12 22:39:56.931954
U1982,64,student,6203,367,high,Delhi,2024-04-14 22:39:56.931954
U1983,51,self-employed,160138,782,low,Bangalore,2022-01-17 22:39:56.931954
U1984,64,self-employed,151477,707,medium,Bangalore,2023-10-28 22:39:56.931954
U1985,50,salaried,119604,686,medium,Hyderabad,2024-08-24 22:39:56.931954
U1986,32,salaried,111432,629,medium,Mumbai,2024-05-23 22:39:56.931954
U1987,52,salaried,86812,540,high,Bangalore,2024-06-08 22:39:56.931954
U1988,46,student,18710,349,high,Hyderabad,2023-11-29 22:39:56.931954
U1989,28,self-employed,39259,461,high,Kanpur,2022-09-09 22:39:56.931954
U1990,49,self-employed,190475,900,low,Pune,2025-08-18 22:39:56.931954
U1991,58,self-employed,52154,436,high,Kanpur,2020-10-28 22:39:56.931954
U1992,33,self-employed,120711,681,medium,Mumbai,2025-06-11 22:39:56.931954
U1993,56,salaried,75432,569,high,Bangalore,2021-12-17 22:39:56.931954
U1994,58,student,8616,369,high,Delhi,2021-02-18 22:39:56.931954
U1995,55,salaried,88782,616,medium,Mumbai,2024-10-02 22:39:56.931954
U1996,57,salaried,85003,520,high,Pune,2023-03-05 22:39:56.931954
U1997,43,self-employed,107013,665,medium,Bangalore,2025-06-21 22:39:56.931954
U1998,28,salaried,63122,467,high,Pune,2024-10-17 22:39:56.931954
U1999,61,salaried,96442,548,high,Hyderabad,2022-01-03 22:39:56.931954
U2000,58,salaried,111402,680,medium,Mumbai,2023-01-23 22:39:56.931954
U2001,52,salaried,111193,603,medium,Pune,2022-05-30 22:39:56.931954
U2002,50,self-employed,108058,640,medium,Pune,2025-05-26 22:39:56.931954
U2003,62,student,6199,307,high,Pune,2020-12-07 22:39:56.931954
U2004,44,student,16334,364,high,Hyderabad,2023-12-11 22:39:56.931954
U2005,64,student,14589,362,high,Mumbai,2022-12-07 22:39:56.931954
U2006,61,salaried,101602,573,high,Delhi,2022-06-05 22:39:56.931954
U2007,62,salaried,83846,504,high,Delhi,2020-10-23 22:39:56.933098
U2008,20,student,5761,300,high,Hyderabad,2022-09-20 22:39:56.933098
U2009,18,student,12481,312,high,Hyderabad,2021-07-03 22:39:56.933098
U2010,51,salaried,51925,505,high,Pune,2022-12-05 22:39:56.933098
U2011,42,self-employed,36057,381,high,Pune,2021-03-04 22:39:56.933098
U2012,27,student,5964,300,high,Bangalore,2020-12-26 22:39:56.933098
U2013,51,student,17596,362,high,Bangalore,2021-12-08 22:39:56.933098
U2014,18,self-employed,38112,400,high,Delhi,2021-09-18 22:39:56.933098
U2015,37,salaried,45238,459,high,Delhi,2025-01-13 22:39:56.933098
U2016,52,student,15216,368,high,Mumbai,2021-05-09 22:39:56.933098
U2017,51,salaried,57729,470,high,Pune,2022-10-17 22:39:56.933098
U2018,45,salaried,78671,572,high,Bangalore,2024-04-26 22:39:56.933098
U2019,56,salaried,36569,458,high,Bangalore,2024-03-20 22:39:56.933098
U2020,52,self-employed,65616,529,high,Mumbai,2021-01-13 22:39:56.933098
U2021,54,student,5830,332,high,Bangalore,2022-10-16 22:39:56.933098
U2022,61,student,17660,322,high,Mumbai,2022-01-06 22:39:56.933098
U2023,26,salaried,69838,557,high,Kanpur,2023-12-04 22:39:56.933098
U2024,62,student,14730,318,high,Hyderabad,2022-01-16 22:39:56.933098
U2025,27,student,17202,329,high,Bangalore,2024-07-15 22:39:56.933098
U2026,30,student,9466,310,high,Hyderabad,2021-11-06 22:39:56.933098
U2027,28,salaried,43581,462,high,Kanpur,2023-10-11 22:39:56.933098
U2028,22,self-employed,109034,625,medium,Delhi,2021-10-06 22:39:56.933098
U2029,21,student,19913,407,high,Delhi,2021-01-21 22:39:56.933098
U2030,24,salaried,36365,419,high,Bangalore,2025-09-18 22:39:56.933098
U2031,39,self-employed,72567,560,high,Pune,2022-12-07 22:39:56.933098
U2032,44,salaried,60828,478,high,Kanpur,2022-10-09 22:39:56.933098
U2033,46,salaried,117696,693,medium,Hyderabad,2024-10-24 22:39:56.933098
U2034,43,salaried,61526,503,high,Hyderabad,2022-06-07 22:39:56.933098
U2035,55,salaried,80049,514,high,Delhi,2022-05-30 22:39:56.933098
U2036,50,self-employed,191190,861,low,Pune,2023-05-28 22:39:56.933098
U2037,63,salaried,56413,445,high,Mumbai,2023-05-15 22:39:56.933098
U2038,46,student,16310,326,high,Delhi,2024-01-18 22:39:56.933098
U2039,51,self-employed,161662,753,low,Bangalore,2023-01-08 22:39:56.933098
U2040,37,self-employed,165434,814,low,Bangalore,2025-01-14 22:39:56.933098
U2041,18,self-employed,133961,744,medium,Hyderabad,2023-05-29 22:39:56.933098
U2042,24,student,11384,313,high,Kanpur,2025-04-16 22:39:56.933098
U2043,26,student,10088,339,high,Mumbai,2024-04-02 22:39:56.933098
U2044,59,student,16522,325,high,Hyderabad,2024-03-08 22:39:56.933098
U2045,39,salaried,106555,643,medium,Bangalore,2025-03-28 22:39:56.933098
U2046,30,self-employed,147685,751,low,Hyderabad,2021-01-20 22:39:56.933098
U2047,24,student,14264,311,high,Bangalore,2020-09-23 22:39:56.933098
U2048,20,self-employed,152016,708,medium,Pune,2023-12-22 22:39:56.933098
U2049,43,self-employed,131764,718,medium,Hyderabad,2021-06-09 22:39:56.933098
U2050,59,salaried,58258,510,high,Hyderabad,2024-07-28 22:39:56.933098
U2051,57,student,18101,367,high,Kanpur,2022-07-13 22:39:56.933098
U2052,51,student,7712,346,high,Hyderabad,2021-04-27 22:39:56.933098
U2053,39,self-employed,119403,628,medium,Pune,2023-03-17 22:39:56.933098
U2054,63,self-employed,20826,399,high,Pune,2022-05-15 22:39:56.933098
U2055,64,salaried,38785,392,high,Mumbai,2025-08-12 22:39:56.933098
U2056,55,student,14539,319,high,Mumbai,2024-12-15 22:39:56.933098
U2057,62,self-employed,46337,393,high,Mumbai,2021-07-04 22:39:56.933098
U2058,41,student,10662,377,high,Delhi,2024-11-23 22:39:56.933098
U2059,53,student,16180,389,high,Hyderabad,2022-09-23 22:39:56.933098
U2060,24,student,8844,374,high,Hyderabad,2022-01-28 22:39:56.933098
U2061,33,student,13036,306,high,Bangalore,2025-02-25 22:39:56.933098
U2062,20,salaried,84156,569,high,Delhi,2023-08-20 22:39:56.933098
U2063,21,student,9560,372,high,Bangalore,2023-01-13 22:39:56.933098
U2064,44,student,14678,366,high,Hyderabad,2022-10-07 22:39:56.933098
U2065,42,self-employed,92965,574,high,Kanpur,2021-10-17 22:39:56.933098
U2066,38,student,14998,369,high,Hyderabad,2025-06-14 22:39:56.933098
U2067,49,salaried,113715,595,high,Kanpur,2022-10-02 22:39:56.933098
U2068,50,self-employed,167695,841,low,Mumbai,2022-09-12 22:39:56.933098
U2069,64,self-employed,195356,869,low,Bangalore,2024-07-16 22:39:56.933098
U2070,44,salaried,77994,503,high,Delhi,2023-04-17 22:39:56.933098
U2071,57,student,9786,300,high,Bangalore,2025-05-15 22:39:56.934078
U2072,45,salaried,76005,486,high,Pune,2021-05-21 22:39:56.934078
U2073,50,salaried,65687,493,high,Delhi,2025-09-24 22:39:56.934078
U2074,32,self-employed,45076,445,high,Delhi,2024-01-30 22:39:56.934078
U2075,62,self-employed,152406,721,medium,Bangalore,2025-08-25 22:39:56.934078
U2076,44,student,11090,317,high,Hyderabad,2023-02-20 22:39:56.934078
U2077,29,student,12079,340,high,Hyderabad,2022-06-25 22:39:56.934078
U2078,32,student,18432,353,high,Delhi,2025-08-14 22:39:56.934078
U2079,47,student,10670,357,high,Delhi,2024-11-03 22:39:56.934078
U2080,21,self-employed,48046,452,high,Mumbai,2023-05-24 22:39:56.934078
U2081,22,student,10400,323,high,Hyderabad,2024-10-15 22:39:56.934078
U2082,61,student,13186,334,high,Hyderabad,2023-07-11 22:39:56.934078
U2083,37,student,18697,378,high,Mumbai,2021-12-06 22:39:56.934078
U2084,63,self-employed,170944,780,low,Delhi,2022-09-11 22:39:56.934078
U2085,62,self-employed,92360,624,medium,Pune,2024-04-24 22:39:56.934078
U2086,64,self-employed,177336,873,low,Bangalore,2024-04-06 22:39:56.934078
U2087,43,student,8237,323,high,Hyderabad,2023-05-12 22:39:56.934078
U2088,33,salaried,93152,623,medium,Mumbai,2022-11-20 22:39:56.934078
U2089,58,self-employed,51957,499,high,Kanpur,2024-03-17 22:39:56.934078
U2090,56,self-employed,119715,653,medium,Hyderabad,2023-06-24 22:39:56.934078
U2091,34,student,16112,356,high,Mumbai,2020-11-26 22:39:56.934078
U2092,22,self-employed,167617,752,low,Bangalore,2024-05-24 22:39:56.934078
U2093,34,student,10025,362,high,Kanpur,2023-11-26 22:39:56.934078
U2094,18,student,19397,376,high,Kanpur,2025-11-20 22:39:56.934078
U2095,20,student,10556,368,high,Delhi,2024-08-09 22:39:56.934078
U2096,33,self-employed,167291,829,low,Pune,2021-07-28 22:39:56.934078
U2097,57,student,7133,300,high,Hyderabad,2024-04-13 22:39:56.934078
U2098,61,self-employed,113404,643,medium,Bangalore,2020-12-20 22:39:56.934078
U2099,29,salaried,66647,455,high,Hyderabad,2022-05-11 22:39:56.934078
U2100,44,salaried,100004,583,high,Kanpur,2023-01-18 22:39:56.934078
U2101,41,self-employed,58773,491,high,Hyderabad,2023-11-06 22:39:56.934078
U2102,39,self-employed,193659,831,low,Delhi,2025-07-17 22:39:56.934078
U2103,21,student,11761,345,high,Kanpur,2025-08-26 22:39:56.934078
U2104,62,student,13071,388,high,Bangalore,2024-12-15 22:39:56.934078
U2105,35,student,10282,307,high,Kanpur,2023-01-16 22:39:56.934078
U2106,54,self-employed,190810,900,low,Bangalore,2022-02-25 22:39:56.934078
U2107,27,student,11801,300,high,Pune,2023-03-02 22:39:56.934078
U2108,41,salaried,44265,463,high,Pune,2023-06-04 22:39:56.934078
U2109,65,student,6200,300,high,Mumbai,2021-06-09 22:39:56.934078
U2110,44,salaried,99472,620,medium,Pune,2024-11-21 22:39:56.934078
U2111,46,salaried,105759,631,medium,Mumbai,2021-06-12 22:39:56.934078
U2112,35,student,15253,365,high,Delhi,2024-09-29 22:39:56.934078
U2113,42,self-employed,46864,415,high,Bangalore,2022-05-03 22:39:56.934078
U2114,21,self-employed,125419,650,medium,Hyderabad,2025-09-16 22:39:56.934078
U2115,46,student,7715,350,high,Hyderabad,2025-06-01 22:39:56.934078
U2116,22,salaried,80875,535,high,Bangalore,2023-05-21 22:39:56.934078
U2117,37,salaried,30381,411,high,Mumbai,2021-08-15 22:39:56.934078
U2118,52,self-employed,118228,612,medium,Hyderabad,2022-06-27 22:39:56.934078
U2119,37,self-employed,128915,667,medium,Pune,2024-11-10 22:39:56.934078
U2120,35,self-employed,128487,682,medium,Kanpur,2021-07-15 22:39:56.934078
U2121,48,salaried,95174,538,high,Mumbai,2025-10-09 22:39:56.934078
U2122,56,student,9768,329,high,Bangalore,2023-11-01 22:39:56.934078
U2123,19,student,7214,346,high,Mumbai,2025-06-12 22:39:56.934078
U2124,51,salaried,112725,669,medium,Pune,2023-03-16 22:39:56.934078
U2125,38,self-employed,147058,740,medium,Delhi,2023-04-26 22:39:56.934078
U2126,24,salaried,111193,660,medium,Pune,2024-12-03 22:39:56.934078
U2127,18,salaried,76523,567,high,Delhi,2024-11-28 22:39:56.934078
U2128,29,salaried,57665,463,high,Bangalore,2022-11-06 22:39:56.934078
U2129,63,self-employed,92259,568,high,Mumbai,2023-03-18 22:39:56.934078
U2130,31,self-employed,101193,561,high,Mumbai,2023-01-06 22:39:56.934078
U2131,45,student,11899,382,high,Mumbai,2022-06-02 22:39:56.934078
U2132,59,student,16218,321,high,Mumbai,2020-10-16 22:39:56.934078
U2133,32,self-employed,167095,851,low,Delhi,2025-12-31 22:39:56.934078
U2134,23,self-employed,141924,702,medium,Kanpur,2023-12-19 22:39:56.934078
U2135,31,self-employed,100884,643,medium,Hyderabad,2021-05-03 22:39:56.934078
U2136,28,salaried,79905,559,high,Mumbai,2024-02-11 22:39:56.934078
U2137,55,salaried,107013,585,high,Pune,2022-10-05 22:39:56.934078
U2138,27,self-employed,52096,465,high,Hyderabad,2025-04-04 22:39:56.934078
U2139,48,self-employed,180406,861,low,Hyderabad,2023-06-01 22:39:56.934078
U2140,26,self-employed,165415,805,low,Pune,2022-05-06 22:39:56.934078
U2141,18,self-employed,38695,400,high,Delhi,2024-06-17 22:39:56.935073
U2142,64,salaried,74054,523,high,Delhi,2022-11-27 22:39:56.935073
U2143,24,salaried,28745,375,high,Hyderabad,2022-03-18 22:39:56.935073
U2144,42,self-employed,166076,811,low,Bangalore,2023-02-26 22:39:56.935073
U2145,30,salaried,75342,505,high,Pune,2024-08-04 22:39:56.935073
U2146,26,self-employed,68038,501,high,Delhi,2022-04-11 22:39:56.935073
U2147,22,self-employed,175983,877,low,Bangalore,2022-07-22 22:39:56.935073
U2148,21,salaried,32898,390,high,Delhi,2021-12-12 22:39:56.935073
U2149,31,self-employed,181612,804,low,Mumbai,2024-04-12 22:39:56.935073
U2150,48,salaried,101294,563,high,Hyderabad,2025-10-19 22:39:56.935073
U2151,56,self-employed,58665,516,high,Kanpur,2021-12-09 22:39:56.935073
U2152,62,salaried,113705,610,medium,Hyderabad,2021-08-02 22:39:56.935073
U2153,26,salaried,46474,475,high,Delhi,2021-09-05 22:39:56.935073
U2154,24,salaried,47783,486,high,Mumbai,2021-03-28 22:39:56.935073
U2155,47,salaried,35994,369,high,Delhi,2022-04-04 22:39:56.935073
U2156,31,student,7562,351,high,Mumbai,2023-06-19 22:39:56.935073
U2157,40,salaried,51326,449,high,Pune,2025-09-22 22:39:56.935073
U2158,24,student,12271,341,high,Mumbai,2022-10-22 22:39:56.935073
U2159,18,salaried,42257,396,high,Bangalore,2021-07-12 22:39:56.935073
U2160,40,student,5318,326,high,Kanpur,2025-08-12 22:39:56.935073
U2161,46,self-employed,117582,627,medium,Hyderabad,2023-11-06 22:39:56.935073
U2162,36,self-employed,27297,411,high,Bangalore,2022-10-09 22:39:56.935073
U2163,28,self-employed,52208,470,high,Hyderabad,2021-11-04 22:39:56.935073
U2164,32,salaried,39412,457,high,Delhi,2025-06-30 22:39:56.935073
U2165,48,salaried,67908,500,high,Mumbai,2023-02-03 22:39:56.935073
U2166,33,student,7485,307,high,Bangalore,2024-02-23 22:39:56.935073
U2167,36,student,18577,321,high,Pune,2021-03-04 22:39:56.935073
U2168,45,student,19132,326,high,Delhi,2025-10-15 22:39:56.935073
U2169,36,salaried,36458,386,high,Bangalore,2022-07-12 22:39:56.935073
U2170,19,salaried,66963,544,high,Bangalore,2024-07-11 22:39:56.935073
U2171,54,student,6824,300,high,Bangalore,2023-03-27 22:39:56.935073
U2172,34,self-employed,103977,604,medium,Bangalore,2024-02-13 22:39:56.935073
U2173,46,self-employed,31876,444,high,Kanpur,2025-04-24 22:39:56.935073
U2174,47,student,14755,326,high,Kanpur,2022-01-18 22:39:56.935073
U2175,65,student,5138,300,high,Mumbai,2025-03-04 22:39:56.935073
U2176,51,student,6988,317,high,Pune,2022-06-03 22:39:56.935073
U2177,63,student,5300,333,high,Kanpur,2020-10-04 22:39:56.935073
U2178,18,salaried,102768,636,medium,Mumbai,2025-12-01 22:39:56.935073
U2179,43,student,7134,305,high,Hyderabad,2024-07-22 22:39:56.935073
U2180,64,student,18642,310,high,Delhi,2025-02-21 22:39:56.935073
U2181,21,salaried,105248,611,medium,Delhi,2022-10-30 22:39:56.935073
U2182,54,salaried,107841,602,medium,Kanpur,2021-12-11 22:39:56.935073
U2183,30,self-employed,166532,778,low,Bangalore,2024-08-20 22:39:56.935073
U2184,51,self-employed,105547,623,medium,Pune,2024-06-21 22:39:56.935073
U2185,36,salaried,117480,653,medium,Mumbai,2025-09-03 22:39:56.935073
U2186,28,self-employed,33710,390,high,Mumbai,2024-04-06 22:39:56.935073
U2187,34,self-employed,116512,616,medium,Mumbai,2026-01-20 22:39:56.935073
U2188,51,student,11853,310,high,Hyderabad,2021-06-16 22:39:56.935073
U2189,56,student,10519,300,high,Bangalore,2022-11-16 22:39:56.935073
U2190,42,salaried,99636,598,high,Bangalore,2021-12-12 22:39:56.935073
U2191,63,self-employed,139508,668,medium,Hyderabad,2021-12-15 22:39:56.935073
U2192,45,student,17131,327,high,Bangalore,2022-04-01 22:39:56.935073
U2193,59,student,6224,328,high,Hyderabad,2021-03-13 22:39:56.935073
U2194,20,salaried,92475,605,medium,Pune,2023-06-27 22:39:56.935073
U2195,39,student,6373,300,high,Mumbai,2026-01-21 22:39:56.935073
U2196,51,student,15668,360,high,Mumbai,2022-07-01 22:39:56.935073
U2197,62,student,19345,356,high,Pune,2025-02-09 22:39:56.935073
U2198,42,student,6300,340,high,Mumbai,2021-09-07 22:39:56.935073
U2199,35,salaried,74485,509,high,Kanpur,2024-03-06 22:39:56.935073
U2200,31,salaried,93243,573,high,Pune,2025-09-16 22:39:56.935073
U2201,46,self-employed,140402,734,medium,Pune,2021-09-21 22:39:56.935073
U2202,64,self-employed,72975,488,high,Delhi,2021-10-27 22:39:56.935073
U2203,35,salaried,37555,440,high,Mumbai,2025-08-16 22:39:56.935073
U2204,42,student,5432,300,high,Hyderabad,2023-02-13 22:39:56.935073
U2205,26,salaried,63912,483,high,Mumbai,2022-06-10 22:39:56.935073
U2206,51,self-employed,193276,886,low,Delhi,2024-12-03 22:39:56.935073
U2207,64,salaried,26151,355,high,Pune,2023-10-09 22:39:56.935073
U2208,32,student,13743,300,high,Bangalore,2021-11-24 22:39:56.935073
U2209,30,salaried,73430,512,high,Delhi,2025-01-12 22:39:56.935073
U2210,22,self-employed,39331,444,high,Bangalore,2025-06-28 22:39:56.935073
U2211,28,salaried,28234,424,high,Pune,2023-01-26 22:39:56.936075
U2212,34,salaried,57611,467,high,Mumbai,2021-08-05 22:39:56.936075
U2213,44,student,12214,371,high,Hyderabad,2025-10-05 22:39:56.936075
U2214,38,self-employed,172857,863,low,Bangalore,2024-11-28 22:39:56.936075
U2215,59,student,6220,300,high,Mumbai,2023-08-06 22:39:56.936075
U2216,18,self-employed,35004,368,high,Mumbai,2023-02-12 22:39:56.936075
U2217,35,self-employed,40585,383,high,Mumbai,2021-05-17 22:39:56.936075
U2218,61,self-employed,168517,769,low,Pune,2024-04-30 22:39:56.936075
U2219,60,salaried,67503,485,high,Hyderabad,2024-06-09 22:39:56.936075
U2220,31,self-employed,36472,406,high,Pune,2024-04-11 22:39:56.936075
U2221,18,self-employed,78320,516,high,Hyderabad,2024-12-03 22:39:56.936075
U2222,59,salaried,28941,343,high,Mumbai,2024-06-19 22:39:56.936075
U2223,39,salaried,53576,503,high,Kanpur,2025-01-21 22:39:56.936075
U2224,21,salaried,116205,680,medium,Hyderabad,2025-07-11 22:39:56.936075
U2225,37,student,11133,300,high,Delhi,2025-10-06 22:39:56.936075
U2226,30,self-employed,185463,873,low,Kanpur,2025-06-09 22:39:56.936075
U2227,45,salaried,83735,524,high,Kanpur,2024-02-11 22:39:56.936075
U2228,46,salaried,49806,486,high,Pune,2021-11-06 22:39:56.936075
U2229,35,salaried,103451,597,high,Kanpur,2022-03-31 22:39:56.936075
U2230,26,salaried,87526,569,high,Delhi,2024-01-16 22:39:56.936075
U2231,63,salaried,73442,481,high,Pune,2021-06-18 22:39:56.936075
U2232,52,salaried,67456,522,high,Kanpur,2022-08-03 22:39:56.936075
U2233,22,student,11302,355,high,Mumbai,2024-05-02 22:39:56.936075
U2234,49,salaried,112567,646,medium,Delhi,2025-02-13 22:39:56.936075
U2235,58,salaried,111179,605,medium,Kanpur,2020-09-19 22:39:56.936075
U2236,46,salaried,114606,601,medium,Bangalore,2023-05-30 22:39:56.936075
U2237,24,student,19304,321,high,Delhi,2021-01-24 22:39:56.936075
U2238,32,salaried,38868,425,high,Bangalore,2023-12-22 22:39:56.936075
U2239,57,self-employed,51571,406,high,Bangalore,2024-05-14 22:39:56.936075
U2240,33,self-employed,48189,396,high,Mumbai,2024-05-31 22:39:56.936075
U2241,48,salaried,93898,551,high,Hyderabad,2021-06-05 22:39:56.936075
U2242,64,salaried,42981,440,high,Bangalore,2020-09-27 22:39:56.936075
U2243,33,self-employed,47438,479,high,Hyderabad,2024-02-01 22:39:56.936075
U2244,40,student,10545,355,high,Mumbai,2022-08-13 22:39:56.936075
U2245,50,self-employed,173404,806,low,Bangalore,2023-01-08 22:39:56.936075
U2246,49,student,8451,300,high,Bangalore,2025-05-08 22:39:56.936075
U2247,22,student,15946,330,high,Hyderabad,2020-09-23 22:39:56.936075
U2248,41,student,17797,333,high,Delhi,2024-08-06 22:39:56.936075
U2249,56,student,5258,313,high,Kanpur,2020-12-02 22:39:56.936075
U2250,23,self-employed,40669,376,high,Pune,2023-06-03 22:39:56.936075
U2251,65,salaried,42722,419,high,Bangalore,2025-12-16 22:39:56.936075
U2252,45,salaried,68468,486,high,Bangalore,2022-11-14 22:39:56.936075
U2253,50,student,18206,323,high,Bangalore,2025-10-04 22:39:56.936075
U2254,21,self-employed,89217,519,high,Hyderabad,2024-09-03 22:39:56.936075
U2255,59,student,13377,300,high,Mumbai,2022-07-02 22:39:56.936075
U2256,33,student,18100,334,high,Kanpur,2020-11-08 22:39:56.936075
U2257,61,self-employed,110649,598,high,Mumbai,2021-05-04 22:39:56.936075
U2258,22,self-employed,126782,660,medium,Hyderabad,2023-06-17 22:39:56.936075
U2259,25,self-employed,134004,727,medium,Bangalore,2021-09-09 22:39:56.936075
U2260,61,salaried,29194,352,high,Hyderabad,2024-11-12 22:39:56.936075
U2261,39,student,12646,317,high,Bangalore,2023-03-10 22:39:56.936075
U2262,58,salaried,108919,576,high,Delhi,2025-06-24 22:39:56.936075
U2263,48,self-employed,190614,848,low,Mumbai,2024-12-05 22:39:56.936075
U2264,28,self-employed,81813,497,high,Pune,2021-01-26 22:39:56.936075
U2265,39,salaried,102128,604,medium,Pune,2022-03-10 22:39:56.936075
U2266,45,salaried,44169,400,high,Delhi,2024-05-08 22:39:56.936075
U2267,63,salaried,37570,379,high,Delhi,2021-05-03 22:39:56.936075
U2268,47,salaried,52523,473,high,Delhi,2021-07-17 22:39:56.936075
U2269,51,salaried,67597,474,high,Bangalore,2024-09-15 22:39:56.936075
U2270,60,student,19609,336,high,Mumbai,2023-03-23 22:39:56.936075
U2271,65,self-employed,55959,468,high,Bangalore,2023-12-15 22:39:56.936075
U2272,45,student,14149,371,high,Delhi,2022-03-19 22:39:56.936075
U2273,52,student,12477,309,high,Kanpur,2025-08-22 22:39:56.936075
U2274,32,self-employed,151920,746,medium,Bangalore,2021-04-12 22:39:56.936075
U2275,22,salaried,75008,533,high,Pune,2023-03-23 22:39:56.936075
U2276,59,self-employed,34824,407,high,Delhi,2025-03-17 22:39:56.936075
U2277,48,self-employed,142181,752,low,Kanpur,2023-03-17 22:39:56.936075
U2278,24,self-employed,134028,714,medium,Bangalore,2022-12-30 22:39:56.936075
U2279,49,student,7414,334,high,Bangalore,2023-12-15 22:39:56.936075
U2280,57,self-employed,158110,759,low,Bangalore,2020-11-17 22:39:56.937072
U2281,40,student,18992,360,high,Hyderabad,2023-10-06 22:39:56.937072
U2282,40,student,14070,357,high,Mumbai,2023-07-18 22:39:56.937072
U2283,56,salaried,47670,405,high,Kanpur,2025-07-31 22:39:56.937072
U2284,37,student,19354,384,high,Pune,2024-02-09 22:39:56.937072
U2285,56,self-employed,179711,862,low,Pune,2023-01-10 22:39:56.937072
U2286,24,student,12856,344,high,Hyderabad,2023-11-03 22:39:56.937072
U2287,60,student,15139,359,high,Pune,2023-08-04 22:39:56.937072
U2288,33,self-employed,184724,835,low,Kanpur,2022-05-11 22:39:56.937072
U2289,58,student,19363,405,high,Pune,2021-05-01 22:39:56.937072
U2290,43,student,5797,351,high,Mumbai,2023-07-04 22:39:56.937072
U2291,28,student,14854,335,high,Delhi,2022-05-03 22:39:56.937072
U2292,41,salaried,30466,380,high,Delhi,2024-05-22 22:39:56.937072
U2293,41,student,15225,350,high,Kanpur,2021-05-10 22:39:56.937072
U2294,36,salaried,44726,424,high,Hyderabad,2020-10-03 22:39:56.937072
U2295,64,salaried,111993,626,medium,Kanpur,2023-10-19 22:39:56.937072
U2296,44,student,18964,358,high,Hyderabad,2025-04-14 22:39:56.937072
U2297,59,student,16640,313,high,Mumbai,2023-07-08 22:39:56.937072
U2298,26,student,11070,300,high,Bangalore,2021-03-26 22:39:56.937072
U2299,33,self-employed,133529,721,medium,Kanpur,2020-08-31 22:39:56.937072
U2300,58,salaried,76615,489,high,Hyderabad,2024-01-28 22:39:56.937072
U2301,41,student,13166,314,high,Bangalore,2022-03-30 22:39:56.937072
U2302,37,salaried,56310,459,high,Kanpur,2020-11-13 22:39:56.937072
U2303,57,student,14289,329,high,Bangalore,2023-07-08 22:39:56.937072
U2304,61,self-employed,159206,751,low,Hyderabad,2025-02-26 22:39:56.937072
U2305,33,self-employed,153551,712,medium,Mumbai,2022-04-16 22:39:56.937072
U2306,26,student,8591,331,high,Pune,2021-01-17 22:39:56.937072
U2307,60,salaried,102962,614,medium,Mumbai,2021-12-18 22:39:56.937072
U2308,36,self-employed,158101,746,medium,Hyderabad,2021-06-07 22:39:56.937072
U2309,33,self-employed,157413,794,low,Pune,2022-03-06 22:39:56.937072
U2310,49,student,10214,320,high,Pune,2020-10-19 22:39:56.937072
U2311,47,self-employed,60614,478,high,Pune,2024-08-11 22:39:56.937072
U2312,57,salaried,119159,619,medium,Pune,2024-07-06 22:39:56.937072
U2313,54,salaried,67266,464,high,Mumbai,2023-04-09 22:39:56.937072
U2314,37,self-employed,157484,731,medium,Delhi,2025-09-12 22:39:56.937072
U2315,58,student,10935,361,high,Mumbai,2024-08-13 22:39:56.937072
U2316,56,self-employed,127603,729,medium,Bangalore,2021-08-01 22:39:56.937072
U2317,19,salaried,98245,583,high,Hyderabad,2023-10-23 22:39:56.937072
U2318,57,student,13627,361,high,Pune,2021-07-26 22:39:56.937072
U2319,62,student,14274,369,high,Mumbai,2023-08-01 22:39:56.937072
U2320,44,self-employed,196197,897,low,Hyderabad,2022-01-14 22:39:56.937072
U2321,23,self-employed,198184,878,low,Pune,2025-08-22 22:39:56.937072
U2322,24,student,8177,358,high,Delhi,2024-04-12 22:39:56.937072
U2323,62,salaried,75009,549,high,Pune,2022-10-06 22:39:56.937072
U2324,20,salaried,58995,445,high,Pune,2021-08-06 22:39:56.937072
U2325,26,self-employed,63415,475,high,Hyderabad,2025-03-31 22:39:56.937072
U2326,61,salaried,53893,501,high,Kanpur,2025-05-10 22:39:56.937072
U2327,54,self-employed,79151,500,high,Hyderabad,2021-07-04 22:39:56.937072
U2328,47,salaried,76490,538,high,Delhi,2025-07-02 22:39:56.937072
U2329,36,student,7620,300,high,Kanpur,2022-08-30 22:39:56.937072
U2330,46,salaried,34656,421,high,Kanpur,2021-10-09 22:39:56.937072
U2331,58,self-employed,125003,656,medium,Pune,2025-11-24 22:39:56.937072
U2332,62,salaried,98472,552,high,Kanpur,2022-06-13 22:39:56.937072
U2333,49,salaried,86212,581,high,Hyderabad,2022-02-15 22:39:56.937072
U2334,50,self-employed,139610,751,low,Mumbai,2020-11-21 22:39:56.937072
U2335,42,salaried,69472,531,high,Mumbai,2021-02-21 22:39:56.937072
U2336,40,self-employed,78703,568,high,Mumbai,2024-05-19 22:39:56.937072
U2337,32,salaried,94864,610,medium,Hyderabad,2021-05-09 22:39:56.937072
U2338,45,salaried,74411,537,high,Kanpur,2022-11-18 22:39:56.937072
U2339,65,self-employed,28879,418,high,Bangalore,2024-01-11 22:39:56.937072
U2340,34,salaried,56380,474,high,Pune,2025-07-13 22:39:56.937072
U2341,22,salaried,62154,459,high,Pune,2025-12-18 22:39:56.937072
U2342,29,self-employed,149994,786,low,Hyderabad,2021-03-03 22:39:56.937072
U2343,32,self-employed,95960,604,medium,Bangalore,2025-06-03 22:39:56.937072
U2344,58,self-employed,104012,636,medium,Delhi,2021-08-10 22:39:56.937072
U2345,53,self-employed,137807,708,medium,Hyderabad,2025-11-18 22:39:56.937072
U2346,20,student,8837,340,high,Hyderabad,2025-05-19 22:39:56.937072
U2347,40,student,14113,370,high,Pune,2023-03-27 22:39:56.937072
U2348,23,salaried,42408,414,high,Hyderabad,2021-07-28 22:39:56.937072
U2349,50,salaried,111730,600,medium,Delhi,2025-02-27 22:39:56.937072
U2350,44,salaried,119035,659,medium,Mumbai,2023-08-18 22:39:56.937072
U2351,42,salaried,98716,546,high,Delhi,2023-05-27 22:39:56.938072
U2352,57,salaried,71234,489,high,Delhi,2025-05-17 22:39:56.938072
U2353,38,salaried,116640,699,medium,Hyderabad,2022-12-29 22:39:56.938072
U2354,33,self-employed,51365,453,high,Delhi,2022-08-06 22:39:56.938072
U2355,55,self-employed,134508,690,medium,Hyderabad,2023-03-13 22:39:56.938072
U2356,34,salaried,27499,432,high,Hyderabad,2024-01-30 22:39:56.938072
U2357,46,salaried,65631,510,high,Pune,2023-07-28 22:39:56.938072
U2358,23,self-employed,122903,681,medium,Bangalore,2023-02-02 22:39:56.938072
U2359,58,salaried,101209,572,high,Delhi,2025-11-20 22:39:56.938072
U2360,59,self-employed,20546,397,high,Kanpur,2024-08-18 22:39:56.938072
U2361,45,student,17862,367,high,Pune,2022-06-25 22:39:56.938072
U2362,64,student,18685,319,high,Mumbai,2025-01-08 22:39:56.938072
U2363,35,salaried,51901,405,high,Hyderabad,2022-01-28 22:39:56.938072
U2364,20,salaried,28342,342,high,Hyderabad,2025-01-28 22:39:56.938072
U2365,24,salaried,43610,393,high,Delhi,2022-05-19 22:39:56.938072
U2366,47,salaried,97889,544,high,Hyderabad,2025-03-13 22:39:56.938072
U2367,61,salaried,42769,403,high,Kanpur,2021-07-11 22:39:56.938072
U2368,20,self-employed,83158,598,high,Delhi,2024-07-09 22:39:56.938072
U2369,20,salaried,77321,513,high,Kanpur,2024-06-22 22:39:56.938072
U2370,40,self-employed,180142,878,low,Bangalore,2023-12-21 22:39:56.938072
U2371,28,self-employed,33146,396,high,Hyderabad,2021-09-16 22:39:56.938072
U2372,52,salaried,112998,686,medium,Pune,2025-11-21 22:39:56.938072
U2373,23,salaried,38651,374,high,Delhi,2024-09-21 22:39:56.938072
U2374,59,salaried,104585,573,high,Mumbai,2021-01-21 22:39:56.938072
U2375,27,student,6467,351,high,Bangalore,2022-07-26 22:39:56.938072
U2376,44,salaried,91576,551,high,Mumbai,2023-12-05 22:39:56.938072
U2377,24,salaried,56486,516,high,Mumbai,2024-02-23 22:39:56.938072
U2378,58,self-employed,172574,837,low,Delhi,2023-11-10 22:39:56.938072
U2379,46,student,8235,300,high,Delhi,2023-08-23 22:39:56.938072
U2380,50,student,13381,332,high,Bangalore,2021-09-26 22:39:56.938072
U2381,44,salaried,30512,394,high,Hyderabad,2025-04-18 22:39:56.938072
U2382,23,salaried,112798,659,medium,Pune,2024-05-14 22:39:56.938072
U2383,18,salaried,29741,364,high,Pune,2025-06-17 22:39:56.938072
U2384,33,salaried,91457,559,high,Hyderabad,2023-02-21 22:39:56.938072
U2385,21,self-employed,156582,745,medium,Delhi,2023-08-23 22:39:56.938072
U2386,32,self-employed,46394,442,high,Bangalore,2024-04-10 22:39:56.938072
U2387,53,salaried,104430,660,medium,Hyderabad,2021-10-26 22:39:56.938072
U2388,62,self-employed,63169,500,high,Delhi,2022-09-25 22:39:56.938072
U2389,49,salaried,78176,508,high,Pune,2026-01-20 22:39:56.938072
U2390,25,self-employed,111476,614,medium,Delhi,2020-11-16 22:39:56.938072
U2391,49,salaried,99656,563,high,Hyderabad,2020-12-05 22:39:56.938072
U2392,29,self-employed,26746,365,high,Hyderabad,2021-10-24 22:39:56.938072
U2393,52,self-employed,153110,756,low,Kanpur,2022-09-27 22:39:56.938072
U2394,40,student,18686,406,high,Kanpur,2022-04-27 22:39:56.938072
U2395,59,salaried,109886,585,high,Pune,2021-10-08 22:39:56.938072
U2396,53,salaried,59329,435,high,Pune,2023-12-22 22:39:56.938072
U2397,56,student,12909,336,high,Bangalore,2020-11-15 22:39:56.938072
U2398,21,self-employed,137080,726,medium,Pune,2023-05-13 22:39:56.938072
U2399,40,salaried,91883,553,high,Hyderabad,2022-05-21 22:39:56.938072
U2400,39,salaried,70112,468,high,Mumbai,2024-06-15 22:39:56.938072
U2401,28,self-employed,46980,462,high,Bangalore,2024-01-04 22:39:56.938072
U2402,23,student,15989,336,high,Kanpur,2024-07-24 22:39:56.938072
U2403,20,self-employed,66034,492,high,Bangalore,2022-10-05 22:39:56.938072
U2404,61,salaried,95482,554,high,Delhi,2023-06-12 22:39:56.938072
U2405,55,student,17078,371,high,Hyderabad,2020-12-08 22:39:56.938072
U2406,63,self-employed,129623,670,medium,Kanpur,2023-08-08 22:39:56.938072
U2407,26,student,13082,383,high,Delhi,2022-05-02 22:39:56.938072
U2408,60,salaried,116721,602,medium,Kanpur,2022-10-07 22:39:56.938072
U2409,36,student,5378,328,high,Kanpur,2024-03-15 22:39:56.938072
U2410,24,student,15444,307,high,Pune,2023-03-02 22:39:56.938072
U2411,24,self-employed,162905,768,low,Mumbai,2021-05-01 22:39:56.938072
U2412,36,student,9045,301,high,Bangalore,2024-01-05 22:39:56.938072
U2413,31,student,11195,323,high,Kanpur,2025-04-30 22:39:56.938072
U2414,54,salaried,97378,603,medium,Delhi,2025-11-18 22:39:56.938072
U2415,46,salaried,69936,488,high,Pune,2024-01-12 22:39:56.938072
U2416,25,student,16628,330,high,Hyderabad,2022-06-11 22:39:56.938072
U2417,40,salaried,117458,606,medium,Hyderabad,2022-01-22 22:39:56.938072
U2418,27,student,18234,384,high,Kanpur,2023-06-23 22:39:56.938072
U2419,59,student,17145,302,high,Bangalore,2025-05-20 22:39:56.938072
U2420,23,self-employed,129639,719,medium,Bangalore,2024-06-14 22:39:56.939072
U2421,50,self-employed,55474,447,high,Hyderabad,2024-08-25 22:39:56.939072
U2422,57,salaried,55915,435,high,Bangalore,2023-11-26 22:39:56.939072
U2423,61,self-employed,83088,578,high,Bangalore,2021-10-08 22:39:56.939072
U2424,59,self-employed,21774,411,high,Bangalore,2023-06-19 22:39:56.939072
U2425,35,student,16898,321,high,Pune,2023-07-05 22:39:56.939072
U2426,23,self-employed,129265,652,medium,Mumbai,2025-12-16 22:39:56.939072
U2427,35,self-employed,73561,516,high,Mumbai,2022-04-08 22:39:56.939072
U2428,34,student,6353,335,high,Delhi,2023-07-16 22:39:56.939072
U2429,65,student,14257,315,high,Bangalore,2022-08-19 22:39:56.939072
U2430,65,salaried,72397,526,high,Mumbai,2023-07-31 22:39:56.939072
U2431,28,student,15031,354,high,Mumbai,2024-07-08 22:39:56.939072
U2432,44,student,9533,300,high,Hyderabad,2025-06-25 22:39:56.939072
U2433,49,salaried,45223,412,high,Pune,2021-10-28 22:39:56.939072
U2434,38,self-employed,102573,626,medium,Kanpur,2022-03-11 22:39:56.939072
U2435,40,student,19328,344,high,Mumbai,2022-07-10 22:39:56.939072
U2436,62,student,17914,401,high,Mumbai,2024-12-02 22:39:56.939072
U2437,27,salaried,28626,434,high,Delhi,2025-10-20 22:39:56.939072
U2438,36,student,8797,343,high,Bangalore,2024-08-07 22:39:56.939072
U2439,61,self-employed,56525,439,high,Hyderabad,2020-11-20 22:39:56.939072
U2440,37,salaried,25651,425,high,Pune,2022-09-11 22:39:56.939072
U2441,43,salaried,88260,599,high,Bangalore,2023-02-14 22:39:56.939072
U2442,49,student,5185,300,high,Delhi,2025-04-17 22:39:56.939072
U2443,22,student,6901,345,high,Kanpur,2023-12-05 22:39:56.939072
U2444,44,student,6765,315,high,Hyderabad,2022-05-16 22:39:56.939072
U2445,56,salaried,107850,601,medium,Mumbai,2025-07-08 22:39:56.939072
U2446,30,student,10722,300,high,Bangalore,2022-07-07 22:39:56.939072
U2447,47,student,13192,300,high,Kanpur,2020-09-03 22:39:56.939072
U2448,26,self-employed,46411,430,high,Pune,2021-10-18 22:39:56.939072
U2449,19,salaried,69185,481,high,Bangalore,2020-09-23 22:39:56.939072
U2450,22,student,14708,361,high,Delhi,2024-02-14 22:39:56.939072
U2451,24,salaried,118083,699,medium,Hyderabad,2023-10-20 22:39:56.939072
U2452,47,self-employed,117812,689,medium,Kanpur,2023-07-23 22:39:56.939072
U2453,58,salaried,95084,635,medium,Pune,2023-10-03 22:39:56.939072
U2454,46,salaried,101233,579,high,Delhi,2023-08-30 22:39:56.939072
U2455,50,salaried,38086,439,high,Hyderabad,2021-08-12 22:39:56.939072
U2456,42,self-employed,162444,785,low,Pune,2022-12-05 22:39:56.939072
U2457,64,student,15333,352,high,Mumbai,2021-11-27 22:39:56.939072
U2458,25,student,19874,396,high,Pune,2020-10-27 22:39:56.939072
U2459,47,self-employed,178414,881,low,Pune,2021-07-10 22:39:56.939072
U2460,21,salaried,39125,386,high,Bangalore,2025-05-02 22:39:56.939072
U2461,23,salaried,42917,455,high,Bangalore,2024-10-17 22:39:56.939072
U2462,43,self-employed,79286,569,high,Delhi,2025-07-29 22:39:56.939072
U2463,22,self-employed,94205,605,medium,Mumbai,2022-08-29 22:39:56.939072
U2464,22,student,5021,300,high,Hyderabad,2022-10-03 22:39:56.940504
U2465,52,salaried,84742,555,high,Bangalore,2024-11-11 22:39:56.940504
U2466,25,student,7955,317,high,Mumbai,2025-01-18 22:39:56.940504
U2467,49,student,9159,348,high,Delhi,2025-06-19 22:39:56.940504
U2468,19,self-employed,129413,678,medium,Bangalore,2021-04-13 22:39:56.940504
U2469,64,student,13223,330,high,Bangalore,2022-11-05 22:39:56.940504
U2470,19,student,18789,350,high,Bangalore,2020-11-11 22:39:56.940504
U2471,31,student,7490,329,high,Hyderabad,2024-05-12 22:39:56.940504
U2472,50,salaried,108479,664,medium,Hyderabad,2023-04-12 22:39:56.940504
U2473,48,self-employed,101540,622,medium,Bangalore,2023-10-10 22:39:56.940504
U2474,29,student,12530,334,high,Pune,2021-05-18 22:39:56.940504
U2475,30,salaried,59021,469,high,Bangalore,2022-03-18 22:39:56.940504
U2476,39,self-employed,114487,634,medium,Delhi,2023-01-23 22:39:56.940504
U2477,23,self-employed,166183,836,low,Kanpur,2024-12-13 22:39:56.940504
U2478,22,salaried,58376,432,high,Hyderabad,2025-10-20 22:39:56.940504
U2479,43,salaried,118718,678,medium,Mumbai,2021-12-21 22:39:56.940504
U2480,52,salaried,86161,593,high,Delhi,2025-03-31 22:39:56.940504
U2481,65,salaried,110613,680,medium,Delhi,2023-07-03 22:39:56.940504
U2482,64,salaried,63784,471,high,Mumbai,2023-04-30 22:39:56.940504
U2483,60,self-employed,191147,871,low,Delhi,2022-03-01 22:39:56.940504
U2484,25,salaried,101215,652,medium,Bangalore,2022-05-08 22:39:56.940504
U2485,62,self-employed,125886,632,medium,Delhi,2024-10-04 22:39:56.940504
U2486,27,student,5665,300,high,Bangalore,2021-08-02 22:39:56.940504
U2487,41,self-employed,20521,351,high,Kanpur,2022-04-10 22:39:56.940504
U2488,55,self-employed,114483,622,medium,Delhi,2022-10-12 22:39:56.940504
U2489,46,self-employed,198559,861,low,Delhi,2025-02-11 22:39:56.940504
U2490,32,student,17996,336,high,Hyderabad,2022-11-30 22:39:56.940504
U2491,55,student,13187,386,high,Mumbai,2024-11-03 22:39:56.940504
U2492,36,self-employed,96227,573,high,Hyderabad,2026-01-06 22:39:56.940504
U2493,58,salaried,114031,619,medium,Mumbai,2023-10-19 22:39:56.940504
U2494,29,salaried,105726,614,medium,Mumbai,2024-05-20 22:39:56.940504
U2495,56,self-employed,30009,404,high,Hyderabad,2025-10-27 22:39:56.940504
U2496,41,self-employed,119774,687,medium,Delhi,2021-04-28 22:39:56.940504
U2497,24,self-employed,180022,812,low,Mumbai,2024-09-25 22:39:56.940504
U2498,59,salaried,88389,592,high,Pune,2022-11-05 22:39:56.940504
U2499,51,student,19705,316,high,Bangalore,2021-09-17 22:39:56.940504
U2500,19,self-employed,144929,741,medium,Kanpur,2025-06-30 22:39:56.940504
U2501,65,student,6591,300,high,Delhi,2022-01-23 22:39:56.940504
U2502,34,student,18278,357,high,Mumbai,2021-06-06 22:39:56.940504
U2503,40,salaried,108629,606,medium,Pune,2025-06-14 22:39:56.940504
U2504,47,salaried,46058,420,high,Pune,2021-01-29 22:39:56.940504
U2505,49,self-employed,86297,547,high,Mumbai,2024-07-03 22:39:56.940504
U2506,39,self-employed,162462,787,low,Hyderabad,2021-08-10 22:39:56.940504
U2507,44,salaried,82034,549,high,Mumbai,2024-11-12 22:39:56.940504
U2508,19,self-employed,124952,715,medium,Kanpur,2024-05-15 22:39:56.940504
U2509,26,self-employed,152926,786,low,Pune,2021-08-11 22:39:56.940504
U2510,64,student,16321,327,high,Pune,2020-09-05 22:39:56.940504
U2511,47,student,6996,366,high,Delhi,2025-01-21 22:39:56.940504
U2512,35,salaried,99850,588,high,Hyderabad,2021-03-12 22:39:56.940504
U2513,53,self-employed,43274,387,high,Mumbai,2021-10-18 22:39:56.940504
U2514,59,self-employed,109694,674,medium,Delhi,2023-04-10 22:39:56.940504
U2515,38,student,5281,300,high,Pune,2022-07-21 22:39:56.940504
U2516,55,self-employed,85410,509,high,Bangalore,2023-03-30 22:39:56.940504
U2517,46,student,13364,360,high,Kanpur,2021-03-31 22:39:56.940504
U2518,26,student,14214,357,high,Pune,2023-06-02 22:39:56.940504
U2519,26,salaried,79870,539,high,Delhi,2021-12-16 22:39:56.941567
U2520,55,salaried,42996,411,high,Delhi,2025-05-31 22:39:56.941567
U2521,44,self-employed,129022,679,medium,Hyderabad,2020-10-04 22:39:56.941567
U2522,40,student,14223,320,high,Kanpur,2021-12-31 22:39:56.941567
U2523,56,self-employed,38241,384,high,Delhi,2024-11-04 22:39:56.941567
U2524,62,student,10248,336,high,Pune,2021-10-22 22:39:56.941567
U2525,38,salaried,114279,624,medium,Mumbai,2023-11-30 22:39:56.941567
U2526,50,self-employed,129319,712,medium,Pune,2025-08-11 22:39:56.941567
U2527,39,salaried,58897,439,high,Delhi,2021-07-21 22:39:56.941567
U2528,21,self-employed,81919,563,high,Bangalore,2025-09-27 22:39:56.941567
U2529,21,salaried,63576,481,high,Pune,2023-03-11 22:39:56.941567
U2530,63,student,11391,327,high,Kanpur,2020-12-26 22:39:56.941567
U2531,25,self-employed,198065,866,low,Bangalore,2024-09-04 22:39:56.941567
U2532,60,salaried,109264,603,medium,Hyderabad,2021-06-11 22:39:56.941567
U2533,30,salaried,105790,597,high,Bangalore,2022-02-22 22:39:56.941567
U2534,61,self-employed,182453,878,low,Pune,2025-12-11 22:39:56.941567
U2535,44,salaried,99924,582,high,Hyderabad,2022-03-29 22:39:56.941567
U2536,34,student,11814,361,high,Pune,2025-10-27 22:39:56.941567
U2537,37,salaried,117164,607,medium,Hyderabad,2025-11-17 22:39:56.941567
U2538,41,student,10456,329,high,Kanpur,2021-10-25 22:39:56.941567
U2539,33,salaried,67903,465,high,Delhi,2022-03-20 22:39:56.941567
U2540,56,student,16584,389,high,Bangalore,2021-11-26 22:39:56.941567
U2541,50,self-employed,132556,702,medium,Mumbai,2023-01-22 22:39:56.941567
U2542,49,self-employed,181891,803,low,Pune,2023-04-11 22:39:56.941567
U2543,53,student,12479,321,high,Bangalore,2024-11-03 22:39:56.941567
U2544,61,student,14345,305,high,Pune,2025-05-30 22:39:56.941567
U2545,58,self-employed,95644,625,medium,Hyderabad,2022-03-18 22:39:56.941567
U2546,55,salaried,97186,607,medium,Kanpur,2021-11-22 22:39:56.941567
U2547,44,self-employed,50321,419,high,Delhi,2021-07-15 22:39:56.941567
U2548,36,student,10376,300,high,Bangalore,2023-03-13 22:39:56.941567
U2549,21,self-employed,81352,517,high,Bangalore,2023-03-21 22:39:56.941567
U2550,51,self-employed,80455,566,high,Delhi,2024-05-31 22:39:56.941567
U2551,25,salaried,73394,531,high,Delhi,2022-01-24 22:39:56.941567
U2552,58,self-employed,114252,649,medium,Hyderabad,2025-02-11 22:39:56.941567
U2553,57,self-employed,122269,647,medium,Mumbai,2021-12-15 22:39:56.941567
U2554,40,salaried,43254,412,high,Delhi,2022-10-26 22:39:56.941567
U2555,37,student,19043,319,high,Pune,2023-08-24 22:39:56.941567
U2556,63,student,17297,375,high,Kanpur,2022-09-18 22:39:56.941567
U2557,43,student,14971,306,high,Delhi,2022-11-10 22:39:56.941567
U2558,23,salaried,96785,574,high,Pune,2021-09-08 22:39:56.941567
U2559,65,self-employed,66678,528,high,Pune,2025-12-08 22:39:56.941567
U2560,37,self-employed,48770,489,high,Bangalore,2025-07-17 22:39:56.941567
U2561,39,salaried,97816,630,medium,Pune,2023-11-13 22:39:56.941567
U2562,33,student,18467,327,high,Delhi,2025-05-03 22:39:56.941567
U2563,58,student,16055,381,high,Pune,2021-09-27 22:39:56.941567
U2564,50,self-employed,114088,596,high,Mumbai,2023-07-18 22:39:56.941567
U2565,28,student,19123,350,high,Mumbai,2021-02-01 22:39:56.941567
U2566,38,salaried,65623,457,high,Delhi,2024-07-19 22:39:56.941567
U2567,33,student,13016,318,high,Kanpur,2021-10-18 22:39:56.941567
U2568,36,salaried,78240,560,high,Kanpur,2020-12-29 22:39:56.941567
U2569,40,self-employed,195314,855,low,Bangalore,2023-07-03 22:39:56.941567
U2570,28,salaried,46480,449,high,Bangalore,2026-01-19 22:39:56.941567
U2571,21,salaried,28666,355,high,Delhi,2025-03-17 22:39:56.941567
U2572,26,self-employed,186418,847,low,Delhi,2021-08-29 22:39:56.941567
U2573,20,self-employed,177072,858,low,Delhi,2024-11-24 22:39:56.941567
U2574,61,self-employed,40826,393,high,Hyderabad,2023-06-12 22:39:56.941567
U2575,49,salaried,53160,423,high,Hyderabad,2024-06-03 22:39:56.941567
U2576,55,student,12302,307,high,Kanpur,2022-09-16 22:39:56.941567
U2577,35,student,6171,300,high,Delhi,2023-12-29 22:39:56.941567
U2578,39,student,18702,354,high,Bangalore,2024-01-13 22:39:56.941567
U2579,57,student,9973,300,high,Delhi,2025-02-02 22:39:56.941567
U2580,42,salaried,62554,521,high,Bangalore,2023-11-13 22:39:56.941567
U2581,62,self-employed,163020,814,low,Bangalore,2021-08-21 22:39:56.942566
U2582,57,self-employed,162576,831,low,Hyderabad,2025-03-19 22:39:56.942566
U2583,49,student,17603,367,high,Mumbai,2021-08-19 22:39:56.942566
U2584,53,self-employed,156431,734,medium,Mumbai,2023-10-02 22:39:56.942566
U2585,34,salaried,89952,566,high,Kanpur,2020-08-31 22:39:56.942566
U2586,54,student,9078,355,high,Delhi,2024-06-04 22:39:56.942566
U2587,54,student,8293,300,high,Bangalore,2024-10-14 22:39:56.942566
U2588,27,student,11024,324,high,Mumbai,2021-08-10 22:39:56.942566
U2589,60,student,9196,300,high,Bangalore,2024-02-12 22:39:56.942566
U2590,60,self-employed,154515,801,low,Kanpur,2020-11-09 22:39:56.942566
U2591,62,self-employed,65517,536,high,Delhi,2023-10-10 22:39:56.942566
U2592,41,student,9303,359,high,Kanpur,2023-12-25 22:39:56.942566
U2593,56,self-employed,109409,653,medium,Pune,2022-03-24 22:39:56.942566
U2594,35,salaried,114834,609,medium,Kanpur,2020-12-09 22:39:56.942566
U2595,39,salaried,103930,585,high,Mumbai,2023-09-12 22:39:56.942566
U2596,54,student,7149,347,high,Hyderabad,2025-02-24 22:39:56.942566
U2597,24,student,5486,359,high,Mumbai,2023-01-28 22:39:56.942566
U2598,39,self-employed,31510,437,high,Mumbai,2021-08-17 22:39:56.942566
U2599,35,salaried,89190,559,high,Kanpur,2025-02-09 22:39:56.942566
U2600,33,salaried,62010,471,high,Bangalore,2024-01-09 22:39:56.942566
U2601,32,student,13169,343,high,Bangalore,2022-11-11 22:39:56.942566
U2602,41,self-employed,101863,650,medium,Kanpur,2024-10-06 22:39:56.942566
U2603,18,salaried,102808,657,medium,Pune,2021-12-18 22:39:56.942566
U2604,39,student,6531,300,high,Mumbai,2021-01-20 22:39:56.942566
U2605,31,salaried,72224,552,high,Pune,2025-05-23 22:39:56.942566
U2606,40,student,5856,300,high,Bangalore,2023-01-20 22:39:56.942566
U2607,25,self-employed,199571,895,low,Delhi,2020-11-03 22:39:56.942566
U2608,39,self-employed,127404,675,medium,Hyderabad,2024-06-15 22:39:56.942566
U2609,44,self-employed,103224,639,medium,Delhi,2023-10-02 22:39:56.942566
U2610,19,student,15956,350,high,Kanpur,2023-12-08 22:39:56.942566
U2611,22,student,18145,348,high,Kanpur,2021-04-03 22:39:56.942566
U2612,65,student,17968,330,high,Mumbai,2023-07-22 22:39:56.942566
U2613,27,self-employed,123690,635,medium,Bangalore,2022-05-11 22:39:56.942566
U2614,63,student,15916,347,high,Kanpur,2021-03-19 22:39:56.942566
U2615,58,self-employed,96935,592,high,Delhi,2025-06-19 22:39:56.942566
U2616,57,student,15979,391,high,Pune,2024-12-06 22:39:56.942566
U2617,49,salaried,97319,607,medium,Bangalore,2023-01-05 22:39:56.942566
U2618,55,self-employed,123408,664,medium,Delhi,2024-08-07 22:39:56.942566
U2619,20,self-employed,122439,646,medium,Mumbai,2022-08-05 22:39:56.942566
U2620,53,salaried,76268,572,high,Hyderabad,2023-08-08 22:39:56.942566
U2621,18,student,6327,323,high,Bangalore,2024-08-09 22:39:56.942566
U2622,51,salaried,60378,456,high,Pune,2023-05-22 22:39:56.942566
U2623,31,self-employed,157341,805,low,Bangalore,2026-01-18 22:39:56.942566
U2624,53,self-employed,60063,440,high,Delhi,2024-05-19 22:39:56.942566
U2625,23,salaried,39992,463,high,Pune,2021-09-21 22:39:56.942566
U2626,40,salaried,115547,678,medium,Bangalore,2022-03-20 22:39:56.942566
U2627,59,salaried,93117,607,medium,Kanpur,2021-08-08 22:39:56.942566
U2628,33,self-employed,58172,502,high,Kanpur,2023-02-25 22:39:56.942566
U2629,27,student,6096,311,high,Pune,2023-11-02 22:39:56.942566
U2630,61,salaried,110396,618,medium,Kanpur,2024-10-22 22:39:56.942566
U2631,64,salaried,33831,389,high,Bangalore,2021-09-10 22:39:56.942566
U2632,28,self-employed,186869,853,low,Mumbai,2020-11-20 22:39:56.942566
U2633,58,self-employed,28460,425,high,Kanpur,2023-11-18 22:39:56.942566
U2634,21,self-employed,191125,879,low,Pune,2025-06-11 22:39:56.942566
U2635,59,self-employed,172052,766,low,Pune,2023-03-10 22:39:56.942566
U2636,63,salaried,69920,512,high,Bangalore,2022-05-19 22:39:56.942566
U2637,28,student,12616,346,high,Pune,2025-01-22 22:39:56.942566
U2638,61,self-employed,98515,636,medium,Pune,2024-12-11 22:39:56.942566
U2639,56,salaried,71761,554,high,Kanpur,2022-12-03 22:39:56.942566
U2640,32,self-employed,28580,348,high,Bangalore,2020-10-09 22:39:56.942566
U2641,27,salaried,48729,428,high,Hyderabad,2020-09-10 22:39:56.942566
U2642,49,student,9483,340,high,Delhi,2020-09-21 22:39:56.943567
U2643,19,student,5223,310,high,Pune,2024-02-21 22:39:56.943567
U2644,50,self-employed,165011,770,low,Kanpur,2023-03-05 22:39:56.943567
U2645,23,student,8995,369,high,Bangalore,2024-07-08 22:39:56.943567
U2646,31,student,11279,315,high,Delhi,2024-03-04 22:39:56.943567
U2647,32,student,13118,387,high,Bangalore,2021-08-15 22:39:56.943567
U2648,32,student,13371,386,high,Delhi,2025-06-13 22:39:56.943567
U2649,34,salaried,111246,665,medium,Kanpur,2022-12-31 22:39:56.943567
U2650,63,salaried,58062,452,high,Bangalore,2023-06-30 22:39:56.943567
U2651,33,student,14115,300,high,Hyderabad,2025-07-02 22:39:56.943567
U2652,39,self-employed,137211,695,medium,Bangalore,2022-11-09 22:39:56.943567
U2653,19,salaried,76439,519,high,Mumbai,2022-04-04 22:39:56.943567
U2654,41,self-employed,189017,861,low,Delhi,2023-07-15 22:39:56.943567
U2655,36,salaried,56621,510,high,Mumbai,2025-12-26 22:39:56.943567
U2656,27,self-employed,125781,707,medium,Pune,2023-08-19 22:39:56.943567
U2657,60,salaried,76400,514,high,Kanpur,2024-09-12 22:39:56.943567
U2658,47,salaried,39861,436,high,Mumbai,2021-02-05 22:39:56.943567
U2659,34,salaried,99747,596,high,Pune,2023-10-10 22:39:56.943567
U2660,32,salaried,65744,510,high,Kanpur,2024-06-27 22:39:56.943567
U2661,53,self-employed,31854,393,high,Mumbai,2024-10-19 22:39:56.943567
U2662,25,student,13543,300,high,Mumbai,2020-11-30 22:39:56.943567
U2663,56,self-employed,168244,819,low,Bangalore,2025-08-31 22:39:56.943567
U2664,43,student,14697,355,high,Kanpur,2025-07-06 22:39:56.943567
U2665,45,student,5333,339,high,Bangalore,2025-12-04 22:39:56.943567
U2666,59,self-employed,174179,811,low,Mumbai,2024-07-08 22:39:56.943567
U2667,19,salaried,41432,465,high,Pune,2023-07-30 22:39:56.943567
U2668,42,salaried,104969,586,high,Hyderabad,2021-09-24 22:39:56.943567
U2669,57,student,18301,352,high,Mumbai,2023-02-14 22:39:56.943567
U2670,30,self-employed,23410,381,high,Delhi,2025-04-29 22:39:56.943567
U2671,26,student,17551,361,high,Pune,2024-03-15 22:39:56.943567
U2672,65,student,11620,303,high,Delhi,2024-04-16 22:39:56.943567
U2673,61,self-employed,153747,785,low,Bangalore,2024-02-05 22:39:56.943567
U2674,50,salaried,56802,479,high,Kanpur,2024-01-24 22:39:56.943567
U2675,25,salaried,118162,610,medium,Mumbai,2025-08-29 22:39:56.943567
U2676,62,student,13666,357,high,Pune,2020-12-12 22:39:56.943567
U2677,25,salaried,69568,521,high,Bangalore,2024-04-23 22:39:56.943567
U2678,61,student,13898,303,high,Bangalore,2023-04-23 22:39:56.943567
U2679,58,salaried,53958,439,high,Pune,2021-07-01 22:39:56.943567
U2680,55,student,8013,300,high,Delhi,2021-05-20 22:39:56.943567
U2681,40,student,13716,390,high,Mumbai,2025-04-29 22:39:56.943567
U2682,29,student,19612,323,high,Kanpur,2022-09-26 22:39:56.943567
U2683,44,student,16732,317,high,Delhi,2024-08-19 22:39:56.943567
U2684,32,salaried,102304,576,high,Mumbai,2020-10-11 22:39:56.943567
U2685,19,self-employed,175691,861,low,Pune,2022-06-10 22:39:56.943567
U2686,21,self-employed,137504,753,low,Delhi,2025-04-19 22:39:56.943567
U2687,35,salaried,46556,403,high,Kanpur,2025-09-15 22:39:56.943567
U2688,45,self-employed,75288,508,high,Hyderabad,2025-06-19 22:39:56.943567
U2689,38,salaried,116288,625,medium,Delhi,2023-09-03 22:39:56.943567
U2690,42,self-employed,101730,644,medium,Delhi,2022-04-09 22:39:56.943567
U2691,37,self-employed,146854,743,medium,Kanpur,2022-08-03 22:39:56.943567
U2692,56,student,11369,343,high,Bangalore,2024-06-21 22:39:56.943567
U2693,62,self-employed,78306,571,high,Hyderabad,2021-03-12 22:39:56.943567
U2694,65,student,12674,300,high,Mumbai,2022-08-06 22:39:56.943567
U2695,18,student,18508,397,high,Delhi,2024-03-02 22:39:56.943567
U2696,50,salaried,119471,616,medium,Bangalore,2023-08-15 22:39:56.943567
U2697,38,salaried,39788,458,high,Kanpur,2026-01-10 22:39:56.943567
U2698,43,salaried,66286,522,high,Pune,2022-02-01 22:39:56.943567
U2699,19,student,10557,366,high,Mumbai,2021-01-16 22:39:56.943567
U2700,63,salaried,105118,615,medium,Kanpur,2026-01-01 22:39:56.943567
U2701,33,salaried,100665,612,medium,Bangalore,2022-02-15 22:39:56.943567
U2702,59,salaried,79124,504,high,Kanpur,2022-09-17 22:39:56.943567
U2703,35,self-employed,134726,667,medium,Hyderabad,2022-03-15 22:39:56.943567
U2704,25,student,15913,359,high,Mumbai,2025-08-07 22:39:56.943567
U2705,45,student,19970,404,high,Kanpur,2025-03-27 22:39:56.943567
U2706,47,salaried,90184,579,high,Pune,2024-07-04 22:39:56.943567
U2707,19,self-employed,98224,565,high,Mumbai,2025-04-17 22:39:56.943567
U2708,30,self-employed,22760,389,high,Pune,2025-07-09 22:39:56.943567
U2709,19,self-employed,141249,732,medium,Kanpur,2025-10-21 22:39:56.943567
U2710,25,salaried,93908,627,medium,Bangalore,2025-08-27 22:39:56.943567
U2711,40,self-employed,167815,767,low,Bangalore,2020-10-28 22:39:56.943567
U2712,19,salaried,76269,506,high,Bangalore,2020-12-23 22:39:56.943567
U2713,50,student,15920,327,high,Kanpur,2024-11-05 22:39:56.944587
U2714,59,salaried,46632,477,high,Mumbai,2023-09-14 22:39:56.944587
U2715,43,salaried,79875,559,high,Bangalore,2021-07-21 22:39:56.944587
U2716,36,salaried,101922,557,high,Bangalore,2023-03-01 22:39:56.944587
U2717,37,self-employed,54072,461,high,Mumbai,2023-11-01 22:39:56.944587
U2718,50,salaried,35018,424,high,Kanpur,2021-09-07 22:39:56.944587
U2719,58,salaried,73358,569,high,Delhi,2021-03-08 22:39:56.944587
U2720,18,student,19583,396,high,Pune,2024-09-27 22:39:56.944587
U2721,38,salaried,93499,625,medium,Pune,2025-09-10 22:39:56.944587
U2722,45,student,16481,343,high,Delhi,2022-01-10 22:39:56.944587
U2723,39,salaried,60487,462,high,Hyderabad,2025-03-27 22:39:56.944587
U2724,57,student,16273,336,high,Mumbai,2025-07-08 22:39:56.944587
U2725,39,student,11809,367,high,Hyderabad,2024-12-02 22:39:56.944587
U2726,59,student,10460,362,high,Delhi,2023-01-19 22:39:56.944587
U2727,64,salaried,29971,357,high,Pune,2025-03-27 22:39:56.944587
U2728,54,salaried,97084,581,high,Mumbai,2022-11-07 22:39:56.944587
U2729,44,self-employed,22601,321,high,Kanpur,2022-03-16 22:39:56.944587
U2730,47,salaried,117577,693,medium,Mumbai,2024-12-26 22:39:56.944587
U2731,30,self-employed,101139,630,medium,Delhi,2020-11-13 22:39:56.944587
U2732,63,student,9095,347,high,Delhi,2024-12-06 22:39:56.944587
U2733,38,self-employed,180976,887,low,Kanpur,2024-10-29 22:39:56.944587
U2734,46,salaried,82461,546,high,Mumbai,2020-12-30 22:39:56.944587
U2735,50,student,8565,329,high,Mumbai,2023-03-27 22:39:56.944587
U2736,19,student,7095,318,high,Hyderabad,2024-11-13 22:39:56.944587
U2737,45,salaried,64895,448,high,Bangalore,2022-08-16 22:39:56.944587
U2738,25,student,10189,352,high,Delhi,2022-02-25 22:39:56.944587
U2739,57,salaried,75418,568,high,Delhi,2024-02-09 22:39:56.944587
U2740,53,self-employed,71867,490,high,Hyderabad,2021-09-20 22:39:56.944587
U2741,56,salaried,45648,423,high,Kanpur,2020-10-18 22:39:56.944587
U2742,36,self-employed,171181,802,low,Hyderabad,2022-01-29 22:39:56.944587
U2743,62,student,6947,345,high,Delhi,2022-03-05 22:39:56.944587
U2744,53,salaried,61479,524,high,Bangalore,2022-02-06 22:39:56.944587
U2745,39,student,8967,374,high,Kanpur,2023-08-03 22:39:56.944587
U2746,57,salaried,71570,536,high,Pune,2023-09-11 22:39:56.944587
U2747,39,self-employed,188846,893,low,Mumbai,2025-10-18 22:39:56.944587
U2748,23,salaried,38540,411,high,Delhi,2026-01-21 22:39:56.944587
U2749,64,salaried,99917,549,high,Kanpur,2021-04-07 22:39:56.944587
U2750,24,self-employed,53565,501,high,Delhi,2024-01-05 22:39:56.944587
U2751,61,student,8067,300,high,Delhi,2024-11-07 22:39:56.944587
U2752,34,student,5352,333,high,Hyderabad,2023-03-25 22:39:56.944587
U2753,28,self-employed,77116,509,high,Pune,2022-05-28 22:39:56.944587
U2754,34,salaried,102203,586,high,Mumbai,2023-11-01 22:39:56.944587
U2755,42,salaried,80703,555,high,Bangalore,2020-09-14 22:39:56.944587
U2756,24,salaried,72783,474,high,Pune,2023-05-11 22:39:56.944587
U2757,32,salaried,109187,640,medium,Delhi,2023-10-08 22:39:56.944587
U2758,25,salaried,97358,559,high,Pune,2023-08-29 22:39:56.944587
U2759,38,self-employed,169498,793,low,Delhi,2021-03-06 22:39:56.944587
U2760,30,student,5010,300,high,Mumbai,2021-09-21 22:39:56.944587
U2761,28,student,14721,342,high,Bangalore,2020-11-27 22:39:56.944587
U2762,59,salaried,54752,512,high,Bangalore,2023-01-11 22:39:56.944587
U2763,40,salaried,104850,615,medium,Mumbai,2020-10-07 22:39:56.944587
U2764,46,student,6539,309,high,Delhi,2022-05-01 22:39:56.944587
U2765,57,self-employed,173473,811,low,Mumbai,2020-11-09 22:39:56.944587
U2766,22,self-employed,29557,355,high,Delhi,2023-12-18 22:39:56.944587
U2767,41,self-employed,166673,763,low,Mumbai,2025-06-03 22:39:56.944587
U2768,35,self-employed,100905,608,medium,Bangalore,2024-05-27 22:39:56.944587
U2769,32,salaried,111165,680,medium,Bangalore,2021-02-27 22:39:56.944587
U2770,23,salaried,89978,522,high,Delhi,2025-03-20 22:39:56.944587
U2771,63,self-employed,67727,534,high,Kanpur,2023-02-21 22:39:56.944587
U2772,35,self-employed,113827,603,medium,Bangalore,2024-08-20 22:39:56.944587
U2773,43,self-employed,131731,702,medium,Kanpur,2022-12-19 22:39:56.944587
U2774,34,student,19277,337,high,Pune,2023-04-20 22:39:56.944587
U2775,33,student,9666,323,high,Mumbai,2026-01-06 22:39:56.944587
U2776,23,student,18547,330,high,Kanpur,2023-08-18 22:39:56.944587
U2777,21,self-employed,121282,617,medium,Pune,2020-09-02 22:39:56.944587
U2778,25,salaried,56479,483,high,Delhi,2022-06-15 22:39:56.944587
U2779,25,salaried,44441,425,high,Delhi,2022-02-10 22:39:56.944587
U2780,48,salaried,35069,360,high,Hyderabad,2020-11-28 22:39:56.944587
U2781,27,self-employed,69714,558,high,Pune,2022-01-29 22:39:56.944587
U2782,61,self-employed,53950,424,high,Hyderabad,2022-01-21 22:39:56.944587
U2783,23,student,8777,327,high,Pune,2025-12-31 22:39:56.944587
U2784,25,student,15941,307,high,Mumbai,2021-07-13 22:39:56.945591
U2785,20,salaried,59708,433,high,Pune,2021-12-05 22:39:56.945591
U2786,31,salaried,87034,548,high,Delhi,2021-06-16 22:39:56.945591
U2787,28,student,14663,357,high,Kanpur,2022-11-26 22:39:56.945591
U2788,41,salaried,62311,510,high,Kanpur,2024-03-24 22:39:56.945591
U2789,46,salaried,48565,398,high,Pune,2025-03-18 22:39:56.945591
U2790,36,student,18472,335,high,Kanpur,2024-08-16 22:39:56.945591
U2791,61,salaried,103351,626,medium,Hyderabad,2024-02-18 22:39:56.945591
U2792,36,student,5974,319,high,Bangalore,2023-04-23 22:39:56.945591
U2793,35,self-employed,164062,744,medium,Kanpur,2022-10-28 22:39:56.945591
U2794,47,salaried,93250,568,high,Bangalore,2021-01-21 22:39:56.945591
U2795,61,salaried,55817,479,high,Pune,2024-01-09 22:39:56.945591
U2796,18,self-employed,63981,513,high,Pune,2025-01-30 22:39:56.945591
U2797,41,salaried,64919,531,high,Pune,2023-09-21 22:39:56.945591
U2798,63,salaried,61939,469,high,Bangalore,2022-01-21 22:39:56.945591
U2799,56,student,13052,334,high,Mumbai,2024-03-27 22:39:56.945591
U2800,53,self-employed,45374,430,high,Mumbai,2025-06-12 22:39:56.945591
U2801,50,self-employed,29379,346,high,Delhi,2023-05-28 22:39:56.945591
U2802,51,self-employed,34145,370,high,Mumbai,2024-10-18 22:39:56.945591
U2803,46,student,16451,327,high,Mumbai,2025-02-13 22:39:56.945591
U2804,33,student,6163,332,high,Bangalore,2024-04-29 22:39:56.945591
U2805,55,student,16486,356,high,Kanpur,2020-09-10 22:39:56.945591
U2806,27,student,7722,358,high,Bangalore,2024-06-11 22:39:56.945591
U2807,58,student,18781,317,high,Delhi,2025-04-29 22:39:56.945591
U2808,59,self-employed,146782,774,low,Pune,2025-01-18 22:39:56.945591
U2809,47,student,6476,301,high,Hyderabad,2021-08-20 22:39:56.945591
U2810,50,student,11603,332,high,Bangalore,2025-01-22 22:39:56.945591
U2811,44,salaried,90806,619,medium,Kanpur,2024-12-08 22:39:56.945591
U2812,46,student,9295,306,high,Kanpur,2023-03-11 22:39:56.945591
U2813,65,student,5667,365,high,Bangalore,2022-04-19 22:39:56.945591
U2814,40,student,12763,353,high,Mumbai,2024-10-10 22:39:56.945591
U2815,41,student,9273,360,high,Bangalore,2025-11-07 22:39:56.945591
U2816,26,student,17923,376,high,Kanpur,2020-11-03 22:39:56.945591
U2817,65,salaried,90752,619,medium,Pune,2023-01-30 22:39:56.945591
U2818,20,self-employed,175960,797,low,Bangalore,2022-12-07 22:39:56.945591
U2819,38,self-employed,183320,819,low,Pune,2023-06-12 22:39:56.945591
U2820,47,student,14686,310,high,Mumbai,2021-01-28 22:39:56.945591
U2821,62,salaried,43892,385,high,Delhi,2023-05-22 22:39:56.945591
U2822,29,self-employed,118024,628,medium,Delhi,2022-12-22 22:39:56.945591
U2823,58,student,19069,310,high,Mumbai,2023-11-07 22:39:56.945591
U2824,35,self-employed,181846,871,low,Delhi,2022-05-16 22:39:56.945591
U2825,32,self-employed,55233,482,high,Mumbai,2023-09-09 22:39:56.945591
U2826,62,salaried,28288,354,high,Bangalore,2022-11-28 22:39:56.945591
U2827,32,student,10392,300,high,Pune,2022-10-10 22:39:56.945591
U2828,44,salaried,75098,561,high,Kanpur,2025-06-30 22:39:56.945591
U2829,31,self-employed,28171,336,high,Bangalore,2022-04-23 22:39:56.945591
U2830,23,student,16069,336,high,Kanpur,2024-05-12 22:39:56.945591
U2831,47,salaried,55193,417,high,Delhi,2024-04-01 22:39:56.945591
U2832,25,self-employed,76024,494,high,Hyderabad,2021-07-24 22:39:56.945591
U2833,55,student,11851,333,high,Bangalore,2024-05-25 22:39:56.945591
U2834,49,student,12077,338,high,Hyderabad,2023-12-26 22:39:56.945591
U2835,34,student,15683,305,high,Kanpur,2022-09-14 22:39:56.945591
U2836,51,self-employed,177223,793,low,Pune,2020-10-16 22:39:56.945591
U2837,45,self-employed,72551,551,high,Pune,2024-08-04 22:39:56.945591
U2838,50,salaried,44935,400,high,Hyderabad,2021-11-06 22:39:56.945591
U2839,40,self-employed,133260,746,medium,Pune,2022-05-18 22:39:56.945591
U2840,53,salaried,71335,495,high,Kanpur,2024-07-13 22:39:56.945591
U2841,59,student,16539,390,high,Mumbai,2021-07-10 22:39:56.945591
U2842,56,student,8330,300,high,Mumbai,2022-06-19 22:39:56.945591
U2843,33,self-employed,185817,843,low,Bangalore,2023-09-07 22:39:56.945591
U2844,53,self-employed,182244,884,low,Mumbai,2024-10-27 22:39:56.945591
U2845,64,student,14055,300,high,Pune,2023-05-31 22:39:56.945591
U2846,47,student,15899,391,high,Pune,2021-09-14 22:39:56.945591
U2847,40,salaried,56408,422,high,Bangalore,2025-09-21 22:39:56.945591
U2848,24,salaried,101431,582,high,Bangalore,2022-12-31 22:39:56.945591
U2849,31,salaried,25815,413,high,Delhi,2025-12-19 22:39:56.945591
U2850,48,salaried,88063,606,medium,Hyderabad,2023-11-06 22:39:56.945591
U2851,37,self-employed,171011,830,low,Kanpur,2022-04-10 22:39:56.945591
U2852,64,self-employed,167412,766,low,Hyderabad,2024-02-17 22:39:56.945591
U2853,45,student,12366,300,high,Hyderabad,2024-03-06 22:39:56.945591
U2854,23,salaried,29871,397,high,Kanpur,2025-08-13 22:39:56.945591
U2855,43,student,7687,300,high,Pune,2022-11-12 22:39:56.946735
U2856,35,salaried,50250,487,high,Mumbai,2020-12-18 22:39:56.946735
U2857,42,salaried,94998,563,high,Mumbai,2021-06-19 22:39:56.946735
U2858,47,salaried,113118,688,medium,Hyderabad,2022-08-28 22:39:56.946735
U2859,63,student,18888,397,high,Delhi,2021-11-01 22:39:56.946735
U2860,54,student,14749,302,high,Mumbai,2025-02-23 22:39:56.946735
U2861,19,student,14503,300,high,Bangalore,2025-09-17 22:39:56.946735
U2862,55,self-employed,159547,731,medium,Bangalore,2024-12-22 22:39:56.946735
U2863,39,self-employed,62007,506,high,Pune,2020-10-26 22:39:56.946735
U2864,51,salaried,103473,583,high,Bangalore,2022-12-24 22:39:56.946735
U2865,43,salaried,41571,442,high,Bangalore,2023-10-07 22:39:56.946735
U2866,53,salaried,106607,639,medium,Bangalore,2023-01-25 22:39:56.946735
U2867,65,student,12975,300,high,Pune,2025-08-15 22:39:56.946735
U2868,29,salaried,110537,644,medium,Bangalore,2025-11-30 22:39:56.946735
U2869,52,salaried,116359,652,medium,Kanpur,2023-05-20 22:39:56.946735
U2870,28,student,7822,309,high,Mumbai,2020-10-17 22:39:56.946735
U2871,22,salaried,67216,464,high,Bangalore,2024-07-03 22:39:56.946735
U2872,58,salaried,107287,582,high,Mumbai,2025-04-03 22:39:56.946735
U2873,19,self-employed,41553,412,high,Hyderabad,2025-01-13 22:39:56.946735
U2874,46,student,9558,300,high,Hyderabad,2021-08-04 22:39:56.946735
U2875,46,self-employed,159494,766,low,Hyderabad,2025-05-01 22:39:56.946735
U2876,18,self-employed,89964,617,medium,Kanpur,2024-06-20 22:39:56.946735
U2877,59,student,19224,399,high,Mumbai,2023-04-16 22:39:56.946735
U2878,32,self-employed,162741,762,low,Hyderabad,2021-05-08 22:39:56.946735
U2879,28,self-employed,148285,793,low,Delhi,2021-10-21 22:39:56.946735
U2880,21,student,16501,359,high,Delhi,2023-06-03 22:39:56.946735
U2881,63,salaried,54411,488,high,Kanpur,2024-08-29 22:39:56.946735
U2882,42,self-employed,195243,882,low,Bangalore,2023-05-05 22:39:56.946735
U2883,39,student,18834,320,high,Bangalore,2020-11-05 22:39:56.946735
U2884,45,self-employed,199118,861,low,Kanpur,2022-01-28 22:39:56.946735
U2885,55,salaried,38550,393,high,Delhi,2024-12-30 22:39:56.946735
U2886,42,salaried,71660,517,high,Bangalore,2025-04-15 22:39:56.946735
U2887,23,salaried,93483,601,medium,Kanpur,2020-09-02 22:39:56.946735
U2888,21,salaried,62718,453,high,Bangalore,2024-02-07 22:39:56.946735
U2889,62,student,6572,338,high,Hyderabad,2025-06-13 22:39:56.946735
U2890,40,salaried,51283,449,high,Bangalore,2023-10-11 22:39:56.946735
U2891,42,salaried,71575,501,high,Hyderabad,2021-06-01 22:39:56.946735
U2892,49,self-employed,156675,820,low,Delhi,2021-02-11 22:39:56.946735
U2893,48,self-employed,154397,794,low,Hyderabad,2021-11-27 22:39:56.946735
U2894,63,student,13898,357,high,Mumbai,2024-03-19 22:39:56.946735
U2895,40,salaried,58129,483,high,Kanpur,2023-01-26 22:39:56.946735
U2896,49,student,6776,320,high,Bangalore,2021-04-15 22:39:56.946735
U2897,31,self-employed,33828,451,high,Kanpur,2021-02-05 22:39:56.946735
U2898,64,self-employed,158784,742,medium,Pune,2023-07-15 22:39:56.946735
U2899,31,student,6548,326,high,Hyderabad,2026-01-16 22:39:56.946735
U2900,34,self-employed,173731,868,low,Pune,2024-02-23 22:39:56.946735
U2901,47,self-employed,140421,687,medium,Delhi,2023-01-23 22:39:56.946735
U2902,56,salaried,47555,456,high,Pune,2023-05-15 22:39:56.946735
U2903,23,salaried,88286,574,high,Mumbai,2020-09-20 22:39:56.946735
U2904,19,student,15177,329,high,Mumbai,2024-10-30 22:39:56.946735
U2905,19,salaried,97130,593,high,Mumbai,2021-11-25 22:39:56.946735
U2906,56,student,17925,386,high,Bangalore,2022-06-19 22:39:56.946735
U2907,40,salaried,91259,622,medium,Kanpur,2024-10-09 22:39:56.947686
U2908,29,salaried,37108,418,high,Delhi,2024-03-30 22:39:56.947686
U2909,63,self-employed,142472,766,low,Bangalore,2022-03-22 22:39:56.947686
U2910,41,salaried,103916,622,medium,Kanpur,2022-08-01 22:39:56.947686
U2911,65,salaried,81654,524,high,Kanpur,2023-01-28 22:39:56.947686
U2912,24,student,5309,300,high,Pune,2022-08-05 22:39:56.947686
U2913,20,self-employed,82855,565,high,Kanpur,2023-09-03 22:39:56.947686
U2914,31,self-employed,133008,699,medium,Bangalore,2024-02-01 22:39:56.947686
U2915,62,student,6991,355,high,Delhi,2022-10-20 22:39:56.947686
U2916,40,student,16931,346,high,Delhi,2021-06-13 22:39:56.947686
U2917,31,student,14048,311,high,Bangalore,2022-10-20 22:39:56.947686
U2918,21,salaried,84889,555,high,Pune,2023-01-12 22:39:56.947686
U2919,57,student,14386,373,high,Bangalore,2023-08-04 22:39:56.947686
U2920,38,student,8376,370,high,Mumbai,2024-07-10 22:39:56.947686
U2921,58,self-employed,157100,803,low,Pune,2021-05-01 22:39:56.947686
U2922,58,self-employed,65777,477,high,Kanpur,2025-10-10 22:39:56.947686
U2923,41,self-employed,114939,654,medium,Bangalore,2023-01-09 22:39:56.947686
U2924,53,salaried,106267,579,high,Bangalore,2024-10-08 22:39:56.947686
U2925,39,salaried,38830,396,high,Hyderabad,2024-07-22 22:39:56.947686
U2926,38,salaried,85930,531,high,Pune,2021-07-29 22:39:56.947686
U2927,43,salaried,29092,394,high,Hyderabad,2021-04-10 22:39:56.947686
U2928,53,student,5987,320,high,Pune,2022-04-18 22:39:56.947686
U2929,38,student,19110,311,high,Pune,2024-01-16 22:39:56.947686
U2930,35,self-employed,47980,410,high,Hyderabad,2025-09-23 22:39:56.947686
U2931,57,salaried,119451,655,medium,Hyderabad,2023-04-24 22:39:56.947686
U2932,32,salaried,78662,535,high,Hyderabad,2024-09-13 22:39:56.947686
U2933,45,student,16510,339,high,Mumbai,2024-07-12 22:39:56.947686
U2934,58,self-employed,37569,400,high,Delhi,2025-09-22 22:39:56.947686
U2935,50,student,14770,330,high,Mumbai,2025-06-11 22:39:56.947686
U2936,60,salaried,62028,458,high,Kanpur,2024-06-02 22:39:56.947686
U2937,61,student,18885,382,high,Hyderabad,2023-12-21 22:39:56.947686
U2938,34,student,5436,300,high,Kanpur,2025-12-27 22:39:56.947686
U2939,43,student,11933,311,high,Kanpur,2022-12-21 22:39:56.947686
U2940,55,student,8519,306,high,Mumbai,2021-05-25 22:39:56.947686
U2941,46,student,12014,356,high,Mumbai,2022-08-07 22:39:56.947686
U2942,25,student,15856,323,high,Mumbai,2024-02-23 22:39:56.947686
U2943,32,self-employed,58466,432,high,Pune,2021-03-28 22:39:56.947686
U2944,61,self-employed,62759,504,high,Hyderabad,2024-11-13 22:39:56.947686
U2945,43,salaried,55558,429,high,Delhi,2024-01-21 22:39:56.947686
U2946,55,student,6389,336,high,Mumbai,2022-06-01 22:39:56.947686
U2947,56,salaried,41035,386,high,Delhi,2020-10-14 22:39:56.947686
U2948,21,student,9155,322,high,Hyderabad,2022-01-17 22:39:56.947686
U2949,49,self-employed,186085,872,low,Hyderabad,2022-04-05 22:39:56.947686
U2950,56,student,13889,380,high,Bangalore,2025-10-31 22:39:56.947686
U2951,59,self-employed,157363,722,medium,Hyderabad,2025-09-26 22:39:56.947686
U2952,22,self-employed,166518,801,low,Bangalore,2023-02-08 22:39:56.947686
U2953,51,salaried,69181,525,high,Delhi,2021-03-24 22:39:56.947686
U2954,38,salaried,117049,691,medium,Pune,2024-11-08 22:39:56.947686
U2955,65,self-employed,140716,759,low,Mumbai,2022-09-11 22:39:56.947686
U2956,39,salaried,97670,628,medium,Mumbai,2023-11-20 22:39:56.947686
U2957,54,student,19172,349,high,Hyderabad,2021-02-11 22:39:56.947686
U2958,27,self-employed,40759,456,high,Delhi,2022-08-18 22:39:56.947686
U2959,53,salaried,72369,562,high,Delhi,2025-06-04 22:39:56.947686
U2960,44,student,17345,348,high,Bangalore,2024-04-16 22:39:56.947686
U2961,55,salaried,92699,574,high,Kanpur,2021-04-13 22:39:56.947686
U2962,21,student,12245,300,high,Mumbai,2025-03-06 22:39:56.947686
U2963,56,self-employed,21004,369,high,Pune,2021-01-18 22:39:56.947686
U2964,36,salaried,118773,610,medium,Delhi,2024-09-21 22:39:56.947686
U2965,31,self-employed,90357,530,high,Mumbai,2022-02-02 22:39:56.947686
U2966,29,salaried,82030,517,high,Bangalore,2024-01-21 22:39:56.947686
U2967,31,salaried,48297,414,high,Mumbai,2021-10-18 22:39:56.947686
U2968,26,self-employed,172939,781,low,Hyderabad,2020-12-10 22:39:56.947686
U2969,46,student,13688,378,high,Pune,2025-02-02 22:39:56.947686
U2970,19,salaried,117538,621,medium,Delhi,2024-10-07 22:39:56.947686
U2971,55,self-employed,20589,343,high,Mumbai,2021-12-29 22:39:56.947686
U2972,57,self-employed,187561,846,low,Bangalore,2021-09-18 22:39:56.947686
U2973,56,salaried,50884,435,high,Mumbai,2023-12-05 22:39:56.947686
U2974,27,student,5213,303,high,Kanpur,2024-07-05 22:39:56.947686
U2975,33,self-employed,65651,494,high,Pune,2022-07-22 22:39:56.948903
U2976,39,student,10011,347,high,Mumbai,2022-07-20 22:39:56.948903
U2977,55,self-employed,153511,767,low,Bangalore,2025-09-07 22:39:56.948903
U2978,38,student,5494,346,high,Hyderabad,2021-09-13 22:39:56.948903
U2979,20,self-employed,126849,701,medium,Kanpur,2021-07-04 22:39:56.948903
U2980,26,self-employed,32598,426,high,Hyderabad,2024-10-14 22:39:56.948903
U2981,61,salaried,105972,621,medium,Delhi,2025-02-16 22:39:56.948903
U2982,21,salaried,106229,652,medium,Mumbai,2022-06-24 22:39:56.948903
U2983,32,self-employed,152008,781,low,Bangalore,2024-03-30 22:39:56.948903
U2984,47,student,6170,363,high,Mumbai,2025-12-25 22:39:56.948903
U2985,36,self-employed,197719,900,low,Hyderabad,2025-04-11 22:39:56.948903
U2986,57,salaried,111344,678,medium,Bangalore,2025-03-26 22:39:56.948903
U2987,43,student,8774,347,high,Hyderabad,2023-04-06 22:39:56.948903
U2988,65,self-employed,170203,789,low,Delhi,2025-12-03 22:39:56.948903
U2989,59,salaried,75262,551,high,Mumbai,2021-09-28 22:39:56.948903
U2990,54,self-employed,91294,607,medium,Delhi,2025-01-04 22:39:56.948903
U2991,41,salaried,40473,459,high,Bangalore,2025-05-24 22:39:56.948903
U2992,51,salaried,105399,616,medium,Delhi,2020-09-09 22:39:56.948903
U2993,27,self-employed,184162,848,low,Hyderabad,2021-02-26 22:39:56.949419
U2994,49,self-employed,52470,458,high,Kanpur,2024-11-25 22:39:56.949419
U2995,49,student,13650,339,high,Kanpur,2022-02-20 22:39:56.949419
U2996,41,self-employed,69774,479,high,Bangalore,2024-11-02 22:39:56.949419
U2997,62,salaried,56674,477,high,Delhi,2021-06-09 22:39:56.949419
U2998,22,salaried,51763,433,high,Pune,2024-08-15 22:39:56.949419
U2999,64,self-employed,21557,407,high,Hyderabad,2022-08-26 22:39:56.949419
U3000,29,salaried,34608,353,high,Hyderabad,2021-09-04 22:39:56.949419
U3001,38,self-employed,171172,785,low,Pune,2022-05-28 22:39:56.949419
U3002,49,self-employed,33134,411,high,Pune,2025-08-02 22:39:56.949419
U3003,29,self-employed,94278,570,high,Delhi,2025-11-06 22:39:56.949419
U3004,55,salaried,72672,500,high,Bangalore,2022-11-17 22:39:56.949419
U3005,21,self-employed,38313,425,high,Delhi,2020-12-06 22:39:56.949419
U3006,26,student,11867,300,high,Delhi,2025-03-19 22:39:56.949419
U3007,21,student,17534,395,high,Hyderabad,2021-06-29 22:39:56.949419
U3008,28,self-employed,24649,409,high,Mumbai,2021-06-22 22:39:56.949419
U3009,36,self-employed,159841,766,low,Delhi,2020-10-03 22:39:56.949419
U3010,46,salaried,108459,651,medium,Delhi,2025-10-07 22:39:56.949419
U3011,38,salaried,102264,559,high,Delhi,2021-06-25 22:39:56.949419
U3012,30,salaried,34252,379,high,Kanpur,2025-04-21 22:39:56.949419
U3013,21,salaried,29334,382,high,Pune,2021-10-21 22:39:56.949419
U3014,45,salaried,29583,395,high,Hyderabad,2024-02-28 22:39:56.949419
U3015,49,student,16475,387,high,Bangalore,2023-09-06 22:39:56.949419
U3016,18,student,15736,332,high,Bangalore,2025-01-04 22:39:56.949419
U3017,58,salaried,72916,547,high,Kanpur,2023-06-16 22:39:56.949419
U3018,65,salaried,93199,565,high,Kanpur,2024-11-30 22:39:56.949419
U3019,25,salaried,52021,478,high,Mumbai,2023-06-02 22:39:56.949419
U3020,57,self-employed,180857,798,low,Delhi,2021-05-03 22:39:56.949419
U3021,35,self-employed,191083,837,low,Kanpur,2024-01-10 22:39:56.949419
U3022,65,salaried,112235,670,medium,Delhi,2021-03-30 22:39:56.949419
U3023,23,student,15030,305,high,Hyderabad,2022-12-31 22:39:56.949419
U3024,39,salaried,113762,603,medium,Delhi,2024-10-12 22:39:56.949419
U3025,30,student,16069,335,high,Bangalore,2023-07-20 22:39:56.949419
U3026,18,self-employed,144725,739,medium,Bangalore,2025-05-23 22:39:56.949419
U3027,36,salaried,90226,612,medium,Pune,2024-05-18 22:39:56.949419
U3028,23,student,17668,327,high,Kanpur,2021-12-07 22:39:56.949419
U3029,27,student,11571,373,high,Mumbai,2021-08-15 22:39:56.949419
U3030,54,student,13535,326,high,Bangalore,2021-09-27 22:39:56.949419
U3031,32,student,15302,381,high,Mumbai,2022-12-12 22:39:56.949419
U3032,42,self-employed,176604,858,low,Mumbai,2023-01-28 22:39:56.949419
U3033,45,self-employed,22250,349,high,Hyderabad,2022-11-19 22:39:56.949419
U3034,61,self-employed,103754,657,medium,Bangalore,2026-01-02 22:39:56.949419
U3035,34,student,5641,300,high,Kanpur,2023-02-13 22:39:56.949419
U3036,37,student,12975,379,high,Mumbai,2020-10-20 22:39:56.949419
U3037,53,salaried,118318,641,medium,Delhi,2023-04-10 22:39:56.949419
U3038,24,student,10263,306,high,Bangalore,2023-05-31 22:39:56.949419
U3039,35,student,15703,388,high,Hyderabad,2022-02-14 22:39:56.949419
U3040,32,salaried,54046,472,high,Hyderabad,2021-11-15 22:39:56.949419
U3041,39,student,17030,354,high,Hyderabad,2025-11-14 22:39:56.949419
U3042,32,salaried,85788,555,high,Hyderabad,2025-08-02 22:39:56.949419
U3043,28,self-employed,175850,831,low,Delhi,2024-08-14 22:39:56.949419
U3044,18,self-employed,31066,377,high,Mumbai,2021-12-10 22:39:56.949419
U3045,18,salaried,29194,384,high,Hyderabad,2021-11-14 22:39:56.949419
U3046,53,self-employed,20896,384,high,Hyderabad,2023-10-04 22:39:56.949419
U3047,51,self-employed,140962,707,medium,Mumbai,2021-05-24 22:39:56.949419
U3048,51,student,16897,346,high,Kanpur,2024-12-11 22:39:56.949419
U3049,54,salaried,42082,395,high,Delhi,2024-03-18 22:39:56.949419
U3050,60,student,11138,309,high,Hyderabad,2024-12-03 22:39:56.949419
U3051,57,salaried,87813,584,high,Delhi,2025-07-04 22:39:56.949419
U3052,58,student,17365,387,high,Bangalore,2026-01-02 22:39:56.949419
U3053,56,self-employed,33972,355,high,Pune,2025-07-03 22:39:56.949419
U3054,43,student,8061,320,high,Mumbai,2020-11-12 22:39:56.949419
U3055,39,salaried,27546,344,high,Delhi,2024-03-01 22:39:56.949419
U3056,31,student,13531,302,high,Mumbai,2022-02-17 22:39:56.949419
U3057,29,salaried,71614,496,high,Delhi,2023-10-08 22:39:56.949419
U3058,60,student,14466,333,high,Bangalore,2024-11-08 22:39:56.949419
U3059,44,salaried,55053,505,high,Delhi,2024-12-25 22:39:56.949419
U3060,52,self-employed,180348,810,low,Pune,2023-09-11 22:39:56.949419
U3061,30,self-employed,21326,392,high,Delhi,2025-09-24 22:39:56.949419
U3062,42,student,5707,300,high,Pune,2021-09-12 22:39:56.949419
U3063,34,student,15354,366,high,Bangalore,2020-12-02 22:39:56.949419
U3064,40,salaried,84319,514,high,Kanpur,2025-03-09 22:39:56.949419
U3065,37,self-employed,191757,850,low,Delhi,2020-11-07 22:39:56.949419
U3066,58,self-employed,55826,488,high,Pune,2020-11-16 22:39:56.949419
U3067,53,student,14922,368,high,Kanpur,2024-07-01 22:39:56.949419
U3068,55,salaried,99372,551,high,Bangalore,2024-09-01 22:39:56.949419
U3069,25,salaried,64223,459,high,Bangalore,2026-01-13 22:39:56.949419
U3070,24,student,6045,300,high,Mumbai,2024-04-29 22:39:56.949419
U3071,42,salaried,64419,493,high,Delhi,2023-09-04 22:39:56.949419
U3072,43,self-employed,184572,830,low,Delhi,2022-06-02 22:39:56.949419
U3073,55,student,13506,320,high,Bangalore,2021-04-12 22:39:56.949419
U3074,27,student,12102,363,high,Pune,2021-03-03 22:39:56.949419
U3075,50,student,11367,300,high,Pune,2023-11-22 22:39:56.949419
U3076,18,salaried,111932,624,medium,Delhi,2023-10-03 22:39:56.949419
U3077,61,student,16192,373,high,Pune,2022-05-16 22:39:56.949419
U3078,43,student,11275,300,high,Mumbai,2024-12-03 22:39:56.949419
U3079,64,self-employed,154220,778,low,Bangalore,2022-01-03 22:39:56.949419
U3080,55,student,16596,316,high,Hyderabad,2026-01-12 22:39:56.949419
U3081,55,student,16447,395,high,Bangalore,2024-05-29 22:39:56.949419
U3082,29,self-employed,105071,598,high,Kanpur,2024-11-05 22:39:56.949419
U3083,41,self-employed,190379,900,low,Pune,2025-10-17 22:39:56.949419
U3084,21,student,11346,377,high,Hyderabad,2024-02-09 22:39:56.949419
U3085,26,salaried,113907,595,high,Pune,2021-01-04 22:39:56.949419
U3086,58,salaried,39739,443,high,Pune,2022-05-01 22:39:56.949419
U3087,18,student,19909,392,high,Bangalore,2024-07-28 22:39:56.949419
U3088,57,self-employed,56770,438,high,Bangalore,2021-12-18 22:39:56.950914
U3089,21,self-employed,84728,598,high,Delhi,2022-04-25 22:39:56.950914
U3090,25,self-employed,148725,754,low,Pune,2022-02-13 22:39:56.950914
U3091,34,salaried,33999,354,high,Kanpur,2022-05-07 22:39:56.950914
U3092,34,self-employed,95567,558,high,Mumbai,2022-05-01 22:39:56.950914
U3093,54,self-employed,91437,599,high,Pune,2021-02-21 22:39:56.950914
U3094,28,self-employed,122587,710,medium,Mumbai,2020-12-02 22:39:56.950914
U3095,18,salaried,91941,582,high,Pune,2022-06-30 22:39:56.950914
U3096,47,self-employed,76981,510,high,Kanpur,2022-07-11 22:39:56.950914
U3097,53,student,17548,340,high,Hyderabad,2023-12-11 22:39:56.950914
U3098,57,self-employed,113208,599,high,Bangalore,2021-12-27 22:39:56.950914
U3099,44,salaried,80097,523,high,Delhi,2024-05-18 22:39:56.950914
U3100,31,student,11446,380,high,Hyderabad,2025-10-15 22:39:56.950914
U3101,43,self-employed,122518,641,medium,Hyderabad,2020-12-19 22:39:56.950914
U3102,48,self-employed,173656,813,low,Kanpur,2022-01-22 22:39:56.950914
U3103,23,salaried,30154,404,high,Bangalore,2022-03-16 22:39:56.950914
U3104,36,salaried,116741,671,medium,Mumbai,2022-10-24 22:39:56.950914
U3105,37,self-employed,28747,394,high,Hyderabad,2022-01-14 22:39:56.950914
U3106,30,salaried,45594,463,high,Pune,2023-03-29 22:39:56.950914
U3107,33,salaried,64764,522,high,Pune,2025-01-17 22:39:56.950914
U3108,21,salaried,115969,645,medium,Delhi,2025-08-20 22:39:56.950914
U3109,31,student,9124,344,high,Mumbai,2022-02-23 22:39:56.950914
U3110,36,self-employed,36366,437,high,Mumbai,2025-06-09 22:39:56.950914
U3111,49,self-employed,191089,900,low,Mumbai,2023-01-16 22:39:56.950914
U3112,58,student,12992,300,high,Bangalore,2023-10-11 22:39:56.950914
U3113,30,self-employed,77924,555,high,Delhi,2025-05-07 22:39:56.950914
U3114,57,salaried,59159,488,high,Bangalore,2021-05-10 22:39:56.950914
U3115,52,salaried,51740,466,high,Mumbai,2021-12-17 22:39:56.950914
U3116,35,self-employed,64503,456,high,Delhi,2025-03-07 22:39:56.950914
U3117,25,salaried,75657,535,high,Kanpur,2025-04-26 22:39:56.950914
U3118,32,salaried,40181,418,high,Hyderabad,2024-08-14 22:39:56.950914
U3119,60,student,13771,371,high,Mumbai,2024-11-24 22:39:56.950914
U3120,21,self-employed,138000,705,medium,Mumbai,2022-04-23 22:39:56.950914
U3121,62,self-employed,147927,781,low,Bangalore,2023-07-28 22:39:56.950914
U3122,33,salaried,83801,521,high,Mumbai,2024-09-20 22:39:56.950914
U3123,63,self-employed,168319,780,low,Kanpur,2023-11-29 22:39:56.950914
U3124,22,student,17792,348,high,Pune,2021-07-04 22:39:56.950914
U3125,58,salaried,34953,436,high,Pune,2023-02-26 22:39:56.950914
U3126,46,student,5490,300,high,Delhi,2025-03-12 22:39:56.950914
U3127,47,student,10013,301,high,Mumbai,2022-10-02 22:39:56.950914
U3128,53,student,18451,349,high,Kanpur,2022-12-09 22:39:56.950914
U3129,62,salaried,26364,354,high,Kanpur,2021-02-28 22:39:56.950914
U3130,48,student,8484,314,high,Kanpur,2022-02-17 22:39:56.950914
U3131,54,salaried,33871,447,high,Kanpur,2023-10-01 22:39:56.950914
U3132,30,self-employed,143094,713,medium,Bangalore,2020-11-16 22:39:56.950914
U3133,63,salaried,109225,578,high,Delhi,2022-12-04 22:39:56.950914
U3134,46,student,8503,358,high,Delhi,2021-02-15 22:39:56.950914
U3135,19,self-employed,197068,864,low,Hyderabad,2020-09-17 22:39:56.950914
U3136,49,self-employed,187421,879,low,Delhi,2022-03-19 22:39:56.950914
U3137,49,self-employed,117954,674,medium,Hyderabad,2024-01-13 22:39:56.950914
U3138,47,salaried,79877,589,high,Bangalore,2025-11-17 22:39:56.950914
U3139,55,self-employed,152137,723,medium,Bangalore,2023-01-16 22:39:56.950914
U3140,46,student,12782,318,high,Delhi,2024-12-01 22:39:56.950914
U3141,42,self-employed,97573,579,high,Pune,2025-08-06 22:39:56.950914
U3142,44,self-employed,182574,888,low,Delhi,2025-01-24 22:39:56.950914
U3143,29,student,12109,319,high,Bangalore,2025-05-11 22:39:56.950914
U3144,45,salaried,80174,527,high,Pune,2025-04-20 22:39:56.950914
U3145,33,salaried,64238,536,high,Kanpur,2024-07-23 22:39:56.950914
U3146,60,student,9965,367,high,Kanpur,2023-10-31 22:39:56.950914
U3147,20,self-employed,117198,655,medium,Mumbai,2025-06-24 22:39:56.950914
U3148,47,salaried,99626,624,medium,Hyderabad,2024-09-25 22:39:56.950914
U3149,43,student,16589,309,high,Bangalore,2025-03-30 22:39:56.950914
U3150,42,student,19656,398,high,Delhi,2022-06-15 22:39:56.950914
U3151,56,student,15414,314,high,Mumbai,2025-04-07 22:39:56.950914
U3152,31,self-employed,70448,489,high,Pune,2025-11-02 22:39:56.950914
U3153,44,student,18943,355,high,Mumbai,2024-11-05 22:39:56.950914
U3154,46,self-employed,72063,473,high,Mumbai,2025-06-19 22:39:56.950914
U3155,61,self-employed,123568,668,medium,Delhi,2023-08-27 22:39:56.950914
U3156,25,salaried,117115,620,medium,Bangalore,2024-05-19 22:39:56.950914
U3157,20,salaried,36412,422,high,Pune,2023-04-15 22:39:56.950914
U3158,30,student,19443,360,high,Pune,2025-12-11 22:39:56.950914
U3159,26,self-employed,72223,500,high,Delhi,2023-07-24 22:39:56.950914
U3160,46,student,8443,316,high,Bangalore,2025-03-11 22:39:56.950914
U3161,48,salaried,70051,521,high,Delhi,2025-03-20 22:39:56.950914
U3162,63,salaried,71432,539,high,Mumbai,2022-03-21 22:39:56.950914
U3163,32,student,12548,382,high,Delhi,2021-01-14 22:39:56.950914
U3164,36,salaried,97999,577,high,Mumbai,2021-05-08 22:39:56.950914
U3165,38,self-employed,21496,395,high,Mumbai,2024-10-12 22:39:56.950914
U3166,65,self-employed,103804,574,high,Pune,2022-02-23 22:39:56.950914
U3167,43,student,16562,357,high,Bangalore,2022-11-30 22:39:56.950914
U3168,31,student,10983,300,high,Bangalore,2022-09-13 22:39:56.950914
U3169,26,self-employed,61187,436,high,Hyderabad,2022-05-24 22:39:56.950914
U3170,29,student,18903,400,high,Delhi,2022-12-12 22:39:56.952132
U3171,25,self-employed,48609,453,high,Mumbai,2025-01-30 22:39:56.952132
U3172,47,self-employed,51130,466,high,Pune,2024-10-16 22:39:56.952132
U3173,64,self-employed,143163,683,medium,Pune,2023-09-07 22:39:56.952132
U3174,49,self-employed,65674,526,high,Mumbai,2025-10-10 22:39:56.952132
U3175,50,self-employed,79094,549,high,Delhi,2021-09-09 22:39:56.952132
U3176,20,student,12028,303,high,Pune,2025-03-14 22:39:56.952132
U3177,62,salaried,115570,685,medium,Mumbai,2025-06-01 22:39:56.952132
U3178,52,salaried,108455,655,medium,Pune,2021-07-30 22:39:56.952132
U3179,20,student,16692,391,high,Bangalore,2023-05-26 22:39:56.952132
U3180,24,student,10315,300,high,Delhi,2021-05-25 22:39:56.952132
U3181,22,salaried,116251,623,medium,Kanpur,2024-02-19 22:39:56.952132
U3182,55,self-employed,137838,751,low,Kanpur,2024-12-08 22:39:56.952132
U3183,30,salaried,48859,472,high,Bangalore,2020-11-08 22:39:56.952132
U3184,62,self-employed,54312,451,high,Pune,2021-06-21 22:39:56.952132
U3185,33,self-employed,70015,461,high,Pune,2021-10-30 22:39:56.952132
U3186,29,salaried,70687,557,high,Kanpur,2025-06-07 22:39:56.952132
U3187,19,salaried,101106,622,medium,Pune,2025-05-05 22:39:56.952132
U3188,21,salaried,115733,617,medium,Bangalore,2022-12-06 22:39:56.952132
U3189,44,student,15189,301,high,Pune,2023-06-24 22:39:56.952132
U3190,65,salaried,115101,638,medium,Pune,2025-09-06 22:39:56.952132
U3191,33,student,11547,319,high,Delhi,2025-04-30 22:39:56.952132
U3192,62,self-employed,30420,390,high,Mumbai,2020-12-19 22:39:56.952132
U3193,65,student,14141,318,high,Kanpur,2025-01-14 22:39:56.952132
U3194,21,salaried,39985,452,high,Pune,2022-01-28 22:39:56.952132
U3195,59,self-employed,191831,877,low,Hyderabad,2024-09-08 22:39:56.952132
U3196,37,student,10724,358,high,Mumbai,2021-11-01 22:39:56.952132
U3197,18,self-employed,95051,613,medium,Hyderabad,2022-05-20 22:39:56.952132
U3198,44,student,11972,300,high,Pune,2022-11-16 22:39:56.952132
U3199,24,student,11117,315,high,Mumbai,2023-08-23 22:39:56.952132
U3200,49,self-employed,43582,389,high,Kanpur,2022-09-03 22:39:56.952132
U3201,65,self-employed,44608,424,high,Hyderabad,2024-04-18 22:39:56.952132
U3202,48,self-employed,47683,434,high,Delhi,2021-10-26 22:39:56.952132
U3203,58,self-employed,48585,470,high,Bangalore,2022-11-07 22:39:56.952132
U3204,51,salaried,92024,541,high,Hyderabad,2023-09-13 22:39:56.952132
U3205,56,salaried,93412,617,medium,Delhi,2023-02-26 22:39:56.952132
U3206,41,self-employed,31079,358,high,Kanpur,2025-05-02 22:39:56.952132
U3207,38,self-employed,46445,429,high,Pune,2024-07-04 22:39:56.952132
U3208,20,salaried,36528,433,high,Pune,2021-02-06 22:39:56.952132
U3209,20,self-employed,171106,841,low,Hyderabad,2024-05-07 22:39:56.952132
U3210,47,student,6697,316,high,Pune,2024-12-10 22:39:56.952132
U3211,61,self-employed,75920,485,high,Bangalore,2024-06-14 22:39:56.952132
U3212,24,salaried,111332,657,medium,Hyderabad,2025-07-23 22:39:56.952132
U3213,45,salaried,103134,592,high,Kanpur,2023-02-16 22:39:56.952132
U3214,48,salaried,97818,642,medium,Kanpur,2023-11-04 22:39:56.952132
U3215,28,salaried,111936,605,medium,Pune,2022-03-08 22:39:56.952132
U3216,56,student,13058,351,high,Pune,2022-10-22 22:39:56.952132
U3217,38,salaried,96992,627,medium,Mumbai,2021-11-17 22:39:56.952132
U3218,49,salaried,46680,485,high,Bangalore,2021-08-02 22:39:56.952132
U3219,60,student,6991,319,high,Delhi,2024-11-10 22:39:56.952132
U3220,32,salaried,71850,492,high,Delhi,2024-11-23 22:39:56.952132
U3221,51,student,9677,318,high,Pune,2021-03-03 22:39:56.952132
U3222,39,student,18210,322,high,Pune,2021-04-15 22:39:56.952132
U3223,21,self-employed,55343,483,high,Hyderabad,2021-07-23 22:39:56.952132
U3224,42,self-employed,69831,511,high,Delhi,2022-01-21 22:39:56.952132
U3225,28,self-employed,157544,772,low,Pune,2021-09-24 22:39:56.952132
U3226,44,student,13602,363,high,Mumbai,2023-02-22 22:39:56.952132
U3227,61,self-employed,194233,884,low,Hyderabad,2025-06-02 22:39:56.952132
U3228,51,self-employed,152263,725,medium,Kanpur,2020-10-03 22:39:56.952132
U3229,44,student,8254,317,high,Delhi,2020-12-05 22:39:56.952132
U3230,46,self-employed,98675,591,high,Hyderabad,2022-08-15 22:39:56.952132
U3231,52,salaried,110902,669,medium,Mumbai,2025-01-13 22:39:56.952132
U3232,21,student,6327,300,high,Bangalore,2025-02-23 22:39:56.952132
U3233,45,student,15704,332,high,Mumbai,2024-07-05 22:39:56.952132
U3234,62,salaried,118491,622,medium,Hyderabad,2023-04-28 22:39:56.952132
U3235,19,salaried,55750,493,high,Kanpur,2022-09-01 22:39:56.952132
U3236,21,salaried,41054,411,high,Kanpur,2022-11-27 22:39:56.952132
U3237,49,self-employed,91528,584,high,Delhi,2021-12-18 22:39:56.952132
U3238,31,salaried,67101,465,high,Hyderabad,2020-10-31 22:39:56.952132
U3239,41,salaried,28382,379,high,Bangalore,2023-05-08 22:39:56.952132
U3240,28,self-employed,137777,716,medium,Mumbai,2024-05-04 22:39:56.953155
U3241,22,salaried,34711,381,high,Hyderabad,2025-10-18 22:39:56.953155
U3242,55,self-employed,87134,586,high,Pune,2023-05-25 22:39:56.953155
U3243,31,self-employed,76754,493,high,Kanpur,2023-04-03 22:39:56.953155
U3244,19,self-employed,128038,675,medium,Delhi,2021-06-24 22:39:56.953155
U3245,62,student,12107,307,high,Delhi,2020-11-24 22:39:56.953155
U3246,53,self-employed,57457,430,high,Kanpur,2025-05-31 22:39:56.953155
U3247,42,self-employed,94116,577,high,Kanpur,2024-01-28 22:39:56.953155
U3248,23,self-employed,106345,595,high,Mumbai,2026-01-12 22:39:56.953155
U3249,55,salaried,76500,565,high,Kanpur,2022-07-19 22:39:56.953155
U3250,21,self-employed,87225,581,high,Delhi,2023-05-19 22:39:56.953155
U3251,40,salaried,47547,477,high,Kanpur,2020-11-01 22:39:56.953155
U3252,19,student,18970,306,high,Delhi,2025-09-21 22:39:56.953155
U3253,21,student,8395,328,high,Kanpur,2025-08-19 22:39:56.953155
U3254,22,student,12088,300,high,Delhi,2021-05-08 22:39:56.953155
U3255,57,student,11763,300,high,Kanpur,2020-12-29 22:39:56.953155
U3256,22,student,7591,309,high,Mumbai,2025-02-11 22:39:56.953155
U3257,28,student,11270,364,high,Mumbai,2022-07-19 22:39:56.953155
U3258,53,student,12695,358,high,Kanpur,2025-10-31 22:39:56.953155
U3259,18,student,18596,343,high,Hyderabad,2022-09-17 22:39:56.953155
U3260,44,salaried,118256,631,medium,Hyderabad,2021-01-30 22:39:56.953155
U3261,54,student,15087,342,high,Pune,2023-02-16 22:39:56.953155
U3262,64,self-employed,180610,840,low,Kanpur,2021-10-28 22:39:56.953155
U3263,25,self-employed,97537,579,high,Mumbai,2024-04-22 22:39:56.953155
U3264,26,student,13728,307,high,Pune,2024-11-29 22:39:56.953155
U3265,20,student,11971,334,high,Hyderabad,2025-06-02 22:39:56.953155
U3266,64,self-employed,70793,467,high,Hyderabad,2020-12-15 22:39:56.953155
U3267,43,student,5919,304,high,Kanpur,2021-02-10 22:39:56.953155
U3268,35,salaried,38973,458,high,Kanpur,2023-02-21 22:39:56.953155
U3269,28,student,14342,311,high,Mumbai,2025-01-05 22:39:56.953155
U3270,20,salaried,115906,603,medium,Hyderabad,2024-08-20 22:39:56.953155
U3271,62,salaried,111760,649,medium,Bangalore,2024-08-26 22:39:56.953155
U3272,23,self-employed,137991,677,medium,Hyderabad,2022-06-12 22:39:56.953155
U3273,24,student,18891,384,high,Pune,2022-08-29 22:39:56.953155
U3274,21,salaried,45119,438,high,Delhi,2025-07-28 22:39:56.953155
U3275,63,student,5637,300,high,Kanpur,2021-12-17 22:39:56.953155
U3276,61,student,18060,380,high,Kanpur,2022-09-10 22:39:56.953155
U3277,60,student,18068,343,high,Mumbai,2024-01-31 22:39:56.953155
U3278,41,self-employed,79963,545,high,Bangalore,2021-01-15 22:39:56.953155
U3279,30,student,6302,300,high,Hyderabad,2023-12-08 22:39:56.953155
U3280,41,student,19030,373,high,Delhi,2022-03-04 22:39:56.953155
U3281,61,salaried,73876,507,high,Mumbai,2023-10-31 22:39:56.953155
U3282,38,salaried,95773,558,high,Delhi,2021-10-07 22:39:56.953155
U3283,64,self-employed,132266,664,medium,Bangalore,2024-12-01 22:39:56.953155
U3284,53,student,11957,300,high,Kanpur,2024-09-05 22:39:56.953155
U3285,27,self-employed,99443,578,high,Kanpur,2023-09-30 22:39:56.953155
U3286,46,salaried,39330,387,high,Delhi,2020-11-11 22:39:56.953155
U3287,42,student,10702,347,high,Kanpur,2021-06-10 22:39:56.953155
U3288,23,self-employed,82660,504,high,Hyderabad,2024-10-27 22:39:56.953155
U3289,36,salaried,33644,376,high,Bangalore,2022-05-14 22:39:56.953155
U3290,49,self-employed,188620,888,low,Mumbai,2021-07-04 22:39:56.953155
U3291,63,salaried,109443,639,medium,Bangalore,2024-10-27 22:39:56.953155
U3292,24,salaried,71057,519,high,Delhi,2024-05-13 22:39:56.953155
U3293,30,student,7394,312,high,Hyderabad,2023-10-08 22:39:56.953155
U3294,33,student,15233,326,high,Bangalore,2020-10-08 22:39:56.953155
U3295,27,self-employed,126945,657,medium,Kanpur,2022-08-13 22:39:56.953155
U3296,20,self-employed,82337,505,high,Kanpur,2025-05-25 22:39:56.953155
U3297,22,salaried,82199,588,high,Bangalore,2022-09-25 22:39:56.953155
U3298,45,salaried,37216,434,high,Hyderabad,2025-05-12 22:39:56.953155
U3299,27,salaried,74246,507,high,Bangalore,2021-04-26 22:39:56.953155
U3300,18,student,13736,352,high,Delhi,2024-11-11 22:39:56.953155
U3301,61,self-employed,131980,739,medium,Delhi,2021-03-13 22:39:56.953155
U3302,24,self-employed,147948,698,medium,Pune,2022-07-25 22:39:56.953155
U3303,50,self-employed,152505,806,low,Mumbai,2021-12-11 22:39:56.953155
U3304,24,salaried,53184,429,high,Delhi,2024-12-09 22:39:56.953155
U3305,29,salaried,59185,432,high,Mumbai,2020-10-18 22:39:56.953155
U3306,57,self-employed,121235,615,medium,Mumbai,2024-01-29 22:39:56.953155
U3307,47,salaried,113349,646,medium,Bangalore,2025-05-26 22:39:56.953155
U3308,59,student,12683,336,high,Bangalore,2023-02-06 22:39:56.953155
U3309,18,salaried,90743,534,high,Kanpur,2021-01-07 22:39:56.954154
U3310,40,self-employed,123005,687,medium,Kanpur,2023-12-19 22:39:56.954154
U3311,28,self-employed,178789,788,low,Pune,2025-03-02 22:39:56.954154
U3312,33,salaried,59174,450,high,Kanpur,2024-06-01 22:39:56.954154
U3313,35,student,17083,389,high,Mumbai,2021-08-10 22:39:56.954154
U3314,40,salaried,38243,386,high,Pune,2022-07-12 22:39:56.954154
U3315,47,salaried,39121,464,high,Pune,2023-01-15 22:39:56.954154
U3316,46,student,8670,355,high,Kanpur,2022-07-01 22:39:56.954154
U3317,32,salaried,110726,590,high,Hyderabad,2022-07-24 22:39:56.954154
U3318,19,salaried,49373,442,high,Bangalore,2021-05-30 22:39:56.954154
U3319,49,salaried,70320,462,high,Delhi,2022-12-24 22:39:56.954154
U3320,34,student,15741,334,high,Mumbai,2026-01-18 22:39:56.954154
U3321,25,salaried,59533,461,high,Pune,2026-01-05 22:39:56.954154
U3322,20,student,13845,316,high,Delhi,2023-10-13 22:39:56.954154
U3323,41,salaried,29857,414,high,Delhi,2022-03-18 22:39:56.954154
U3324,39,student,10021,340,high,Hyderabad,2025-11-20 22:39:56.954154
U3325,55,student,12496,373,high,Mumbai,2025-03-09 22:39:56.954154
U3326,35,self-employed,183122,854,low,Kanpur,2023-02-02 22:39:56.954154
U3327,21,self-employed,162831,826,low,Hyderabad,2020-12-01 22:39:56.954154
U3328,19,self-employed,122184,658,medium,Delhi,2023-10-16 22:39:56.954154
U3329,55,salaried,62565,537,high,Hyderabad,2020-11-28 22:39:56.954154
U3330,52,salaried,62219,469,high,Bangalore,2023-11-20 22:39:56.954154
U3331,59,salaried,86397,576,high,Kanpur,2021-10-11 22:39:56.954154
U3332,19,self-employed,80266,588,high,Bangalore,2021-12-05 22:39:56.954154
U3333,49,student,13820,308,high,Delhi,2024-06-27 22:39:56.954154
U3334,24,student,6063,351,high,Bangalore,2022-05-26 22:39:56.954154
U3335,58,salaried,67293,522,high,Bangalore,2022-11-17 22:39:56.954154
U3336,61,student,16978,397,high,Pune,2024-02-29 22:39:56.954154
U3337,62,self-employed,160199,825,low,Delhi,2022-03-31 22:39:56.954154
U3338,28,student,16644,364,high,Bangalore,2023-07-17 22:39:56.954154
U3339,57,student,13367,326,high,Pune,2023-07-21 22:39:56.954154
U3340,49,student,6991,308,high,Hyderabad,2024-10-08 22:39:56.954154
U3341,36,self-employed,181648,818,low,Mumbai,2025-04-12 22:39:56.954668
U3342,57,salaried,43245,437,high,Kanpur,2025-12-04 22:39:56.954668
U3343,28,student,13236,300,high,Mumbai,2021-01-10 22:39:56.954668
U3344,31,salaried,113624,605,medium,Pune,2022-06-24 22:39:56.954668
U3345,42,salaried,91919,561,high,Mumbai,2025-08-23 22:39:56.954668
U3346,49,self-employed,127901,670,medium,Mumbai,2020-10-22 22:39:56.954668
U3347,33,student,15097,324,high,Delhi,2025-10-10 22:39:56.954668
U3348,24,salaried,56302,484,high,Pune,2021-06-18 22:39:56.954668
U3349,37,self-employed,157370,776,low,Kanpur,2021-07-16 22:39:56.954668
U3350,22,salaried,50221,463,high,Mumbai,2024-08-19 22:39:56.954668
U3351,25,self-employed,109086,660,medium,Pune,2022-09-04 22:39:56.954668
U3352,50,self-employed,139093,716,medium,Mumbai,2023-06-06 22:39:56.954668
U3353,42,self-employed,76739,528,high,Hyderabad,2023-03-13 22:39:56.954668
U3354,41,salaried,100358,637,medium,Kanpur,2021-10-17 22:39:56.954668
U3355,58,self-employed,138584,686,medium,Delhi,2025-07-01 22:39:56.954668
U3356,54,self-employed,182951,824,low,Kanpur,2024-08-04 22:39:56.954668
U3357,34,self-employed,37516,433,high,Delhi,2021-10-11 22:39:56.954668
U3358,22,self-employed,134685,741,medium,Kanpur,2022-03-01 22:39:56.954668
U3359,26,salaried,45403,426,high,Mumbai,2024-07-12 22:39:56.954668
U3360,49,salaried,74981,503,high,Mumbai,2025-04-28 22:39:56.954668
U3361,56,self-employed,182531,871,low,Delhi,2025-11-03 22:39:56.954668
U3362,34,salaried,30658,435,high,Pune,2025-07-29 22:39:56.954668
U3363,27,student,8806,300,high,Kanpur,2022-12-29 22:39:56.954668
U3364,44,salaried,26150,349,high,Kanpur,2024-11-08 22:39:56.954668
U3365,38,self-employed,162237,836,low,Bangalore,2021-09-01 22:39:56.954668
U3366,47,self-employed,89671,575,high,Pune,2022-09-28 22:39:56.954668
U3367,44,self-employed,44342,460,high,Kanpur,2022-01-17 22:39:56.954668
U3368,33,self-employed,172450,866,low,Kanpur,2024-07-31 22:39:56.954668
U3369,50,self-employed,87669,592,high,Hyderabad,2020-12-03 22:39:56.954668
U3370,39,self-employed,178647,853,low,Kanpur,2021-03-03 22:39:56.954668
U3371,36,student,13862,356,high,Delhi,2022-09-29 22:39:56.954668
U3372,25,salaried,83646,557,high,Bangalore,2023-04-06 22:39:56.954668
U3373,18,self-employed,97043,544,high,Bangalore,2025-09-02 22:39:56.954668
U3374,27,student,10753,340,high,Kanpur,2021-03-05 22:39:56.954668
U3375,61,salaried,36784,460,high,Kanpur,2024-07-09 22:39:56.954668
U3376,27,salaried,44393,386,high,Pune,2021-11-16 22:39:56.954668
U3377,22,self-employed,185020,841,low,Pune,2024-06-11 22:39:56.954668
U3378,45,salaried,117514,676,medium,Hyderabad,2023-09-24 22:39:56.954668
U3379,22,self-employed,146627,764,low,Bangalore,2025-11-27 22:39:56.954668
U3380,24,student,5483,309,high,Mumbai,2025-07-18 22:39:56.954668
U3381,58,salaried,102559,644,medium,Mumbai,2024-06-26 22:39:56.954668
U3382,64,self-employed,114428,664,medium,Pune,2024-10-16 22:39:56.954668
U3383,33,salaried,79093,538,high,Mumbai,2021-02-20 22:39:56.954668
U3384,61,student,7348,308,high,Hyderabad,2021-09-12 22:39:56.954668
U3385,46,student,6939,350,high,Bangalore,2023-04-19 22:39:56.954668
U3386,59,self-employed,31492,383,high,Hyderabad,2025-06-27 22:39:56.954668
U3387,63,salaried,26899,381,high,Pune,2022-02-10 22:39:56.954668
U3388,46,student,9408,324,high,Mumbai,2021-02-14 22:39:56.954668
U3389,57,salaried,37494,390,high,Pune,2022-09-17 22:39:56.954668
U3390,50,salaried,30950,392,high,Delhi,2023-01-08 22:39:56.954668
U3391,29,salaried,116554,652,medium,Kanpur,2024-10-06 22:39:56.954668
U3392,58,student,15181,337,high,Mumbai,2023-01-27 22:39:56.954668
U3393,61,student,10492,367,high,Pune,2025-08-08 22:39:56.954668
U3394,58,student,9915,300,high,Bangalore,2021-01-10 22:39:56.954668
U3395,22,salaried,29392,394,high,Mumbai,2025-05-15 22:39:56.954668
U3396,27,self-employed,112524,666,medium,Bangalore,2021-03-04 22:39:56.954668
U3397,32,salaried,103141,612,medium,Mumbai,2023-10-16 22:39:56.954668
U3398,47,salaried,37349,406,high,Mumbai,2023-08-17 22:39:56.954668
U3399,38,salaried,50126,427,high,Hyderabad,2021-10-12 22:39:56.954668
U3400,51,salaried,100846,637,medium,Kanpur,2025-03-25 22:39:56.954668
U3401,52,self-employed,29116,434,high,Delhi,2023-09-20 22:39:56.954668
U3402,38,salaried,71177,488,high,Bangalore,2021-01-22 22:39:56.954668
U3403,36,salaried,93364,624,medium,Delhi,2022-09-01 22:39:56.954668
U3404,34,salaried,74202,499,high,Mumbai,2021-06-07 22:39:56.954668
U3405,46,student,8737,354,high,Hyderabad,2025-06-19 22:39:56.954668
U3406,33,student,6353,351,high,Kanpur,2021-06-06 22:39:56.955690
U3407,32,self-employed,152647,733,medium,Pune,2024-11-20 22:39:56.955690
U3408,23,salaried,60198,484,high,Pune,2025-01-11 22:39:56.955690
U3409,29,salaried,45352,441,high,Hyderabad,2024-08-27 22:39:56.955690
U3410,32,salaried,29886,433,high,Pune,2022-03-03 22:39:56.955690
U3411,61,student,7567,300,high,Pune,2023-10-09 22:39:56.955690
U3412,56,self-employed,148415,717,medium,Bangalore,2023-03-30 22:39:56.955690
U3413,47,self-employed,21687,374,high,Kanpur,2024-05-01 22:39:56.955690
U3414,46,self-employed,58493,486,high,Hyderabad,2023-03-06 22:39:56.955690
U3415,25,student,17193,363,high,Kanpur,2020-11-11 22:39:56.955690
U3416,36,self-employed,162964,791,low,Pune,2020-12-29 22:39:56.955690
U3417,58,self-employed,82404,510,high,Mumbai,2021-11-24 22:39:56.955690
U3418,63,student,19126,394,high,Delhi,2023-10-11 22:39:56.955690
U3419,21,student,15897,357,high,Mumbai,2024-08-30 22:39:56.955690
U3420,21,student,12032,379,high,Mumbai,2025-03-01 22:39:56.955690
U3421,55,student,17728,343,high,Hyderabad,2023-04-21 22:39:56.955690
U3422,43,student,19146,349,high,Hyderabad,2023-04-04 22:39:56.955690
U3423,54,self-employed,180797,846,low,Hyderabad,2023-08-29 22:39:56.955690
U3424,65,self-employed,75167,502,high,Kanpur,2024-08-20 22:39:56.955690
U3425,22,student,19978,362,high,Kanpur,2024-10-13 22:39:56.955690
U3426,19,student,10916,382,high,Kanpur,2024-09-14 22:39:56.955690
U3427,57,salaried,63047,443,high,Hyderabad,2025-02-21 22:39:56.955690
U3428,50,student,16587,351,high,Hyderabad,2024-04-13 22:39:56.955690
U3429,45,self-employed,23124,328,high,Pune,2021-05-24 22:39:56.955690
U3430,41,student,8547,339,high,Hyderabad,2021-11-28 22:39:56.955690
U3431,23,self-employed,110923,681,medium,Kanpur,2023-01-01 22:39:56.955690
U3432,42,student,11407,315,high,Delhi,2023-12-15 22:39:56.955690
U3433,34,self-employed,117412,615,medium,Pune,2024-01-26 22:39:56.955690
U3434,58,self-employed,104765,588,high,Kanpur,2022-12-04 22:39:56.955690
U3435,62,student,15983,373,high,Bangalore,2025-04-10 22:39:56.955690
U3436,45,salaried,105926,635,medium,Pune,2020-09-11 22:39:56.955690
U3437,34,self-employed,76138,493,high,Delhi,2025-12-22 22:39:56.955690
U3438,25,salaried,53316,421,high,Kanpur,2021-02-14 22:39:56.955690
U3439,31,student,13599,327,high,Mumbai,2024-01-29 22:39:56.955690
U3440,27,self-employed,39954,458,high,Hyderabad,2024-03-29 22:39:56.955690
U3441,57,self-employed,50370,435,high,Delhi,2020-12-30 22:39:56.955690
U3442,61,salaried,98702,607,medium,Mumbai,2021-05-26 22:39:56.955690
U3443,56,self-employed,54968,450,high,Hyderabad,2022-10-05 22:39:56.955690
U3444,53,self-employed,182858,805,low,Kanpur,2025-08-06 22:39:56.955690
U3445,55,student,13876,300,high,Pune,2024-09-05 22:39:56.955690
U3446,39,self-employed,165208,770,low,Mumbai,2022-07-17 22:39:56.955690
U3447,63,self-employed,27396,365,high,Kanpur,2023-02-04 22:39:56.955690
U3448,37,salaried,76077,526,high,Hyderabad,2025-06-07 22:39:56.955690
U3449,57,salaried,83293,543,high,Bangalore,2021-01-01 22:39:56.955690
U3450,34,salaried,61092,471,high,Hyderabad,2022-01-01 22:39:56.955690
U3451,63,self-employed,169415,761,low,Bangalore,2021-10-01 22:39:56.955690
U3452,57,student,13702,320,high,Pune,2022-12-13 22:39:56.955690
U3453,42,self-employed,122549,645,medium,Bangalore,2021-04-02 22:39:56.955690
U3454,62,salaried,110197,662,medium,Kanpur,2022-10-26 22:39:56.955690
U3455,23,self-employed,157821,735,medium,Delhi,2022-08-18 22:39:56.955690
U3456,29,student,13223,305,high,Bangalore,2024-06-25 22:39:56.955690
U3457,65,salaried,48787,449,high,Mumbai,2024-05-08 22:39:56.955690
U3458,25,self-employed,77863,540,high,Kanpur,2023-07-08 22:39:56.955690
U3459,34,student,9371,334,high,Mumbai,2025-02-09 22:39:56.955690
U3460,62,self-employed,133705,720,medium,Pune,2023-05-02 22:39:56.955690
U3461,38,self-employed,114590,611,medium,Bangalore,2025-01-25 22:39:56.955690
U3462,52,self-employed,29280,350,high,Hyderabad,2021-05-09 22:39:56.955690
U3463,60,student,19472,325,high,Kanpur,2021-05-26 22:39:56.955690
U3464,19,salaried,90175,542,high,Mumbai,2021-08-30 22:39:56.955690
U3465,29,student,17718,360,high,Mumbai,2021-04-21 22:39:56.955690
U3466,46,salaried,92193,572,high,Kanpur,2024-05-12 22:39:56.955690
U3467,33,student,7704,300,high,Bangalore,2024-12-14 22:39:56.955690
U3468,63,self-employed,152424,772,low,Pune,2024-05-30 22:39:56.955690
U3469,31,student,14779,375,high,Bangalore,2025-01-17 22:39:56.955690
U3470,64,student,16234,340,high,Mumbai,2024-03-26 22:39:56.955690
U3471,25,salaried,116290,661,medium,Hyderabad,2023-12-12 22:39:56.955690
U3472,40,self-employed,148341,706,medium,Hyderabad,2025-01-22 22:39:56.955690
U3473,25,student,13929,326,high,Delhi,2025-04-09 22:39:56.955690
U3474,57,self-employed,87373,603,medium,Kanpur,2025-10-22 22:39:56.955690
U3475,61,self-employed,104780,618,medium,Hyderabad,2020-12-09 22:39:56.956683
U3476,22,self-employed,178334,834,low,Bangalore,2021-08-26 22:39:56.956683
U3477,20,student,14785,302,high,Delhi,2024-09-23 22:39:56.956683
U3478,48,salaried,82078,552,high,Hyderabad,2021-10-16 22:39:56.956683
U3479,23,salaried,47526,459,high,Mumbai,2025-03-28 22:39:56.956683
U3480,29,salaried,38250,414,high,Delhi,2022-11-15 22:39:56.956683
U3481,54,salaried,62351,506,high,Kanpur,2025-08-17 22:39:56.956683
U3482,42,student,17137,381,high,Delhi,2025-02-25 22:39:56.956683
U3483,53,salaried,44873,416,high,Bangalore,2022-11-17 22:39:56.956683
U3484,18,self-employed,64820,476,high,Delhi,2025-12-20 22:39:56.956683
U3485,58,self-employed,199802,870,low,Bangalore,2025-04-03 22:39:56.956683
U3486,61,student,12650,353,high,Delhi,2024-12-21 22:39:56.956683
U3487,41,salaried,83521,563,high,Bangalore,2025-05-31 22:39:56.956683
U3488,44,self-employed,141696,701,medium,Pune,2025-05-12 22:39:56.956683
U3489,34,self-employed,129124,666,medium,Bangalore,2025-05-09 22:39:56.956683
U3490,31,salaried,96575,541,high,Mumbai,2023-09-22 22:39:56.956683
U3491,23,student,13633,372,high,Kanpur,2022-02-06 22:39:56.956683
U3492,39,self-employed,138039,726,medium,Mumbai,2021-05-03 22:39:56.956683
U3493,38,salaried,38492,379,high,Pune,2021-06-22 22:39:56.956683
U3494,29,student,15113,395,high,Kanpur,2024-12-13 22:39:56.956683
U3495,42,salaried,56681,480,high,Mumbai,2022-05-18 22:39:56.956683
U3496,35,self-employed,143938,709,medium,Mumbai,2021-08-09 22:39:56.956683
U3497,57,self-employed,91456,601,medium,Pune,2024-06-04 22:39:56.956683
U3498,61,student,5149,330,high,Kanpur,2024-10-23 22:39:56.956683
U3499,18,salaried,116766,630,medium,Delhi,2023-10-15 22:39:56.956683
U3500,40,self-employed,30759,399,high,Delhi,2023-01-25 22:39:56.956683
U3501,48,student,19315,367,high,Hyderabad,2023-12-08 22:39:56.956683
U3502,20,self-employed,143170,778,low,Delhi,2023-12-20 22:39:56.956683
U3503,35,student,10457,334,high,Bangalore,2023-02-20 22:39:56.956683
U3504,28,salaried,105570,639,medium,Hyderabad,2020-10-18 22:39:56.956683
U3505,42,student,7370,336,high,Pune,2025-09-04 22:39:56.956683
U3506,41,self-employed,183671,877,low,Mumbai,2025-07-07 22:39:56.956683
U3507,50,student,7978,347,high,Pune,2024-09-11 22:39:56.956683
U3508,56,student,7378,366,high,Hyderabad,2021-08-23 22:39:56.956683
U3509,37,self-employed,169462,849,low,Bangalore,2021-09-04 22:39:56.956683
U3510,36,salaried,87570,534,high,Mumbai,2021-01-23 22:39:56.956683
U3511,47,self-employed,110167,678,medium,Kanpur,2020-12-22 22:39:56.956683
U3512,62,self-employed,131429,677,medium,Mumbai,2025-12-27 22:39:56.956683
U3513,54,salaried,73458,564,high,Kanpur,2023-07-23 22:39:56.956683
U3514,29,student,11409,311,high,Hyderabad,2024-08-21 22:39:56.956683
U3515,58,student,10643,353,high,Pune,2022-11-24 22:39:56.956683
U3516,31,student,18171,309,high,Mumbai,2021-07-19 22:39:56.956683
U3517,43,self-employed,58267,472,high,Hyderabad,2021-07-01 22:39:56.956683
U3518,43,salaried,101921,564,high,Delhi,2022-11-22 22:39:56.956683
U3519,18,self-employed,127658,643,medium,Hyderabad,2023-08-23 22:39:56.956683
U3520,48,salaried,32290,432,high,Bangalore,2025-08-24 22:39:56.956683
U3521,59,self-employed,119477,644,medium,Kanpur,2024-12-14 22:39:56.956683
U3522,57,student,13835,337,high,Bangalore,2025-03-02 22:39:56.956683
U3523,58,student,12683,313,high,Mumbai,2024-10-12 22:39:56.956683
U3524,52,student,19622,309,high,Delhi,2025-05-11 22:39:56.956683
U3525,40,student,12304,356,high,Bangalore,2024-11-20 22:39:56.956683
U3526,28,salaried,110522,649,medium,Kanpur,2021-04-26 22:39:56.956683
U3527,45,self-employed,94422,616,medium,Delhi,2024-06-22 22:39:56.956683
U3528,26,salaried,77125,539,high,Pune,2022-01-25 22:39:56.956683
U3529,52,student,17497,328,high,Bangalore,2021-07-16 22:39:56.956683
U3530,23,salaried,73134,520,high,Kanpur,2024-12-07 22:39:56.956683
U3531,57,salaried,118798,692,medium,Delhi,2022-04-30 22:39:56.956683
U3532,18,self-employed,78606,582,high,Bangalore,2022-02-22 22:39:56.956683
U3533,42,salaried,103881,603,medium,Hyderabad,2025-01-11 22:39:56.956683
U3534,59,salaried,111620,622,medium,Pune,2021-04-26 22:39:56.956683
U3535,51,salaried,50201,443,high,Hyderabad,2025-03-08 22:39:56.956683
U3536,62,student,8469,332,high,Mumbai,2022-05-23 22:39:56.956683
U3537,18,self-employed,48420,465,high,Bangalore,2025-10-21 22:39:56.956683
U3538,19,student,11625,300,high,Bangalore,2024-11-10 22:39:56.956683
U3539,18,salaried,113058,680,medium,Bangalore,2022-02-25 22:39:56.956683
U3540,64,student,6176,353,high,Kanpur,2025-02-20 22:39:56.956683
U3541,19,student,12100,334,high,Mumbai,2025-07-10 22:39:56.956683
U3542,64,student,17413,367,high,Pune,2023-02-15 22:39:56.956683
U3543,43,self-employed,199234,897,low,Hyderabad,2023-09-28 22:39:56.956683
U3544,52,student,16504,339,high,Mumbai,2023-06-09 22:39:56.956683
U3545,39,student,14520,320,high,Delhi,2021-11-29 22:39:56.956683
U3546,24,salaried,53262,414,high,Bangalore,2021-09-06 22:39:56.957683
U3547,27,salaried,89874,548,high,Delhi,2020-09-01 22:39:56.957683
U3548,19,self-employed,20678,406,high,Bangalore,2025-03-19 22:39:56.957683
U3549,61,salaried,54593,444,high,Mumbai,2022-04-12 22:39:56.957683
U3550,19,salaried,44794,412,high,Hyderabad,2020-11-06 22:39:56.957683
U3551,49,student,5521,342,high,Pune,2022-10-17 22:39:56.957683
U3552,21,salaried,77243,483,high,Delhi,2021-12-02 22:39:56.957683
U3553,26,student,16413,311,high,Hyderabad,2020-09-27 22:39:56.957683
U3554,63,student,7761,303,high,Kanpur,2026-01-21 22:39:56.957683
U3555,61,salaried,101695,641,medium,Mumbai,2025-10-16 22:39:56.957683
U3556,61,student,5173,345,high,Kanpur,2020-11-27 22:39:56.957683
U3557,37,student,16722,327,high,Pune,2023-12-25 22:39:56.957683
U3558,38,student,13909,315,high,Hyderabad,2022-10-14 22:39:56.957683
U3559,40,self-employed,173082,854,low,Mumbai,2024-12-03 22:39:56.957683
U3560,23,student,14348,314,high,Delhi,2023-01-06 22:39:56.957683
U3561,26,self-employed,122598,682,medium,Mumbai,2021-05-21 22:39:56.957683
U3562,29,salaried,68740,485,high,Mumbai,2025-07-25 22:39:56.957683
U3563,50,student,18412,327,high,Bangalore,2022-09-02 22:39:56.957683
U3564,25,student,14940,394,high,Mumbai,2023-06-19 22:39:56.957683
U3565,51,salaried,37553,456,high,Bangalore,2023-02-16 22:39:56.957683
U3566,61,salaried,115330,651,medium,Kanpur,2025-08-26 22:39:56.957683
U3567,20,salaried,85711,593,high,Hyderabad,2025-01-29 22:39:56.957683
U3568,24,student,13003,308,high,Kanpur,2024-11-29 22:39:56.957683
U3569,30,self-employed,130264,717,medium,Hyderabad,2024-06-26 22:39:56.957683
U3570,29,student,18536,340,high,Mumbai,2021-02-09 22:39:56.957683
U3571,25,student,13409,326,high,Pune,2023-04-25 22:39:56.957683
U3572,21,salaried,117881,670,medium,Hyderabad,2025-03-24 22:39:56.957683
U3573,40,salaried,118467,605,medium,Hyderabad,2024-06-05 22:39:56.957683
U3574,18,student,19840,311,high,Mumbai,2022-02-27 22:39:56.957683
U3575,25,student,6919,332,high,Bangalore,2021-03-08 22:39:56.957683
U3576,29,student,5258,358,high,Hyderabad,2024-10-26 22:39:56.957683
U3577,34,student,14485,309,high,Hyderabad,2023-09-09 22:39:56.957683
U3578,44,self-employed,37561,441,high,Pune,2021-02-19 22:39:56.957683
U3579,25,student,18606,340,high,Bangalore,2023-06-14 22:39:56.957683
U3580,46,salaried,31168,368,high,Pune,2022-11-21 22:39:56.957683
U3581,46,salaried,44431,416,high,Kanpur,2022-01-19 22:39:56.957683
U3582,54,self-employed,28923,365,high,Delhi,2025-12-22 22:39:56.957683
U3583,32,self-employed,62427,486,high,Hyderabad,2021-10-21 22:39:56.957683
U3584,24,self-employed,27059,429,high,Kanpur,2022-06-17 22:39:56.957683
U3585,18,salaried,61080,500,high,Kanpur,2022-04-13 22:39:56.957683
U3586,37,student,7259,360,high,Kanpur,2023-09-16 22:39:56.957683
U3587,46,salaried,57085,456,high,Delhi,2020-10-20 22:39:56.957683
U3588,57,salaried,64997,529,high,Pune,2021-07-15 22:39:56.957683
U3589,41,salaried,107433,605,medium,Bangalore,2024-11-02 22:39:56.957683
U3590,39,student,6451,300,high,Kanpur,2021-10-12 22:39:56.957683
U3591,43,salaried,107187,625,medium,Mumbai,2023-08-01 22:39:56.957683
U3592,30,salaried,73372,501,high,Mumbai,2025-09-08 22:39:56.957683
U3593,37,salaried,81412,577,high,Hyderabad,2021-10-08 22:39:56.957683
U3594,50,salaried,67577,458,high,Bangalore,2025-04-18 22:39:56.957683
U3595,43,self-employed,61768,461,high,Mumbai,2022-10-30 22:39:56.957683
U3596,35,self-employed,96363,557,high,Kanpur,2023-02-06 22:39:56.957683
U3597,64,student,18972,351,high,Hyderabad,2024-02-09 22:39:56.957683
U3598,59,salaried,29249,408,high,Mumbai,2021-02-07 22:39:56.957683
U3599,49,student,13926,304,high,Bangalore,2024-08-26 22:39:56.957683
U3600,55,student,18309,368,high,Mumbai,2021-06-03 22:39:56.957683
U3601,63,student,13802,362,high,Hyderabad,2024-06-18 22:39:56.957683
U3602,48,student,15371,300,high,Kanpur,2024-07-31 22:39:56.957683
U3603,51,self-employed,175413,790,low,Kanpur,2023-03-19 22:39:56.957683
U3604,59,salaried,110239,602,medium,Pune,2022-03-21 22:39:56.957683
U3605,18,self-employed,167099,824,low,Bangalore,2021-03-14 22:39:56.957683
U3606,25,student,6551,361,high,Kanpur,2023-11-06 22:39:56.957683
U3607,47,self-employed,113925,613,medium,Hyderabad,2022-01-02 22:39:56.957683
U3608,58,salaried,63436,540,high,Mumbai,2024-05-26 22:39:56.957683
U3609,57,self-employed,159658,775,low,Bangalore,2021-07-23 22:39:56.957683
U3610,23,student,18507,403,high,Pune,2021-03-07 22:39:56.957683
U3611,27,salaried,106941,636,medium,Hyderabad,2022-07-20 22:39:56.957683
U3612,28,student,15573,303,high,Bangalore,2021-03-24 22:39:56.957683
U3613,44,self-employed,50117,407,high,Kanpur,2021-01-09 22:39:56.957683
U3614,18,salaried,77392,563,high,Bangalore,2024-09-25 22:39:56.957683
U3615,65,self-employed,56561,496,high,Delhi,2025-04-26 22:39:56.957683
U3616,63,self-employed,103939,648,medium,Delhi,2025-06-21 22:39:56.958682
U3617,33,student,5253,300,high,Hyderabad,2023-05-26 22:39:56.958682
U3618,23,salaried,44816,450,high,Mumbai,2023-01-01 22:39:56.958682
U3619,34,self-employed,198017,900,low,Bangalore,2024-10-08 22:39:56.958682
U3620,36,student,6681,300,high,Pune,2023-12-21 22:39:56.958682
U3621,65,student,14861,305,high,Kanpur,2023-01-10 22:39:56.958682
U3622,57,self-employed,23277,396,high,Mumbai,2021-10-23 22:39:56.958682
U3623,45,salaried,46136,470,high,Kanpur,2021-04-26 22:39:56.958682
U3624,59,salaried,73642,485,high,Pune,2021-02-22 22:39:56.958682
U3625,48,student,17114,368,high,Delhi,2023-09-17 22:39:56.958682
U3626,27,student,14228,325,high,Bangalore,2023-04-12 22:39:56.958682
U3627,58,student,11538,362,high,Kanpur,2025-07-13 22:39:56.958682
U3628,51,salaried,112468,636,medium,Delhi,2020-11-10 22:39:56.958682
U3629,25,salaried,25762,345,high,Bangalore,2022-08-16 22:39:56.958682
U3630,43,self-employed,54664,470,high,Mumbai,2022-03-28 22:39:56.958682
U3631,47,self-employed,39593,454,high,Hyderabad,2025-04-23 22:39:56.958682
U3632,58,salaried,31963,380,high,Bangalore,2022-06-03 22:39:56.958682
U3633,31,salaried,115790,633,medium,Bangalore,2023-04-21 22:39:56.958682
U3634,20,student,19370,402,high,Hyderabad,2024-11-04 22:39:56.958682
U3635,27,student,8727,315,high,Mumbai,2021-10-23 22:39:56.958682
U3636,41,salaried,78865,489,high,Delhi,2021-04-16 22:39:56.958682
U3637,55,salaried,92840,613,medium,Hyderabad,2024-06-02 22:39:56.958682
U3638,52,salaried,102658,646,medium,Hyderabad,2021-02-15 22:39:56.958682
U3639,40,salaried,104580,635,medium,Hyderabad,2025-10-24 22:39:56.958682
U3640,46,salaried,106436,584,high,Mumbai,2025-05-20 22:39:56.958682
U3641,21,student,16043,351,high,Kanpur,2020-11-11 22:39:56.958682
U3642,41,self-employed,153556,763,low,Bangalore,2023-06-22 22:39:56.958682
U3643,44,salaried,96488,635,medium,Hyderabad,2022-05-16 22:39:56.958682
U3644,42,salaried,94606,619,medium,Kanpur,2025-03-18 22:39:56.958682
U3645,24,self-employed,26524,346,high,Bangalore,2023-05-02 22:39:56.958682
U3646,61,salaried,63833,464,high,Mumbai,2024-05-06 22:39:56.958682
U3647,34,salaried,118107,647,medium,Delhi,2022-05-22 22:39:56.958682
U3648,35,student,8644,361,high,Hyderabad,2022-05-22 22:39:56.958682
U3649,41,salaried,77948,546,high,Mumbai,2022-05-05 22:39:56.958682
U3650,65,salaried,98565,624,medium,Pune,2025-11-07 22:39:56.958682
U3651,28,self-employed,94663,568,high,Delhi,2024-12-12 22:39:56.958682
U3652,41,student,14278,371,high,Delhi,2026-01-15 22:39:56.958682
U3653,29,self-employed,32718,362,high,Bangalore,2021-12-15 22:39:56.958682
U3654,32,student,6772,368,high,Mumbai,2023-11-24 22:39:56.958682
U3655,33,student,12939,366,high,Delhi,2025-09-30 22:39:56.958682
U3656,64,self-employed,181875,800,low,Delhi,2026-01-09 22:39:56.958682
U3657,38,student,15580,300,high,Bangalore,2025-01-25 22:39:56.958682
U3658,24,self-employed,106886,606,medium,Mumbai,2024-10-10 22:39:56.958682
U3659,53,student,19037,375,high,Bangalore,2023-09-01 22:39:56.958682
U3660,21,self-employed,108468,634,medium,Mumbai,2022-09-21 22:39:56.958682
U3661,40,salaried,114710,632,medium,Bangalore,2020-11-18 22:39:56.958682
U3662,48,self-employed,93602,604,medium,Hyderabad,2020-12-30 22:39:56.958682
U3663,25,student,19081,321,high,Kanpur,2025-01-29 22:39:56.958682
U3664,29,self-employed,72991,468,high,Hyderabad,2021-10-02 22:39:56.958682
U3665,56,student,10866,336,high,Bangalore,2022-10-01 22:39:56.958682
U3666,42,student,19500,329,high,Delhi,2024-07-01 22:39:56.958682
U3667,35,self-employed,106684,600,medium,Pune,2024-09-05 22:39:56.958682
U3668,38,self-employed,82418,563,high,Mumbai,2020-10-13 22:39:56.958682
U3669,26,self-employed,53120,494,high,Hyderabad,2021-06-24 22:39:56.958682
U3670,25,student,13392,368,high,Delhi,2022-04-07 22:39:56.958682
U3671,37,student,12854,353,high,Mumbai,2022-09-17 22:39:56.958682
U3672,60,student,11312,339,high,Pune,2022-01-17 22:39:56.958682
U3673,30,salaried,29625,343,high,Delhi,2024-03-13 22:39:56.958682
U3674,65,salaried,57043,426,high,Hyderabad,2025-01-19 22:39:56.958682
U3675,54,self-employed,120087,706,medium,Delhi,2024-03-28 22:39:56.958682
U3676,41,student,13217,359,high,Mumbai,2026-01-21 22:39:56.958682
U3677,27,salaried,25729,336,high,Kanpur,2024-05-13 22:39:56.958682
U3678,24,salaried,97917,610,medium,Pune,2025-05-23 22:39:56.958682
U3679,30,salaried,65561,540,high,Hyderabad,2022-09-26 22:39:56.958682
U3680,62,self-employed,139522,725,medium,Delhi,2022-12-05 22:39:56.958682
U3681,20,student,9607,300,high,Hyderabad,2023-08-14 22:39:56.958682
U3682,51,student,5586,323,high,Bangalore,2023-04-15 22:39:56.958682
U3683,46,student,15160,329,high,Mumbai,2021-03-29 22:39:56.958682
U3684,20,salaried,114766,639,medium,Pune,2023-02-01 22:39:56.958682
U3685,24,self-employed,96076,544,high,Kanpur,2020-12-10 22:39:56.958682
U3686,27,self-employed,152544,794,low,Delhi,2021-11-29 22:39:56.958682
U3687,27,salaried,106388,633,medium,Mumbai,2021-01-09 22:39:56.958682
U3688,23,salaried,48923,484,high,Pune,2024-05-09 22:39:56.959682
U3689,51,self-employed,165424,838,low,Kanpur,2025-08-23 22:39:56.959682
U3690,62,self-employed,156518,819,low,Pune,2025-01-08 22:39:56.959682
U3691,44,salaried,90420,540,high,Delhi,2025-06-14 22:39:56.959682
U3692,36,student,7873,361,high,Pune,2024-01-28 22:39:56.959682
U3693,43,student,15286,341,high,Pune,2021-10-29 22:39:56.959682
U3694,51,self-employed,58139,464,high,Pune,2021-09-02 22:39:56.959682
U3695,49,student,17620,377,high,Delhi,2023-06-18 22:39:56.959682
U3696,38,salaried,31346,428,high,Delhi,2024-12-07 22:39:56.959682
U3697,42,student,5936,348,high,Pune,2024-05-02 22:39:56.959682
U3698,39,self-employed,160766,832,low,Hyderabad,2020-12-21 22:39:56.959682
U3699,41,salaried,110382,627,medium,Hyderabad,2022-11-17 22:39:56.959682
U3700,59,self-employed,143106,748,medium,Mumbai,2024-05-21 22:39:56.959682
U3701,45,student,17781,336,high,Bangalore,2020-12-01 22:39:56.959682
U3702,48,student,5295,341,high,Mumbai,2025-01-21 22:39:56.959682
U3703,31,student,19401,376,high,Mumbai,2024-09-02 22:39:56.959682
U3704,38,salaried,56162,423,high,Bangalore,2021-09-06 22:39:56.959682
U3705,19,self-employed,99654,607,medium,Delhi,2025-08-15 22:39:56.959682
U3706,19,self-employed,92003,593,high,Hyderabad,2023-01-28 22:39:56.959682
U3707,53,self-employed,43841,386,high,Mumbai,2024-02-09 22:39:56.959682
U3708,60,self-employed,120636,620,medium,Hyderabad,2022-12-25 22:39:56.959682
U3709,21,student,7260,317,high,Bangalore,2025-12-28 22:39:56.959682
U3710,33,self-employed,98721,607,medium,Delhi,2023-01-01 22:39:56.959682
U3711,23,student,14601,390,high,Bangalore,2023-10-22 22:39:56.959682
U3712,53,student,13237,365,high,Kanpur,2021-11-07 22:39:56.959682
U3713,40,student,19839,343,high,Bangalore,2020-11-10 22:39:56.959682
U3714,54,salaried,109809,651,medium,Bangalore,2025-04-02 22:39:56.959682
U3715,41,self-employed,159859,729,medium,Mumbai,2022-07-07 22:39:56.959682
U3716,27,salaried,46287,432,high,Delhi,2024-10-03 22:39:56.959682
U3717,63,salaried,77328,517,high,Kanpur,2024-11-25 22:39:56.959682
U3718,46,salaried,96112,570,high,Kanpur,2023-11-13 22:39:56.959682
U3719,58,salaried,114353,683,medium,Delhi,2024-08-16 22:39:56.959682
U3720,41,self-employed,189460,881,low,Mumbai,2023-11-08 22:39:56.959682
U3721,27,salaried,25066,370,high,Hyderabad,2023-02-16 22:39:56.959682
U3722,44,student,10280,311,high,Kanpur,2022-11-28 22:39:56.959682
U3723,44,salaried,61175,452,high,Pune,2022-09-27 22:39:56.959682
U3724,59,salaried,115212,675,medium,Bangalore,2023-12-13 22:39:56.959682
U3725,62,salaried,80719,567,high,Kanpur,2025-08-11 22:39:56.959682
U3726,28,student,11803,384,high,Hyderabad,2025-07-30 22:39:56.959682
U3727,59,self-employed,55666,457,high,Bangalore,2022-07-19 22:39:56.959682
U3728,26,student,7519,324,high,Kanpur,2022-05-26 22:39:56.959682
U3729,38,self-employed,151056,750,low,Hyderabad,2021-08-18 22:39:56.959682
U3730,27,student,12786,315,high,Bangalore,2021-05-01 22:39:56.959682
U3731,28,self-employed,38671,430,high,Hyderabad,2022-09-22 22:39:56.959682
U3732,28,student,5407,314,high,Mumbai,2022-07-07 22:39:56.959682
U3733,59,self-employed,21119,413,high,Hyderabad,2023-09-08 22:39:56.959682
U3734,22,student,15247,390,high,Mumbai,2025-08-26 22:39:56.959682
U3735,51,salaried,56118,516,high,Mumbai,2023-06-04 22:39:56.959682
U3736,45,student,19854,392,high,Hyderabad,2026-01-18 22:39:56.959682
U3737,64,salaried,83600,593,high,Hyderabad,2024-03-24 22:39:56.959682
U3738,24,self-employed,48790,439,high,Hyderabad,2021-12-17 22:39:56.959682
U3739,26,self-employed,149753,733,medium,Bangalore,2023-07-30 22:39:56.959682
U3740,32,self-employed,45436,482,high,Mumbai,2022-02-25 22:39:56.959682
U3741,28,self-employed,44081,418,high,Kanpur,2024-01-16 22:39:56.959682
U3742,65,self-employed,44032,446,high,Mumbai,2024-08-10 22:39:56.959682
U3743,40,salaried,27802,406,high,Pune,2020-11-22 22:39:56.959682
U3744,27,salaried,77073,564,high,Mumbai,2023-07-16 22:39:56.959682
U3745,54,salaried,96013,555,high,Bangalore,2026-01-09 22:39:56.959682
U3746,56,self-employed,103593,626,medium,Mumbai,2020-09-28 22:39:56.959682
U3747,29,salaried,101631,589,high,Delhi,2026-01-02 22:39:56.959682
U3748,35,salaried,88411,531,high,Pune,2022-08-26 22:39:56.959682
U3749,64,student,11803,310,high,Bangalore,2024-06-06 22:39:56.959682
U3750,61,student,12258,345,high,Mumbai,2021-11-25 22:39:56.959682
U3751,27,student,19785,367,high,Hyderabad,2025-02-07 22:39:56.959682
U3752,52,salaried,67967,509,high,Bangalore,2024-01-02 22:39:56.959682
U3753,49,student,17342,385,high,Hyderabad,2023-04-23 22:39:56.959682
U3754,56,student,5129,343,high,Delhi,2021-10-04 22:39:56.959682
U3755,25,self-employed,116400,674,medium,Bangalore,2022-02-14 22:39:56.959682
U3756,39,salaried,33503,391,high,Bangalore,2022-12-21 22:39:56.959682
U3757,30,salaried,47522,438,high,Mumbai,2024-11-30 22:39:56.959682
U3758,41,student,7081,367,high,Delhi,2021-11-21 22:39:56.959682
U3759,30,student,6655,300,high,Delhi,2022-09-02 22:39:56.959682
U3760,28,student,19278,317,high,Mumbai,2025-12-01 22:39:56.960702
U3761,57,self-employed,133372,726,medium,Hyderabad,2022-09-29 22:39:56.960702
U3762,42,self-employed,185053,887,low,Hyderabad,2021-01-25 22:39:56.960702
U3763,23,self-employed,43710,431,high,Delhi,2020-11-22 22:39:56.960702
U3764,27,salaried,115494,670,medium,Bangalore,2021-02-16 22:39:56.960702
U3765,21,self-employed,164094,770,low,Hyderabad,2024-08-19 22:39:56.960702
U3766,43,student,11738,321,high,Mumbai,2025-06-03 22:39:56.960702
U3767,62,self-employed,24284,406,high,Bangalore,2024-05-03 22:39:56.960702
U3768,53,self-employed,23835,326,high,Delhi,2024-02-27 22:39:56.960702
U3769,40,salaried,36094,418,high,Hyderabad,2024-10-10 22:39:56.960702
U3770,24,salaried,29368,358,high,Pune,2023-07-03 22:39:56.960702
U3771,60,salaried,26908,400,high,Bangalore,2023-07-23 22:39:56.960702
U3772,49,self-employed,108261,607,medium,Kanpur,2020-09-21 22:39:56.960702
U3773,22,salaried,39997,418,high,Hyderabad,2021-09-24 22:39:56.960702
U3774,37,salaried,43340,407,high,Pune,2025-09-08 22:39:56.960702
U3775,29,student,12192,327,high,Mumbai,2024-05-20 22:39:56.960702
U3776,46,student,5093,301,high,Bangalore,2025-12-31 22:39:56.960702
U3777,28,student,13078,335,high,Kanpur,2024-06-23 22:39:56.960702
U3778,42,student,12664,321,high,Mumbai,2024-06-07 22:39:56.960702
U3779,21,salaried,40462,371,high,Hyderabad,2023-09-19 22:39:56.960702
U3780,52,salaried,93419,611,medium,Kanpur,2021-02-28 22:39:56.960702
U3781,21,student,8160,344,high,Delhi,2025-03-07 22:39:56.960702
U3782,21,self-employed,54272,490,high,Bangalore,2021-03-15 22:39:56.960702
U3783,60,student,17113,378,high,Kanpur,2024-03-23 22:39:56.960702
U3784,34,self-employed,162946,808,low,Mumbai,2024-03-13 22:39:56.960702
U3785,47,salaried,63500,488,high,Hyderabad,2024-12-03 22:39:56.960702
U3786,47,salaried,95603,628,medium,Kanpur,2021-12-01 22:39:56.960702
U3787,65,salaried,112881,619,medium,Kanpur,2022-01-11 22:39:56.960702
U3788,26,self-employed,64183,477,high,Mumbai,2023-02-04 22:39:56.960702
U3789,63,self-employed,23105,331,high,Kanpur,2024-06-29 22:39:56.960702
U3790,22,student,7894,368,high,Delhi,2024-10-29 22:39:56.960702
U3791,35,student,8007,333,high,Delhi,2021-09-23 22:39:56.960702
U3792,39,student,14858,300,high,Pune,2023-12-15 22:39:56.960702
U3793,44,salaried,93556,596,high,Kanpur,2022-09-20 22:39:56.960702
U3794,60,student,14580,374,high,Pune,2024-05-05 22:39:56.960702
U3795,38,salaried,58913,441,high,Kanpur,2026-01-21 22:39:56.960702
U3796,54,student,5045,300,high,Bangalore,2023-12-10 22:39:56.960702
U3797,28,student,11987,309,high,Mumbai,2020-10-26 22:39:56.960702
U3798,41,self-employed,197355,900,low,Pune,2025-09-26 22:39:56.960702
U3799,24,self-employed,44978,466,high,Pune,2021-08-05 22:39:56.960702
U3800,54,salaried,69509,542,high,Delhi,2024-04-19 22:39:56.960702
U3801,26,student,9523,300,high,Pune,2021-11-06 22:39:56.960702
U3802,46,salaried,104394,573,high,Delhi,2024-09-10 22:39:56.960702
U3803,61,salaried,37966,429,high,Kanpur,2023-07-22 22:39:56.960702
U3804,25,salaried,31988,403,high,Mumbai,2022-11-27 22:39:56.960702
U3805,53,self-employed,143524,725,medium,Pune,2023-10-06 22:39:56.960702
U3806,21,self-employed,40946,415,high,Bangalore,2025-09-27 22:39:56.960702
U3807,56,salaried,104708,612,medium,Hyderabad,2024-12-19 22:39:56.960702
U3808,49,student,10905,346,high,Kanpur,2021-03-28 22:39:56.960702
U3809,63,salaried,104266,633,medium,Hyderabad,2023-01-13 22:39:56.960702
U3810,43,salaried,113580,628,medium,Hyderabad,2021-05-29 22:39:56.960702
U3811,31,self-employed,101591,565,high,Pune,2021-11-03 22:39:56.960702
U3812,19,self-employed,54609,465,high,Hyderabad,2025-07-19 22:39:56.960702
U3813,59,self-employed,66418,459,high,Kanpur,2024-04-22 22:39:56.960702
U3814,32,salaried,59787,470,high,Kanpur,2025-10-11 22:39:56.960702
U3815,52,self-employed,85058,564,high,Pune,2024-02-08 22:39:56.960702
U3816,57,self-employed,63411,505,high,Delhi,2021-07-23 22:39:56.960702
U3817,39,student,13345,340,high,Hyderabad,2021-02-01 22:39:56.960702
U3818,18,self-employed,192908,852,low,Bangalore,2025-11-13 22:39:56.960702
U3819,60,salaried,55993,517,high,Delhi,2025-05-08 22:39:56.960702
U3820,52,student,13473,331,high,Hyderabad,2021-08-09 22:39:56.960702
U3821,45,salaried,59144,470,high,Bangalore,2024-03-11 22:39:56.960702
U3822,60,student,7868,373,high,Pune,2021-09-29 22:39:56.960702
U3823,50,salaried,37247,422,high,Kanpur,2022-06-30 22:39:56.960702
U3824,28,self-employed,96897,579,high,Hyderabad,2023-01-29 22:39:56.960702
U3825,41,self-employed,68100,482,high,Mumbai,2021-12-12 22:39:56.960702
U3826,42,salaried,56918,494,high,Hyderabad,2023-04-16 22:39:56.960702
U3827,28,student,19215,398,high,Pune,2024-03-04 22:39:56.960702
U3828,56,salaried,81938,525,high,Delhi,2022-09-30 22:39:56.960702
U3829,52,salaried,109294,650,medium,Kanpur,2021-05-16 22:39:56.960702
U3830,22,self-employed,89904,588,high,Hyderabad,2023-09-22 22:39:56.960702
U3831,24,self-employed,74266,569,high,Bangalore,2025-10-24 22:39:56.960702
U3832,18,student,5225,300,high,Mumbai,2025-10-18 22:39:56.960702
U3833,59,self-employed,31554,414,high,Mumbai,2021-08-15 22:39:56.960702
U3834,41,self-employed,54293,443,high,Delhi,2024-01-07 22:39:56.960702
U3835,53,self-employed,100807,647,medium,Delhi,2021-02-02 22:39:56.960702
U3836,65,salaried,80717,501,high,Bangalore,2021-09-23 22:39:56.960702
U3837,63,salaried,100636,600,medium,Pune,2020-10-23 22:39:56.960702
U3838,38,self-employed,148607,771,low,Bangalore,2022-03-09 22:39:56.960702
U3839,45,self-employed,66094,544,high,Delhi,2023-06-19 22:39:56.960702
U3840,46,self-employed,51714,487,high,Hyderabad,2023-01-19 22:39:56.960702
U3841,21,salaried,26421,414,high,Kanpur,2025-06-30 22:39:56.960702
U3842,19,student,14091,309,high,Delhi,2021-06-10 22:39:56.960702
U3843,22,self-employed,58475,493,high,Pune,2021-09-16 22:39:56.960702
U3844,51,self-employed,98592,623,medium,Bangalore,2023-11-01 22:39:56.960702
U3845,41,student,7487,362,high,Bangalore,2022-01-02 22:39:56.960702
U3846,47,self-employed,75081,478,high,Mumbai,2024-05-14 22:39:56.961907
U3847,21,student,10126,302,high,Hyderabad,2021-07-08 22:39:56.961907
U3848,59,salaried,46699,487,high,Kanpur,2023-08-28 22:39:56.961907
U3849,52,salaried,29128,381,high,Hyderabad,2025-03-10 22:39:56.961907
U3850,45,student,11432,305,high,Kanpur,2024-01-05 22:39:56.961907
U3851,57,salaried,78801,493,high,Delhi,2023-02-10 22:39:56.961907
U3852,55,self-employed,124985,673,medium,Bangalore,2021-08-20 22:39:56.961907
U3853,64,student,16402,339,high,Kanpur,2023-07-06 22:39:56.961907
U3854,41,student,13679,383,high,Hyderabad,2021-04-29 22:39:56.961907
U3855,50,student,15773,378,high,Pune,2021-09-27 22:39:56.961907
U3856,22,student,5583,300,high,Delhi,2025-12-31 22:39:56.961907
U3857,51,student,11822,300,high,Mumbai,2023-06-25 22:39:56.961907
U3858,20,self-employed,37242,413,high,Bangalore,2025-06-08 22:39:56.961907
U3859,54,student,15872,335,high,Bangalore,2023-12-31 22:39:56.961907
U3860,60,self-employed,174973,814,low,Bangalore,2023-11-14 22:39:56.961907
U3861,58,student,19937,337,high,Delhi,2021-03-15 22:39:56.961907
U3862,52,self-employed,136445,703,medium,Bangalore,2026-01-14 22:39:56.961907
U3863,50,salaried,44758,446,high,Delhi,2021-02-09 22:39:56.961907
U3864,63,self-employed,129414,678,medium,Bangalore,2022-03-22 22:39:56.961907
U3865,25,student,6960,300,high,Hyderabad,2023-11-26 22:39:56.961907
U3866,20,salaried,112439,606,medium,Hyderabad,2025-12-08 22:39:56.961907
U3867,18,self-employed,195364,863,low,Pune,2023-03-18 22:39:56.961907
U3868,58,student,19461,326,high,Delhi,2023-02-06 22:39:56.961907
U3869,24,student,18305,357,high,Mumbai,2022-09-30 22:39:56.961907
U3870,53,salaried,70864,495,high,Mumbai,2021-02-27 22:39:56.961907
U3871,19,salaried,102292,629,medium,Mumbai,2022-07-05 22:39:56.961907
U3872,38,salaried,44677,395,high,Pune,2021-10-16 22:39:56.961907
U3873,29,student,15933,327,high,Bangalore,2025-01-15 22:39:56.961907
U3874,52,salaried,114340,595,high,Mumbai,2021-12-11 22:39:56.961907
U3875,37,student,9323,374,high,Mumbai,2025-11-22 22:39:56.961907
U3876,19,self-employed,73548,493,high,Hyderabad,2020-10-09 22:39:56.961907
U3877,33,salaried,110524,620,medium,Bangalore,2021-08-01 22:39:56.961907
U3878,63,student,6516,328,high,Mumbai,2024-08-04 22:39:56.961907
U3879,20,self-employed,49292,438,high,Kanpur,2024-06-25 22:39:56.961907
U3880,61,salaried,39918,427,high,Pune,2025-02-13 22:39:56.961907
U3881,37,salaried,48097,398,high,Delhi,2023-08-04 22:39:56.961907
U3882,30,self-employed,186852,821,low,Bangalore,2025-03-15 22:39:56.961907
U3883,54,student,17992,365,high,Kanpur,2021-04-24 22:39:56.961907
U3884,40,salaried,82977,552,high,Pune,2022-01-08 22:39:56.961907
U3885,51,student,13458,372,high,Hyderabad,2022-09-01 22:39:56.961907
U3886,41,self-employed,157835,755,low,Delhi,2022-06-07 22:39:56.961907
U3887,34,self-employed,72032,558,high,Hyderabad,2025-07-25 22:39:56.961907
U3888,59,student,16118,302,high,Pune,2025-10-27 22:39:56.961907
U3889,52,salaried,116415,684,medium,Bangalore,2022-06-23 22:39:56.961907
U3890,39,student,8594,362,high,Kanpur,2023-01-23 22:39:56.961907
U3891,53,self-employed,60547,528,high,Mumbai,2020-11-20 22:39:56.961907
U3892,27,self-employed,171366,855,low,Mumbai,2022-01-15 22:39:56.961907
U3893,59,salaried,68712,535,high,Pune,2023-02-27 22:39:56.961907
U3894,25,student,18724,325,high,Pune,2024-10-04 22:39:56.961907
U3895,48,salaried,69249,545,high,Mumbai,2023-01-07 22:39:56.961907
U3896,62,student,16049,372,high,Delhi,2021-06-03 22:39:56.961907
U3897,27,student,6004,318,high,Pune,2021-10-27 22:39:56.961907
U3898,47,student,15472,388,high,Pune,2022-11-17 22:39:56.961907
U3899,53,salaried,88228,605,medium,Hyderabad,2025-12-13 22:39:56.961907
U3900,23,student,5424,329,high,Hyderabad,2020-09-14 22:39:56.961907
U3901,65,student,19640,405,high,Bangalore,2023-02-04 22:39:56.961907
U3902,45,student,8411,337,high,Pune,2023-06-24 22:39:56.961907
U3903,43,student,16171,315,high,Delhi,2024-05-30 22:39:56.961907
U3904,60,student,17882,386,high,Mumbai,2021-07-02 22:39:56.961907
U3905,22,student,5412,300,high,Hyderabad,2024-11-03 22:39:56.961907
U3906,65,student,12389,374,high,Bangalore,2020-09-17 22:39:56.961907
U3907,30,salaried,32116,385,high,Bangalore,2022-06-04 22:39:56.961907
U3908,33,salaried,59879,516,high,Delhi,2025-04-01 22:39:56.961907
U3909,54,salaried,118601,640,medium,Kanpur,2023-01-17 22:39:56.961907
U3910,27,salaried,34064,354,high,Bangalore,2023-12-01 22:39:56.961907
U3911,35,salaried,117346,683,medium,Bangalore,2024-05-19 22:39:56.961907
U3912,36,student,6430,357,high,Hyderabad,2020-10-05 22:39:56.961907
U3913,32,salaried,90175,567,high,Pune,2021-11-22 22:39:56.961907
U3914,28,student,18760,361,high,Mumbai,2023-05-24 22:39:56.961907
U3915,33,salaried,106008,633,medium,Bangalore,2021-04-09 22:39:56.961907
U3916,24,self-employed,52994,470,high,Bangalore,2021-11-21 22:39:56.961907
U3917,41,self-employed,140237,743,medium,Delhi,2025-01-05 22:39:56.961907
U3918,49,student,19896,328,high,Kanpur,2024-03-19 22:39:56.961907
U3919,19,student,10402,325,high,Mumbai,2021-04-27 22:39:56.961907
U3920,65,student,18129,336,high,Delhi,2021-08-16 22:39:56.961907
U3921,64,salaried,90327,605,medium,Delhi,2021-04-21 22:39:56.961907
U3922,55,student,15906,365,high,Mumbai,2022-06-01 22:39:56.961907
U3923,55,salaried,93362,592,high,Kanpur,2022-07-08 22:39:56.961907
U3924,30,student,18767,348,high,Hyderabad,2023-12-26 22:39:56.961907
U3925,27,self-employed,48922,485,high,Bangalore,2023-12-10 22:39:56.961907
U3926,55,self-employed,26302,358,high,Hyderabad,2024-10-21 22:39:56.961907
U3927,28,student,9049,304,high,Bangalore,2021-10-13 22:39:56.961907
U3928,57,student,10950,343,high,Pune,2024-04-26 22:39:56.961907
U3929,47,salaried,70994,476,high,Delhi,2021-05-30 22:39:56.961907
U3930,46,self-employed,152197,774,low,Delhi,2022-01-27 22:39:56.963134
U3931,18,student,12034,339,high,Bangalore,2022-02-13 22:39:56.963134
U3932,54,student,16530,312,high,Kanpur,2021-07-14 22:39:56.963134
U3933,22,salaried,38935,465,high,Bangalore,2023-09-21 22:39:56.963134
U3934,43,student,11501,303,high,Mumbai,2024-02-22 22:39:56.963134
U3935,44,student,16457,322,high,Delhi,2021-06-21 22:39:56.963134
U3936,61,salaried,98502,577,high,Hyderabad,2022-08-07 22:39:56.963134
U3937,22,salaried,88755,593,high,Kanpur,2025-09-07 22:39:56.963134
U3938,18,salaried,54086,427,high,Mumbai,2025-12-22 22:39:56.963134
U3939,20,student,19070,405,high,Kanpur,2021-07-09 22:39:56.963134
U3940,64,student,17712,317,high,Mumbai,2025-11-13 22:39:56.963134
U3941,20,student,5449,356,high,Delhi,2024-03-09 22:39:56.963134
U3942,43,student,18758,361,high,Kanpur,2023-01-08 22:39:56.963134
U3943,51,student,11658,300,high,Delhi,2021-08-04 22:39:56.963134
U3944,50,self-employed,194533,887,low,Hyderabad,2025-12-09 22:39:56.963134
U3945,18,self-employed,126313,662,medium,Mumbai,2021-02-08 22:39:56.963134
U3946,63,self-employed,73619,560,high,Delhi,2023-01-15 22:39:56.963134
U3947,59,self-employed,76354,516,high,Kanpur,2024-07-24 22:39:56.963134
U3948,61,salaried,87877,526,high,Hyderabad,2021-06-22 22:39:56.963134
U3949,21,self-employed,161798,801,low,Mumbai,2021-08-27 22:39:56.963134
U3950,39,self-employed,70967,483,high,Mumbai,2023-03-01 22:39:56.963134
U3951,34,student,18321,337,high,Hyderabad,2025-08-15 22:39:56.963134
U3952,39,salaried,63232,476,high,Kanpur,2024-08-19 22:39:56.963134
U3953,19,self-employed,149294,743,medium,Mumbai,2025-07-14 22:39:56.963134
U3954,39,self-employed,189150,830,low,Pune,2023-11-30 22:39:56.963134
U3955,47,student,13156,358,high,Pune,2022-02-08 22:39:56.963134
U3956,24,salaried,57263,472,high,Mumbai,2024-11-28 22:39:56.963134
U3957,48,salaried,64658,507,high,Hyderabad,2024-09-23 22:39:56.963134
U3958,33,self-employed,62148,515,high,Pune,2023-06-28 22:39:56.963134
U3959,20,salaried,34290,398,high,Kanpur,2023-06-05 22:39:56.963134
U3960,30,student,5693,300,high,Pune,2021-05-01 22:39:56.963134
U3961,22,salaried,105398,631,medium,Kanpur,2024-03-06 22:39:56.963134
U3962,57,salaried,60092,436,high,Pune,2021-03-16 22:39:56.963134
U3963,31,self-employed,149464,792,low,Mumbai,2023-03-03 22:39:56.963134
U3964,25,student,9515,302,high,Bangalore,2021-07-12 22:39:56.963134
U3965,25,salaried,53553,465,high,Hyderabad,2023-07-30 22:39:56.963134
U3966,65,student,10158,344,high,Delhi,2022-02-16 22:39:56.963134
U3967,31,self-employed,111600,598,high,Delhi,2024-10-17 22:39:56.963134
U3968,46,self-employed,94504,562,high,Delhi,2022-10-25 22:39:56.963134
U3969,32,student,9871,324,high,Delhi,2022-08-06 22:39:56.963134
U3970,50,salaried,90274,608,medium,Delhi,2025-01-20 22:39:56.963134
U3971,24,self-employed,130872,655,medium,Pune,2025-03-21 22:39:56.963134
U3972,37,salaried,83269,580,high,Hyderabad,2020-10-14 22:39:56.963134
U3973,42,self-employed,197251,893,low,Delhi,2023-11-08 22:39:56.963134
U3974,39,student,11572,354,high,Mumbai,2020-10-26 22:39:56.963134
U3975,56,salaried,78915,514,high,Hyderabad,2022-07-28 22:39:56.963134
U3976,42,salaried,118456,685,medium,Mumbai,2022-10-24 22:39:56.963134
U3977,38,student,14116,336,high,Bangalore,2025-04-23 22:39:56.963134
U3978,18,student,19224,355,high,Delhi,2023-11-24 22:39:56.963134
U3979,34,student,16242,339,high,Hyderabad,2025-10-25 22:39:56.963134
U3980,36,salaried,77741,562,high,Mumbai,2025-01-11 22:39:56.963134
U3981,39,salaried,48144,425,high,Bangalore,2022-09-24 22:39:56.963134
U3982,55,salaried,82563,590,high,Delhi,2022-09-23 22:39:56.963134
U3983,44,salaried,96785,574,high,Hyderabad,2021-02-27 22:39:56.963134
U3984,41,student,17558,327,high,Hyderabad,2024-11-08 22:39:56.963134
U3985,47,self-employed,47372,461,high,Bangalore,2023-12-21 22:39:56.963134
U3986,49,salaried,117625,696,medium,Kanpur,2022-04-23 22:39:56.963134
U3987,32,salaried,67513,543,high,Bangalore,2024-02-07 22:39:56.963134
U3988,18,self-employed,161699,834,low,Hyderabad,2025-04-23 22:39:56.963134
U3989,43,self-employed,64143,476,high,Bangalore,2021-08-22 22:39:56.963134
U3990,39,salaried,98122,632,medium,Delhi,2023-07-31 22:39:56.963134
U3991,24,student,8988,365,high,Pune,2025-05-28 22:39:56.963134
U3992,30,student,14644,378,high,Kanpur,2024-03-25 22:39:56.963134
U3993,50,salaried,50044,453,high,Pune,2021-11-19 22:39:56.963134
U3994,60,salaried,89040,569,high,Kanpur,2024-05-21 22:39:56.963134
U3995,64,self-employed,129331,637,medium,Pune,2023-12-26 22:39:56.963134
U3996,53,student,6830,336,high,Kanpur,2025-08-16 22:39:56.963134
U3997,45,self-employed,82519,530,high,Hyderabad,2021-02-11 22:39:56.963134
U3998,33,self-employed,79307,581,high,Kanpur,2022-08-22 22:39:56.963134
U3999,23,student,17130,368,high,Hyderabad,2025-09-07 22:39:56.963134
U4000,27,salaried,104325,641,medium,Pune,2020-10-10 22:39:56.963134
U4001,24,student,9504,318,high,Mumbai,2024-01-06 22:39:56.963134
U4002,30,self-employed,61569,518,high,Kanpur,2025-06-25 22:39:56.963134
U4003,21,self-employed,24450,360,high,Kanpur,2024-07-26 22:39:56.963134
U4004,41,self-employed,134597,692,medium,Kanpur,2023-08-19 22:39:56.963134
U4005,26,salaried,45706,435,high,Hyderabad,2023-01-25 22:39:56.964188
U4006,23,student,17426,366,high,Mumbai,2025-05-23 22:39:56.964188
U4007,27,self-employed,97272,584,high,Bangalore,2023-11-22 22:39:56.964188
U4008,55,student,8962,343,high,Kanpur,2023-09-17 22:39:56.964188
U4009,62,student,12017,325,high,Bangalore,2025-06-29 22:39:56.964188
U4010,26,student,9668,300,high,Delhi,2023-12-19 22:39:56.964188
U4011,32,self-employed,125386,704,medium,Mumbai,2021-07-01 22:39:56.964188
U4012,19,student,15629,350,high,Mumbai,2025-07-09 22:39:56.964188
U4013,35,student,9410,353,high,Pune,2022-02-10 22:39:56.964188
U4014,36,self-employed,114832,626,medium,Delhi,2025-06-04 22:39:56.964188
U4015,52,student,19169,350,high,Delhi,2022-09-23 22:39:56.964188
U4016,35,self-employed,129091,662,medium,Mumbai,2022-05-04 22:39:56.964188
U4017,46,self-employed,96170,553,high,Kanpur,2023-06-23 22:39:56.964188
U4018,19,salaried,85529,606,medium,Delhi,2025-04-17 22:39:56.964188
U4019,38,student,18673,356,high,Pune,2023-02-12 22:39:56.964188
U4020,23,student,11535,324,high,Mumbai,2024-05-15 22:39:56.964188
U4021,55,self-employed,95270,569,high,Delhi,2022-03-11 22:39:56.964188
U4022,47,self-employed,164200,812,low,Bangalore,2024-07-30 22:39:56.964188
U4023,59,salaried,97349,618,medium,Mumbai,2021-07-16 22:39:56.964188
U4024,58,self-employed,34220,444,high,Kanpur,2020-12-19 22:39:56.964188
U4025,35,salaried,80066,563,high,Hyderabad,2021-08-15 22:39:56.964188
U4026,48,salaried,64018,476,high,Mumbai,2023-05-12 22:39:56.964188
U4027,47,salaried,39957,382,high,Hyderabad,2023-02-21 22:39:56.964188
U4028,21,self-employed,182492,824,low,Pune,2021-05-05 22:39:56.964188
U4029,29,student,10644,331,high,Delhi,2024-03-07 22:39:56.964188
U4030,39,self-employed,79578,515,high,Kanpur,2023-08-29 22:39:56.964188
U4031,26,salaried,36032,377,high,Kanpur,2020-10-08 22:39:56.964188
U4032,58,self-employed,142986,727,medium,Mumbai,2022-09-06 22:39:56.964188
U4033,30,student,5214,300,high,Kanpur,2022-07-22 22:39:56.964188
U4034,27,salaried,107179,603,medium,Mumbai,2024-03-23 22:39:56.964188
U4035,64,student,9295,322,high,Pune,2022-11-29 22:39:56.964188
U4036,54,salaried,112685,604,medium,Bangalore,2025-04-29 22:39:56.964188
U4037,37,self-employed,165759,752,low,Kanpur,2021-11-29 22:39:56.964188
U4038,44,student,10513,372,high,Kanpur,2022-05-23 22:39:56.964188
U4039,51,salaried,36027,367,high,Kanpur,2023-01-19 22:39:56.964188
U4040,18,salaried,87392,540,high,Kanpur,2022-07-05 22:39:56.964188
U4041,32,salaried,65108,474,high,Pune,2025-01-15 22:39:56.964188
U4042,19,student,8842,353,high,Bangalore,2023-06-25 22:39:56.964188
U4043,36,salaried,25388,364,high,Hyderabad,2021-10-26 22:39:56.964188
U4044,36,salaried,89564,618,medium,Hyderabad,2021-10-23 22:39:56.964188
U4045,63,salaried,116198,679,medium,Pune,2022-11-28 22:39:56.964188
U4046,40,self-employed,157807,723,medium,Bangalore,2022-08-18 22:39:56.964188
U4047,61,student,19889,367,high,Kanpur,2023-10-10 22:39:56.964188
U4048,50,student,8430,352,high,Hyderabad,2022-04-06 22:39:56.964188
U4049,50,self-employed,102114,575,high,Kanpur,2022-05-31 22:39:56.964188
U4050,28,self-employed,106413,621,medium,Bangalore,2025-05-11 22:39:56.964188
U4051,24,student,7514,300,high,Kanpur,2025-10-13 22:39:56.964188
U4052,50,salaried,59368,499,high,Kanpur,2021-05-05 22:39:56.964188
U4053,24,student,13852,370,high,Delhi,2021-03-20 22:39:56.964188
U4054,62,student,11256,383,high,Mumbai,2021-04-16 22:39:56.964188
U4055,42,student,8283,310,high,Kanpur,2022-02-25 22:39:56.964188
U4056,60,self-employed,20578,323,high,Kanpur,2021-10-18 22:39:56.964188
U4057,64,salaried,95995,632,medium,Hyderabad,2022-12-03 22:39:56.964188
U4058,46,salaried,56770,423,high,Hyderabad,2024-04-11 22:39:56.964188
U4059,32,salaried,115576,683,medium,Pune,2022-02-03 22:39:56.964188
U4060,42,salaried,97141,548,high,Bangalore,2023-07-05 22:39:56.964188
U4061,64,self-employed,134024,656,medium,Mumbai,2024-11-13 22:39:56.964188
U4062,35,student,6535,360,high,Bangalore,2025-10-28 22:39:56.964188
U4063,47,salaried,104882,592,high,Kanpur,2022-09-16 22:39:56.964188
U4064,22,self-employed,71502,539,high,Mumbai,2021-09-15 22:39:56.964188
U4065,36,self-employed,192641,871,low,Delhi,2020-11-25 22:39:56.964188
U4066,56,student,15663,348,high,Kanpur,2024-10-07 22:39:56.964188
U4067,44,salaried,58081,458,high,Kanpur,2021-11-17 22:39:56.964188
U4068,60,self-employed,95253,633,medium,Delhi,2021-02-24 22:39:56.964188
U4069,32,self-employed,78914,582,high,Delhi,2023-07-16 22:39:56.964188
U4070,49,student,10989,320,high,Pune,2025-10-24 22:39:56.964188
U4071,46,salaried,76246,482,high,Delhi,2025-08-24 22:39:56.964188
U4072,27,self-employed,45800,471,high,Delhi,2022-12-25 22:39:56.964188
U4073,64,self-employed,59251,461,high,Hyderabad,2023-10-11 22:39:56.964188
U4074,59,salaried,94004,622,medium,Hyderabad,2021-09-25 22:39:56.965186
U4075,62,self-employed,157685,741,medium,Kanpur,2023-01-07 22:39:56.965186
U4076,30,salaried,58276,488,high,Bangalore,2021-05-12 22:39:56.965186
U4077,22,student,6941,363,high,Kanpur,2023-02-25 22:39:56.965186
U4078,18,salaried,40119,409,high,Delhi,2022-02-22 22:39:56.965186
U4079,26,self-employed,172373,788,low,Mumbai,2024-11-27 22:39:56.965186
U4080,43,salaried,39157,442,high,Mumbai,2025-11-14 22:39:56.965186
U4081,45,salaried,115836,658,medium,Pune,2024-08-22 22:39:56.965186
U4082,21,self-employed,138612,751,low,Kanpur,2021-01-15 22:39:56.965186
U4083,45,student,10903,302,high,Bangalore,2024-02-29 22:39:56.965186
U4084,40,student,10199,373,high,Delhi,2025-05-21 22:39:56.965186
U4085,37,student,17681,334,high,Pune,2022-05-13 22:39:56.965186
U4086,37,self-employed,194081,875,low,Kanpur,2022-04-18 22:39:56.965186
U4087,41,salaried,50687,405,high,Hyderabad,2021-01-10 22:39:56.965186
U4088,29,self-employed,148735,744,medium,Kanpur,2021-12-28 22:39:56.965186
U4089,65,student,7387,324,high,Pune,2024-06-08 22:39:56.965186
U4090,24,self-employed,168291,803,low,Kanpur,2024-11-11 22:39:56.965186
U4091,22,self-employed,198117,894,low,Delhi,2021-09-15 22:39:56.965186
U4092,20,self-employed,56692,480,high,Kanpur,2023-08-21 22:39:56.965186
U4093,38,student,5342,300,high,Mumbai,2022-02-16 22:39:56.965186
U4094,31,salaried,79591,547,high,Pune,2021-05-27 22:39:56.965186
U4095,54,self-employed,112391,644,medium,Mumbai,2022-08-15 22:39:56.965186
U4096,60,student,17683,362,high,Pune,2020-12-14 22:39:56.965186
U4097,38,self-employed,37022,366,high,Delhi,2023-08-01 22:39:56.965186
U4098,47,self-employed,76757,540,high,Mumbai,2023-05-09 22:39:56.965186
U4099,37,salaried,71736,533,high,Bangalore,2022-01-18 22:39:56.965186
U4100,43,salaried,79705,506,high,Mumbai,2024-03-02 22:39:56.965186
U4101,42,salaried,89617,533,high,Kanpur,2021-01-19 22:39:56.965186
U4102,27,salaried,25418,336,high,Hyderabad,2021-03-09 22:39:56.965186
U4103,26,self-employed,25757,410,high,Delhi,2024-04-23 22:39:56.965186
U4104,54,student,7119,305,high,Bangalore,2021-12-31 22:39:56.965186
U4105,33,student,7539,320,high,Delhi,2025-10-05 22:39:56.965186
U4106,34,student,12311,300,high,Mumbai,2020-12-26 22:39:56.965186
U4107,21,self-employed,189075,856,low,Kanpur,2022-09-17 22:39:56.965186
U4108,42,student,6037,300,high,Pune,2023-12-23 22:39:56.965186
U4109,27,self-employed,148206,778,low,Bangalore,2020-12-04 22:39:56.965186
U4110,55,student,18024,314,high,Delhi,2021-04-03 22:39:56.965186
U4111,52,student,17043,352,high,Hyderabad,2023-01-01 22:39:56.965186
U4112,34,self-employed,101734,628,medium,Pune,2023-08-12 22:39:56.965186
U4113,47,self-employed,153943,761,low,Delhi,2023-09-28 22:39:56.965186
U4114,36,student,10232,300,high,Hyderabad,2025-02-10 22:39:56.965186
U4115,34,self-employed,173935,855,low,Delhi,2023-08-15 22:39:56.965186
U4116,24,salaried,110877,644,medium,Kanpur,2025-11-22 22:39:56.965186
U4117,62,salaried,89346,580,high,Pune,2023-10-01 22:39:56.965186
U4118,39,self-employed,199666,900,low,Mumbai,2024-11-08 22:39:56.965186
U4119,24,salaried,27292,431,high,Bangalore,2020-12-31 22:39:56.965186
U4120,61,self-employed,123806,711,medium,Delhi,2020-11-29 22:39:56.965186
U4121,30,student,13240,300,high,Mumbai,2024-05-26 22:39:56.965186
U4122,60,self-employed,48495,475,high,Kanpur,2023-10-12 22:39:56.965186
U4123,31,student,10428,377,high,Bangalore,2021-04-24 22:39:56.965186
U4124,51,student,18378,372,high,Kanpur,2025-07-21 22:39:56.965186
U4125,52,self-employed,32425,375,high,Mumbai,2023-11-22 22:39:56.965186
U4126,26,salaried,95782,568,high,Mumbai,2024-09-26 22:39:56.965186
U4127,63,self-employed,188402,900,low,Pune,2024-12-21 22:39:56.965186
U4128,25,self-employed,184688,834,low,Mumbai,2022-09-04 22:39:56.965186
U4129,27,salaried,93131,538,high,Mumbai,2021-11-07 22:39:56.965186
U4130,47,student,8350,368,high,Hyderabad,2021-09-29 22:39:56.965186
U4131,39,salaried,57876,463,high,Hyderabad,2025-06-09 22:39:56.965186
U4132,42,self-employed,22121,385,high,Delhi,2025-01-10 22:39:56.965186
U4133,60,salaried,108342,649,medium,Kanpur,2022-04-16 22:39:56.965186
U4134,40,student,5577,345,high,Kanpur,2024-10-04 22:39:56.965186
U4135,49,self-employed,102631,625,medium,Kanpur,2025-01-16 22:39:56.965186
U4136,27,self-employed,49941,447,high,Pune,2024-05-24 22:39:56.965186
U4137,45,self-employed,173166,798,low,Bangalore,2024-01-04 22:39:56.965186
U4138,32,student,5140,356,high,Hyderabad,2024-11-01 22:39:56.965186
U4139,44,student,8926,321,high,Hyderabad,2024-11-20 22:39:56.965186
U4140,29,self-employed,59145,449,high,Hyderabad,2023-12-04 22:39:56.965186
U4141,32,student,17161,389,high,Pune,2022-04-30 22:39:56.965186
U4142,60,salaried,63186,534,high,Delhi,2025-09-17 22:39:56.965186
U4143,39,self-employed,106696,578,high,Bangalore,2024-09-28 22:39:56.965186
U4144,31,self-employed,114288,678,medium,Delhi,2021-01-25 22:39:56.965186
U4145,53,student,8398,305,high,Hyderabad,2022-02-12 22:39:56.965186
U4146,44,salaried,52781,442,high,Delhi,2020-11-10 22:39:56.965186
U4147,20,student,9088,300,high,Hyderabad,2024-07-20 22:39:56.966229
U4148,43,student,17122,333,high,Bangalore,2022-03-01 22:39:56.966229
U4149,40,student,6445,359,high,Pune,2024-12-02 22:39:56.966229
U4150,41,student,17215,377,high,Kanpur,2021-08-03 22:39:56.966229
U4151,34,student,13755,327,high,Delhi,2024-02-04 22:39:56.966229
U4152,33,self-employed,118845,650,medium,Mumbai,2024-05-12 22:39:56.966229
U4153,25,self-employed,163978,744,medium,Mumbai,2021-02-12 22:39:56.966229
U4154,20,self-employed,77734,559,high,Pune,2023-09-09 22:39:56.966229
U4155,27,salaried,88121,596,high,Mumbai,2023-06-28 22:39:56.966229
U4156,41,student,14142,352,high,Delhi,2021-09-24 22:39:56.966229
U4157,37,student,17639,351,high,Mumbai,2025-09-28 22:39:56.966229
U4158,52,self-employed,168682,772,low,Kanpur,2020-12-07 22:39:56.966229
U4159,52,salaried,74602,490,high,Bangalore,2020-09-14 22:39:56.966229
U4160,22,self-employed,63586,451,high,Bangalore,2025-11-25 22:39:56.966229
U4161,44,student,9005,306,high,Hyderabad,2025-02-04 22:39:56.966229
U4162,20,student,16718,365,high,Bangalore,2022-08-30 22:39:56.966229
U4163,23,self-employed,162254,774,low,Bangalore,2021-03-05 22:39:56.966229
U4164,49,self-employed,167254,783,low,Delhi,2025-06-02 22:39:56.966229
U4165,21,self-employed,119167,656,medium,Delhi,2022-06-26 22:39:56.966229
U4166,54,self-employed,81183,503,high,Hyderabad,2020-09-30 22:39:56.966229
U4167,55,self-employed,112346,655,medium,Hyderabad,2025-07-15 22:39:56.966229
U4168,27,self-employed,47326,452,high,Hyderabad,2026-01-14 22:39:56.966229
U4169,55,salaried,100207,618,medium,Delhi,2022-07-25 22:39:56.966229
U4170,18,student,15481,333,high,Kanpur,2020-12-10 22:39:56.966229
U4171,31,student,14709,342,high,Hyderabad,2023-11-10 22:39:56.966229
U4172,54,self-employed,43833,475,high,Delhi,2022-12-28 22:39:56.966229
U4173,28,student,7838,300,high,Bangalore,2021-10-10 22:39:56.966229
U4174,39,student,12048,317,high,Mumbai,2023-08-31 22:39:56.966229
U4175,64,self-employed,159849,802,low,Hyderabad,2022-09-06 22:39:56.966229
U4176,62,salaried,26039,331,high,Delhi,2024-01-23 22:39:56.966229
U4177,64,self-employed,35796,449,high,Kanpur,2023-09-06 22:39:56.966229
U4178,28,salaried,49851,415,high,Kanpur,2023-03-19 22:39:56.966229
U4179,39,self-employed,25949,415,high,Hyderabad,2021-01-19 22:39:56.966229
U4180,61,salaried,93163,617,medium,Hyderabad,2020-08-31 22:39:56.966229
U4181,53,student,17781,356,high,Mumbai,2021-09-27 22:39:56.966229
U4182,57,salaried,115951,610,medium,Hyderabad,2023-06-02 22:39:56.966229
U4183,44,salaried,56037,448,high,Kanpur,2025-12-29 22:39:56.966229
U4184,51,salaried,79091,509,high,Bangalore,2025-05-06 22:39:56.966229
U4185,40,student,16199,328,high,Delhi,2022-12-04 22:39:56.966229
U4186,35,salaried,110443,659,medium,Hyderabad,2020-12-03 22:39:56.966229
U4187,22,student,14716,327,high,Pune,2021-10-10 22:39:56.966229
U4188,58,student,12699,380,high,Pune,2025-09-06 22:39:56.966229
U4189,62,self-employed,77676,545,high,Delhi,2024-03-20 22:39:56.966229
U4190,59,self-employed,106084,591,high,Kanpur,2022-12-09 22:39:56.966229
U4191,57,self-employed,147185,697,medium,Kanpur,2023-10-30 22:39:56.966229
U4192,39,student,12174,307,high,Delhi,2021-09-03 22:39:56.966229
U4193,34,student,9432,314,high,Pune,2023-02-09 22:39:56.966229
U4194,59,student,18394,388,high,Hyderabad,2023-03-12 22:39:56.966229
U4195,36,self-employed,52946,448,high,Hyderabad,2022-12-21 22:39:56.966229
U4196,25,salaried,97952,585,high,Delhi,2022-02-25 22:39:56.966229
U4197,44,student,11430,322,high,Mumbai,2024-08-09 22:39:56.966229
U4198,26,student,14557,378,high,Pune,2022-08-04 22:39:56.966229
U4199,24,salaried,57417,515,high,Delhi,2025-03-18 22:39:56.966229
U4200,33,salaried,101759,587,high,Bangalore,2025-05-09 22:39:56.966229
U4201,63,salaried,112940,684,medium,Hyderabad,2024-05-18 22:39:56.966229
U4202,64,salaried,66199,495,high,Bangalore,2021-01-20 22:39:56.966229
U4203,32,salaried,41984,443,high,Bangalore,2025-09-04 22:39:56.966229
U4204,54,student,12268,301,high,Pune,2024-09-05 22:39:56.966229
U4205,58,student,19719,352,high,Pune,2023-05-31 22:39:56.966229
U4206,60,salaried,95595,573,high,Kanpur,2024-03-10 22:39:56.966229
U4207,37,student,10921,325,high,Mumbai,2024-05-22 22:39:56.966229
U4208,35,student,10622,356,high,Hyderabad,2024-05-04 22:39:56.966229
U4209,47,salaried,47369,433,high,Bangalore,2024-12-22 22:39:56.966229
U4210,29,salaried,48330,422,high,Pune,2020-10-03 22:39:56.966229
U4211,60,student,15790,378,high,Delhi,2021-02-26 22:39:56.966229
U4212,29,self-employed,134512,679,medium,Hyderabad,2023-08-20 22:39:56.966229
U4213,33,self-employed,197876,871,low,Pune,2021-05-10 22:39:56.966229
U4214,18,student,18903,359,high,Hyderabad,2022-02-08 22:39:56.966229
U4215,23,self-employed,152948,771,low,Mumbai,2024-03-26 22:39:56.966229
U4216,18,student,18426,375,high,Hyderabad,2021-01-02 22:39:56.966229
U4217,65,self-employed,193653,900,low,Kanpur,2024-09-16 22:39:56.966229
U4218,35,student,10869,364,high,Mumbai,2025-09-24 22:39:56.966229
U4219,49,student,15921,396,high,Bangalore,2024-06-01 22:39:56.967234
U4220,50,self-employed,147818,714,medium,Delhi,2022-10-17 22:39:56.967234
U4221,19,salaried,48056,399,high,Bangalore,2024-08-26 22:39:56.967234
U4222,55,self-employed,91298,604,medium,Mumbai,2023-12-27 22:39:56.967234
U4223,59,salaried,44768,471,high,Mumbai,2023-06-06 22:39:56.967234
U4224,47,self-employed,23787,396,high,Bangalore,2022-03-15 22:39:56.967234
U4225,30,salaried,87916,571,high,Hyderabad,2022-02-22 22:39:56.967234
U4226,45,student,15761,383,high,Kanpur,2020-09-07 22:39:56.967234
U4227,19,student,5859,339,high,Kanpur,2021-06-23 22:39:56.967234
U4228,57,student,15922,380,high,Mumbai,2022-04-28 22:39:56.967234
U4229,36,self-employed,182385,843,low,Kanpur,2020-09-07 22:39:56.967234
U4230,25,self-employed,31645,416,high,Hyderabad,2023-06-14 22:39:56.967234
U4231,43,student,9647,356,high,Bangalore,2023-10-15 22:39:56.967234
U4232,46,salaried,105302,574,high,Delhi,2022-05-15 22:39:56.967234
U4233,22,student,12993,359,high,Pune,2025-05-09 22:39:56.967234
U4234,24,student,9774,314,high,Kanpur,2020-11-17 22:39:56.967234
U4235,48,salaried,82351,584,high,Hyderabad,2023-07-10 22:39:56.967234
U4236,42,student,19162,311,high,Bangalore,2023-09-14 22:39:56.967234
U4237,35,self-employed,112306,595,high,Kanpur,2026-01-02 22:39:56.967234
U4238,24,self-employed,100216,595,high,Hyderabad,2025-04-10 22:39:56.967234
U4239,64,self-employed,46251,419,high,Pune,2025-05-28 22:39:56.967234
U4240,43,self-employed,112569,656,medium,Pune,2021-06-25 22:39:56.967234
U4241,21,student,12719,386,high,Bangalore,2021-01-15 22:39:56.967234
U4242,29,salaried,108695,639,medium,Hyderabad,2022-09-24 22:39:56.967234
U4243,57,self-employed,29212,353,high,Hyderabad,2022-02-01 22:39:56.967234
U4244,44,self-employed,84169,553,high,Hyderabad,2022-07-01 22:39:56.967234
U4245,45,salaried,72050,466,high,Delhi,2024-01-13 22:39:56.967234
U4246,32,self-employed,180819,814,low,Bangalore,2023-11-03 22:39:56.967234
U4247,47,student,12678,326,high,Kanpur,2020-12-11 22:39:56.967234
U4248,20,self-employed,67316,481,high,Pune,2025-12-04 22:39:56.967234
U4249,32,salaried,103251,569,high,Pune,2021-03-14 22:39:56.967234
U4250,64,salaried,100009,601,medium,Kanpur,2022-12-29 22:39:56.967234
U4251,58,salaried,34319,443,high,Pune,2023-12-02 22:39:56.967234
U4252,43,student,12089,342,high,Hyderabad,2022-12-06 22:39:56.967234
U4253,46,self-employed,57639,499,high,Bangalore,2022-05-13 22:39:56.967234
U4254,62,student,12135,348,high,Hyderabad,2024-01-01 22:39:56.967234
U4255,62,self-employed,151626,763,low,Kanpur,2023-07-04 22:39:56.967234
U4256,61,self-employed,74147,500,high,Hyderabad,2024-07-10 22:39:56.967234
U4257,44,student,5941,322,high,Hyderabad,2025-05-05 22:39:56.967234
U4258,21,student,18492,325,high,Mumbai,2023-06-14 22:39:56.967234
U4259,57,salaried,40473,380,high,Mumbai,2023-08-30 22:39:56.967234
U4260,43,salaried,70056,517,high,Mumbai,2025-06-23 22:39:56.967234
U4261,59,salaried,94490,607,medium,Kanpur,2023-09-29 22:39:56.967234
U4262,35,student,9813,306,high,Bangalore,2022-11-18 22:39:56.967234
U4263,49,salaried,40528,420,high,Mumbai,2023-05-14 22:39:56.967234
U4264,63,salaried,114312,609,medium,Mumbai,2022-01-30 22:39:56.967234
U4265,46,salaried,111302,668,medium,Kanpur,2021-08-29 22:39:56.967234
U4266,37,student,8414,338,high,Delhi,2025-11-25 22:39:56.967234
U4267,63,self-employed,45921,467,high,Mumbai,2025-12-12 22:39:56.967234
U4268,19,salaried,107565,624,medium,Bangalore,2023-04-19 22:39:56.967234
U4269,43,self-employed,156908,814,low,Pune,2022-12-14 22:39:56.967234
U4270,23,student,13674,311,high,Pune,2025-07-01 22:39:56.967234
U4271,38,student,6633,300,high,Delhi,2022-03-26 22:39:56.967234
U4272,53,self-employed,36934,425,high,Bangalore,2025-10-06 22:39:56.967234
U4273,51,salaried,93347,543,high,Pune,2024-09-08 22:39:56.967234
U4274,25,self-employed,82549,572,high,Bangalore,2021-06-04 22:39:56.967234
U4275,21,salaried,68555,472,high,Pune,2022-03-03 22:39:56.967234
U4276,45,salaried,101706,556,high,Bangalore,2025-11-26 22:39:56.967234
U4277,65,self-employed,122405,646,medium,Mumbai,2022-08-31 22:39:56.967234
U4278,57,self-employed,100507,645,medium,Pune,2024-11-17 22:39:56.967234
U4279,27,self-employed,105316,581,high,Mumbai,2023-12-22 22:39:56.967234
U4280,57,self-employed,95567,567,high,Delhi,2024-11-13 22:39:56.967234
U4281,35,self-employed,83522,571,high,Hyderabad,2023-01-28 22:39:56.967234
U4282,29,student,6958,309,high,Delhi,2022-07-21 22:39:56.967234
U4283,22,student,15006,346,high,Hyderabad,2022-04-06 22:39:56.967234
U4284,23,salaried,32177,415,high,Delhi,2024-01-21 22:39:56.967234
U4285,19,self-employed,99085,563,high,Pune,2021-10-14 22:39:56.967234
U4286,35,self-employed,57146,516,high,Hyderabad,2024-12-16 22:39:56.967234
U4287,42,salaried,64847,472,high,Mumbai,2023-05-10 22:39:56.967234
U4288,52,student,6064,341,high,Kanpur,2022-12-08 22:39:56.967234
U4289,55,salaried,45831,486,high,Bangalore,2024-06-06 22:39:56.967234
U4290,18,salaried,76678,563,high,Hyderabad,2023-06-07 22:39:56.968237
U4291,56,salaried,97005,566,high,Delhi,2020-09-10 22:39:56.968237
U4292,58,self-employed,104905,615,medium,Delhi,2021-11-07 22:39:56.968237
U4293,35,self-employed,55175,416,high,Bangalore,2022-02-08 22:39:56.968237
U4294,63,salaried,92922,574,high,Bangalore,2021-04-11 22:39:56.968237
U4295,37,student,5108,350,high,Hyderabad,2024-10-03 22:39:56.968237
U4296,61,salaried,55092,424,high,Bangalore,2025-05-23 22:39:56.968237
U4297,26,student,8611,324,high,Pune,2023-12-25 22:39:56.968237
U4298,55,student,7725,361,high,Delhi,2023-04-13 22:39:56.968237
U4299,62,self-employed,49247,406,high,Hyderabad,2024-11-13 22:39:56.968237
U4300,64,salaried,74736,559,high,Mumbai,2025-06-25 22:39:56.968237
U4301,55,student,11830,339,high,Pune,2026-01-16 22:39:56.968237
U4302,25,student,14417,351,high,Mumbai,2023-01-25 22:39:56.968237
U4303,48,student,18343,343,high,Bangalore,2022-09-25 22:39:56.968237
U4304,21,student,7079,325,high,Pune,2021-09-01 22:39:56.968237
U4305,47,self-employed,93956,541,high,Delhi,2023-03-11 22:39:56.968237
U4306,33,salaried,72976,538,high,Bangalore,2025-12-10 22:39:56.968237
U4307,41,student,5351,339,high,Delhi,2021-12-16 22:39:56.968237
U4308,39,student,6949,300,high,Kanpur,2022-08-07 22:39:56.968237
U4309,35,student,11494,318,high,Kanpur,2022-03-11 22:39:56.968237
U4310,57,self-employed,26979,366,high,Hyderabad,2025-01-04 22:39:56.968237
U4311,63,self-employed,175978,801,low,Mumbai,2025-05-14 22:39:56.968237
U4312,55,salaried,59889,467,high,Pune,2024-05-29 22:39:56.968237
U4313,37,student,12184,373,high,Delhi,2021-01-25 22:39:56.968237
U4314,26,self-employed,186835,861,low,Hyderabad,2025-12-28 22:39:56.968237
U4315,25,salaried,35464,367,high,Hyderabad,2024-05-06 22:39:56.968237
U4316,23,self-employed,194385,900,low,Delhi,2023-09-16 22:39:56.968237
U4317,31,salaried,91811,568,high,Mumbai,2022-07-29 22:39:56.968237
U4318,55,self-employed,95671,570,high,Kanpur,2024-01-14 22:39:56.968237
U4319,35,student,9757,375,high,Bangalore,2025-02-04 22:39:56.968237
U4320,35,salaried,77398,578,high,Bangalore,2024-12-14 22:39:56.968237
U4321,39,student,10424,303,high,Pune,2024-04-18 22:39:56.968237
U4322,45,salaried,103381,627,medium,Kanpur,2025-05-14 22:39:56.968237
U4323,58,salaried,82812,543,high,Delhi,2024-01-26 22:39:56.968237
U4324,51,self-employed,185896,843,low,Mumbai,2023-07-28 22:39:56.968237
U4325,48,self-employed,55400,434,high,Kanpur,2021-12-03 22:39:56.968237
U4326,62,student,16434,313,high,Bangalore,2025-12-04 22:39:56.968237
U4327,36,salaried,37075,414,high,Bangalore,2024-04-02 22:39:56.968237
U4328,20,student,12670,336,high,Bangalore,2022-06-19 22:39:56.968237
U4329,35,self-employed,191442,839,low,Delhi,2024-01-07 22:39:56.968237
U4330,26,self-employed,167759,769,low,Bangalore,2022-06-24 22:39:56.968237
U4331,36,salaried,42680,474,high,Bangalore,2022-10-27 22:39:56.968237
U4332,44,self-employed,88623,523,high,Hyderabad,2021-10-02 22:39:56.968237
U4333,32,student,18364,314,high,Mumbai,2021-02-21 22:39:56.968237
U4334,30,self-employed,48056,475,high,Mumbai,2024-03-24 22:39:56.968237
U4335,40,self-employed,168911,759,low,Delhi,2025-12-17 22:39:56.968237
U4336,25,self-employed,125091,709,medium,Mumbai,2021-06-14 22:39:56.968237
U4337,49,student,6970,323,high,Delhi,2023-09-26 22:39:56.968237
U4338,38,self-employed,157713,764,low,Bangalore,2024-03-15 22:39:56.968237
U4339,38,salaried,66085,493,high,Pune,2024-01-04 22:39:56.968237
U4340,46,self-employed,153314,722,medium,Delhi,2023-02-08 22:39:56.968237
U4341,65,student,8356,300,high,Kanpur,2022-09-29 22:39:56.968237
U4342,43,self-employed,136840,672,medium,Delhi,2020-11-17 22:39:56.968237
U4343,32,student,13415,343,high,Bangalore,2023-05-22 22:39:56.968237
U4344,43,student,8416,300,high,Pune,2024-04-28 22:39:56.968237
U4345,32,salaried,117020,697,medium,Pune,2021-10-11 22:39:56.968237
U4346,63,salaried,48559,477,high,Pune,2025-11-04 22:39:56.968237
U4347,23,student,14568,392,high,Pune,2025-04-28 22:39:56.968237
U4348,41,self-employed,170797,794,low,Mumbai,2025-10-26 22:39:56.968237
U4349,33,student,18029,396,high,Kanpur,2024-07-09 22:39:56.968237
U4350,55,salaried,80456,575,high,Mumbai,2024-05-31 22:39:56.968237
U4351,52,student,7073,370,high,Kanpur,2020-12-15 22:39:56.968237
U4352,23,student,18474,366,high,Mumbai,2025-09-24 22:39:56.968237
U4353,58,student,16763,373,high,Bangalore,2024-12-23 22:39:56.968237
U4354,40,student,18111,333,high,Delhi,2025-11-13 22:39:56.968237
U4355,24,student,9872,365,high,Delhi,2021-11-22 22:39:56.968237
U4356,32,self-employed,61514,473,high,Delhi,2023-05-14 22:39:56.968237
U4357,24,student,17919,337,high,Hyderabad,2023-10-15 22:39:56.968237
U4358,26,student,17506,364,high,Mumbai,2024-07-06 22:39:56.968237
U4359,63,salaried,87275,546,high,Kanpur,2021-04-14 22:39:56.968237
U4360,56,salaried,103887,642,medium,Mumbai,2024-10-12 22:39:56.968237
U4361,62,salaried,40069,451,high,Hyderabad,2022-07-16 22:39:56.968237
U4362,26,self-employed,167710,765,low,Pune,2022-02-02 22:39:56.968237
U4363,28,student,9316,314,high,Delhi,2022-07-09 22:39:56.968237
U4364,57,student,9738,377,high,Delhi,2024-03-10 22:39:56.968237
U4365,57,self-employed,91148,548,high,Pune,2024-08-17 22:39:56.968237
U4366,31,salaried,64373,463,high,Delhi,2020-10-25 22:39:56.968237
U4367,41,student,19202,366,high,Bangalore,2020-11-23 22:39:56.968237
U4368,20,self-employed,167266,805,low,Pune,2025-12-31 22:39:56.968237
U4369,24,salaried,63217,513,high,Hyderabad,2022-11-06 22:39:56.968237
U4370,45,salaried,44635,463,high,Mumbai,2023-08-31 22:39:56.968237
U4371,49,student,12492,323,high,Pune,2025-03-17 22:39:56.968237
U4372,57,salaried,73131,482,high,Kanpur,2023-10-05 22:39:56.968237
U4373,18,student,18934,317,high,Kanpur,2021-07-27 22:39:56.968237
U4374,18,salaried,117678,694,medium,Pune,2023-05-17 22:39:56.968237
U4375,30,self-employed,119680,613,medium,Hyderabad,2024-04-29 22:39:56.968237
U4376,33,student,6393,349,high,Pune,2022-06-19 22:39:56.968237
U4377,33,self-employed,40000,382,high,Kanpur,2021-02-12 22:39:56.968237
U4378,49,student,17718,374,high,Bangalore,2021-06-01 22:39:56.968237
U4379,39,self-employed,191667,889,low,Bangalore,2025-02-12 22:39:56.968237
U4380,61,salaried,42968,421,high,Mumbai,2022-10-10 22:39:56.968237
U4381,20,self-employed,189051,818,low,Kanpur,2023-09-19 22:39:56.968237
U4382,48,salaried,118636,647,medium,Hyderabad,2023-05-28 22:39:56.968237
U4383,31,self-employed,71469,551,high,Bangalore,2022-11-28 22:39:56.968237
U4384,26,salaried,30963,428,high,Bangalore,2025-11-30 22:39:56.969547
U4385,53,student,14719,348,high,Mumbai,2023-04-22 22:39:56.969547
U4386,27,student,17919,385,high,Mumbai,2021-05-24 22:39:56.969547
U4387,65,self-employed,126184,630,medium,Delhi,2023-08-25 22:39:56.969547
U4388,58,self-employed,197921,886,low,Bangalore,2025-11-21 22:39:56.969547
U4389,21,student,6632,327,high,Mumbai,2020-11-19 22:39:56.969547
U4390,28,salaried,58274,465,high,Bangalore,2025-11-04 22:39:56.969547
U4391,58,self-employed,51400,497,high,Pune,2022-09-17 22:39:56.969547
U4392,43,student,12864,349,high,Delhi,2026-01-06 22:39:56.969547
U4393,19,self-employed,141581,711,medium,Kanpur,2022-07-28 22:39:56.969547
U4394,19,salaried,95246,627,medium,Delhi,2025-01-02 22:39:56.969547
U4395,61,student,10651,300,high,Hyderabad,2021-05-10 22:39:56.969547
U4396,40,student,15725,306,high,Bangalore,2025-09-23 22:39:56.969547
U4397,32,salaried,118335,607,medium,Mumbai,2022-11-24 22:39:56.969547
U4398,51,student,10724,309,high,Hyderabad,2023-08-13 22:39:56.969547
U4399,29,student,17639,387,high,Hyderabad,2023-06-26 22:39:56.969547
U4400,28,salaried,25520,391,high,Delhi,2022-11-07 22:39:56.969547
U4401,43,salaried,34891,401,high,Bangalore,2026-01-02 22:39:56.969547
U4402,58,salaried,34579,447,high,Pune,2021-10-01 22:39:56.969547
U4403,61,salaried,66055,473,high,Mumbai,2024-12-08 22:39:56.969547
U4404,29,salaried,86462,541,high,Bangalore,2022-03-19 22:39:56.969547
U4405,50,self-employed,154549,737,medium,Bangalore,2025-07-09 22:39:56.969547
U4406,29,self-employed,159046,750,low,Hyderabad,2025-05-06 22:39:56.969547
U4407,55,salaried,106642,666,medium,Bangalore,2022-04-15 22:39:56.969547
U4408,27,self-employed,57651,426,high,Kanpur,2025-02-10 22:39:56.969547
U4409,36,salaried,63177,491,high,Hyderabad,2021-03-11 22:39:56.969547
U4410,37,salaried,72296,521,high,Mumbai,2023-07-08 22:39:56.969547
U4411,18,salaried,118129,635,medium,Mumbai,2020-10-14 22:39:56.969547
U4412,62,self-employed,63880,509,high,Kanpur,2022-03-22 22:39:56.969547
U4413,48,salaried,37120,366,high,Kanpur,2025-03-27 22:39:56.969547
U4414,56,self-employed,104714,571,high,Hyderabad,2024-04-15 22:39:56.969547
U4415,34,salaried,50058,440,high,Mumbai,2023-04-26 22:39:56.969547
U4416,51,salaried,64582,458,high,Hyderabad,2023-03-11 22:39:56.969547
U4417,53,self-employed,193614,900,low,Mumbai,2024-12-30 22:39:56.969547
U4418,60,self-employed,66515,492,high,Delhi,2025-04-09 22:39:56.969547
U4419,22,student,16619,388,high,Hyderabad,2021-01-26 22:39:56.969547
U4420,35,student,5281,325,high,Mumbai,2024-03-21 22:39:56.969547
U4421,37,self-employed,172251,842,low,Bangalore,2022-11-17 22:39:56.969547
U4422,24,salaried,26783,423,high,Bangalore,2022-09-22 22:39:56.969547
U4423,19,student,16728,374,high,Pune,2025-08-05 22:39:56.969547
U4424,64,salaried,33877,424,high,Kanpur,2022-12-25 22:39:56.969547
U4425,63,self-employed,142423,705,medium,Kanpur,2021-01-26 22:39:56.969547
U4426,53,self-employed,98907,637,medium,Pune,2023-05-15 22:39:56.969547
U4427,36,salaried,54265,415,high,Bangalore,2025-05-14 22:39:56.969547
U4428,28,salaried,53505,432,high,Bangalore,2022-07-13 22:39:56.969547
U4429,34,self-employed,41837,463,high,Hyderabad,2023-09-01 22:39:56.969547
U4430,31,self-employed,121890,687,medium,Pune,2025-03-02 22:39:56.969547
U4431,47,student,9898,300,high,Bangalore,2021-03-31 22:39:56.969547
U4432,19,student,13672,388,high,Bangalore,2024-09-26 22:39:56.969547
U4433,58,student,7556,350,high,Delhi,2024-02-19 22:39:56.969547
U4434,34,self-employed,169610,806,low,Delhi,2024-06-03 22:39:56.969547
U4435,48,student,14151,300,high,Kanpur,2025-08-03 22:39:56.969547
U4436,57,salaried,41720,417,high,Bangalore,2022-01-09 22:39:56.969547
U4437,35,salaried,51204,423,high,Hyderabad,2023-11-06 22:39:56.969547
U4438,19,self-employed,167626,765,low,Hyderabad,2024-07-10 22:39:56.969547
U4439,62,student,6147,350,high,Hyderabad,2021-05-17 22:39:56.969547
U4440,61,student,16167,386,high,Pune,2025-05-07 22:39:56.969547
U4441,38,salaried,94105,550,high,Pune,2023-04-18 22:39:56.969547
U4442,62,student,13611,382,high,Delhi,2023-07-25 22:39:56.969547
U4443,21,student,9290,300,high,Hyderabad,2025-05-25 22:39:56.969547
U4444,20,student,13646,365,high,Pune,2022-03-10 22:39:56.969547
U4445,44,salaried,78616,486,high,Hyderabad,2022-01-04 22:39:56.969547
U4446,54,student,6100,306,high,Bangalore,2024-12-17 22:39:56.969547
U4447,27,self-employed,141148,733,medium,Delhi,2021-05-27 22:39:56.969547
U4448,25,salaried,92307,588,high,Bangalore,2021-08-02 22:39:56.969547
U4449,40,salaried,57003,464,high,Pune,2023-11-23 22:39:56.969547
U4450,60,student,8334,333,high,Mumbai,2022-09-02 22:39:56.969547
U4451,34,student,17739,393,high,Kanpur,2023-05-10 22:39:56.969547
U4452,39,salaried,50399,458,high,Mumbai,2023-01-25 22:39:56.969547
U4453,52,salaried,58676,520,high,Mumbai,2021-11-11 22:39:56.969547
U4454,19,student,18106,315,high,Hyderabad,2021-11-14 22:39:56.969547
U4455,60,self-employed,68861,512,high,Mumbai,2024-04-10 22:39:56.969547
U4456,32,salaried,43369,473,high,Mumbai,2021-08-31 22:39:56.969547
U4457,24,salaried,34456,422,high,Pune,2022-03-30 22:39:56.969547
U4458,25,self-employed,169469,808,low,Kanpur,2023-02-25 22:39:56.970590
U4459,22,student,17807,310,high,Mumbai,2022-08-18 22:39:56.970590
U4460,44,self-employed,32819,389,high,Delhi,2021-01-22 22:39:56.970590
U4461,62,salaried,38318,461,high,Kanpur,2022-03-15 22:39:56.970590
U4462,59,salaried,114435,690,medium,Mumbai,2023-09-16 22:39:56.970590
U4463,39,self-employed,166580,810,low,Pune,2021-03-29 22:39:56.970590
U4464,26,salaried,119865,652,medium,Kanpur,2020-12-27 22:39:56.970590
U4465,24,salaried,116103,697,medium,Mumbai,2024-09-26 22:39:56.970590
U4466,58,salaried,50781,494,high,Mumbai,2023-12-30 22:39:56.970590
U4467,27,self-employed,70021,529,high,Pune,2021-08-06 22:39:56.970590
U4468,53,student,7155,354,high,Hyderabad,2023-08-07 22:39:56.970590
U4469,61,salaried,67970,550,high,Mumbai,2025-07-12 22:39:56.970590
U4470,42,salaried,27449,334,high,Delhi,2022-01-18 22:39:56.970590
U4471,42,student,5637,300,high,Hyderabad,2025-09-08 22:39:56.970590
U4472,21,salaried,69830,480,high,Pune,2025-06-17 22:39:56.970590
U4473,58,salaried,113328,689,medium,Delhi,2023-05-10 22:39:56.970590
U4474,20,student,6051,300,high,Delhi,2020-12-06 22:39:56.970590
U4475,61,salaried,26796,415,high,Bangalore,2022-10-26 22:39:56.970590
U4476,64,salaried,42132,450,high,Bangalore,2023-09-14 22:39:56.970590
U4477,62,self-employed,53731,423,high,Hyderabad,2021-06-06 22:39:56.970590
U4478,19,self-employed,33419,427,high,Delhi,2023-05-15 22:39:56.970590
U4479,42,self-employed,106068,582,high,Hyderabad,2023-03-04 22:39:56.970590
U4480,46,salaried,74299,549,high,Mumbai,2025-05-18 22:39:56.970590
U4481,30,salaried,32299,446,high,Delhi,2023-09-23 22:39:56.970590
U4482,34,self-employed,23150,376,high,Bangalore,2025-04-03 22:39:56.970590
U4483,18,student,6036,307,high,Hyderabad,2021-05-23 22:39:56.970590
U4484,64,student,19487,390,high,Bangalore,2025-01-28 22:39:56.970590
U4485,18,student,13787,302,high,Bangalore,2025-05-09 22:39:56.970590
U4486,31,salaried,41140,451,high,Hyderabad,2024-05-06 22:39:56.970590
U4487,41,student,9222,358,high,Mumbai,2024-08-31 22:39:56.970590
U4488,63,student,9664,356,high,Pune,2021-05-09 22:39:56.970590
U4489,33,self-employed,161105,806,low,Hyderabad,2025-04-22 22:39:56.970590
U4490,19,student,11578,312,high,Hyderabad,2021-09-18 22:39:56.970590
U4491,37,student,12286,330,high,Delhi,2023-07-27 22:39:56.970590
U4492,65,student,6424,342,high,Delhi,2021-07-17 22:39:56.970590
U4493,30,student,7245,369,high,Delhi,2020-09-18 22:39:56.970590
U4494,20,salaried,58986,483,high,Kanpur,2023-09-26 22:39:56.970590
U4495,28,student,9889,300,high,Delhi,2023-01-19 22:39:56.970590
U4496,38,self-employed,192655,859,low,Delhi,2022-11-12 22:39:56.970590
U4497,50,self-employed,186160,869,low,Hyderabad,2022-09-21 22:39:56.970590
U4498,27,self-employed,55203,490,high,Bangalore,2023-01-15 22:39:56.970590
U4499,50,salaried,29715,351,high,Kanpur,2023-06-08 22:39:56.970590
U4500,61,student,11882,373,high,Pune,2021-02-01 22:39:56.970590
U4501,37,student,7182,330,high,Pune,2022-12-14 22:39:56.970590
U4502,57,student,12166,343,high,Hyderabad,2025-08-09 22:39:56.970590
U4503,22,self-employed,59693,459,high,Kanpur,2024-12-30 22:39:56.970590
U4504,20,student,10583,362,high,Kanpur,2023-09-03 22:39:56.970590
U4505,38,self-employed,183325,859,low,Pune,2022-01-01 22:39:56.970590
U4506,18,salaried,31669,443,high,Kanpur,2025-11-24 22:39:56.970590
U4507,28,self-employed,157428,736,medium,Bangalore,2024-11-22 22:39:56.970590
U4508,64,self-employed,65013,474,high,Delhi,2024-02-02 22:39:56.970590
U4509,26,self-employed,56954,426,high,Pune,2025-07-27 22:39:56.970590
U4510,22,student,9051,311,high,Kanpur,2025-10-20 22:39:56.970590
U4511,25,self-employed,20740,404,high,Bangalore,2022-01-27 22:39:56.970590
U4512,49,self-employed,145855,700,medium,Bangalore,2021-08-07 22:39:56.970590
U4513,26,salaried,55066,507,high,Pune,2025-10-19 22:39:56.970590
U4514,24,student,18374,337,high,Delhi,2023-06-27 22:39:56.970590
U4515,48,self-employed,32210,379,high,Bangalore,2023-07-26 22:39:56.970590
U4516,53,salaried,62012,484,high,Bangalore,2020-09-30 22:39:56.970590
U4517,55,salaried,54421,485,high,Pune,2021-12-22 22:39:56.970590
U4518,51,salaried,61128,433,high,Pune,2021-08-31 22:39:56.970590
U4519,19,self-employed,187651,893,low,Mumbai,2021-08-02 22:39:56.970590
U4520,29,salaried,34220,365,high,Delhi,2022-09-30 22:39:56.970590
U4521,22,student,5394,334,high,Hyderabad,2024-04-27 22:39:56.970590
U4522,50,self-employed,35913,376,high,Pune,2023-04-22 22:39:56.970590
U4523,26,salaried,29499,418,high,Pune,2025-07-25 22:39:56.970590
U4524,62,student,18703,371,high,Delhi,2025-12-05 22:39:56.970590
U4525,18,salaried,28582,385,high,Kanpur,2025-08-05 22:39:56.970590
U4526,35,salaried,65587,461,high,Pune,2024-02-02 22:39:56.970590
U4527,43,salaried,41066,448,high,Kanpur,2021-05-23 22:39:56.970590
U4528,26,self-employed,61760,487,high,Pune,2022-11-21 22:39:56.970590
U4529,32,student,7484,347,high,Hyderabad,2023-01-23 22:39:56.970590
U4530,27,student,12413,323,high,Delhi,2024-06-11 22:39:56.970590
U4531,62,student,14817,307,high,Bangalore,2022-12-09 22:39:56.970590
U4532,50,self-employed,47019,487,high,Mumbai,2022-05-16 22:39:56.970590
U4533,19,salaried,115507,664,medium,Hyderabad,2025-07-04 22:39:56.970590
U4534,43,student,19010,331,high,Pune,2023-02-17 22:39:56.970590
U4535,43,student,12756,311,high,Bangalore,2024-03-02 22:39:56.970590
U4536,55,self-employed,46291,412,high,Pune,2022-01-13 22:39:56.970590
U4537,24,salaried,111679,600,medium,Pune,2025-09-13 22:39:56.970590
U4538,47,self-employed,140003,727,medium,Pune,2024-07-27 22:39:56.970590
U4539,29,salaried,90714,523,high,Kanpur,2020-09-02 22:39:56.970590
U4540,38,self-employed,104386,594,high,Bangalore,2024-10-18 22:39:56.970590
U4541,41,salaried,109563,675,medium,Hyderabad,2024-08-04 22:39:56.971836
U4542,39,salaried,88770,559,high,Hyderabad,2025-08-02 22:39:56.971836
U4543,42,student,9570,300,high,Kanpur,2022-04-29 22:39:56.971836
U4544,40,student,13115,324,high,Pune,2022-04-09 22:39:56.971836
U4545,64,student,6798,300,high,Mumbai,2021-10-11 22:39:56.971836
U4546,53,self-employed,117720,624,medium,Bangalore,2024-12-07 22:39:56.971836
U4547,53,salaried,100289,566,high,Kanpur,2025-06-11 22:39:56.971836
U4548,46,salaried,115505,632,medium,Mumbai,2024-09-23 22:39:56.971836
U4549,36,self-employed,30766,382,high,Bangalore,2022-08-12 22:39:56.971836
U4550,24,student,17373,401,high,Kanpur,2022-05-03 22:39:56.971836
U4551,38,student,13691,342,high,Kanpur,2021-11-25 22:39:56.971836
U4552,65,student,14521,300,high,Hyderabad,2022-03-17 22:39:56.971836
U4553,52,salaried,114576,687,medium,Bangalore,2022-08-28 22:39:56.971836
U4554,58,salaried,67643,531,high,Delhi,2025-02-25 22:39:56.971836
U4555,35,self-employed,154667,757,low,Pune,2023-08-08 22:39:56.971836
U4556,58,salaried,118673,622,medium,Delhi,2022-12-02 22:39:56.971836
U4557,27,self-employed,21648,400,high,Kanpur,2021-12-17 22:39:56.971836
U4558,38,self-employed,100859,601,medium,Hyderabad,2025-03-13 22:39:56.971836
U4559,58,self-employed,53956,493,high,Hyderabad,2025-10-06 22:39:56.971836
U4560,60,student,6172,313,high,Pune,2022-10-23 22:39:56.971836
U4561,20,self-employed,55656,419,high,Hyderabad,2021-05-18 22:39:56.971836
U4562,48,student,14020,300,high,Kanpur,2024-04-22 22:39:56.971836
U4563,33,student,9077,362,high,Mumbai,2021-09-04 22:39:56.971836
U4564,54,self-employed,177874,851,low,Hyderabad,2025-10-25 22:39:56.971836
U4565,55,salaried,74971,536,high,Mumbai,2024-07-20 22:39:56.971836
U4566,38,self-employed,189915,886,low,Bangalore,2021-04-22 22:39:56.971836
U4567,30,student,14576,372,high,Mumbai,2022-11-15 22:39:56.971836
U4568,48,self-employed,110871,610,medium,Delhi,2025-01-10 22:39:56.971836
U4569,46,self-employed,99160,606,medium,Pune,2024-02-18 22:39:56.971836
U4570,37,self-employed,176379,823,low,Delhi,2025-08-27 22:39:56.971836
U4571,50,self-employed,76926,483,high,Mumbai,2023-05-13 22:39:56.971836
U4572,33,salaried,115452,687,medium,Pune,2022-08-27 22:39:56.971836
U4573,42,student,17407,336,high,Kanpur,2024-03-05 22:39:56.971836
U4574,41,student,17514,336,high,Mumbai,2021-11-17 22:39:56.971836
U4575,60,self-employed,189931,824,low,Kanpur,2025-02-09 22:39:56.971836
U4576,47,self-employed,69361,546,high,Mumbai,2021-08-03 22:39:56.971836
U4577,28,salaried,81231,561,high,Delhi,2025-10-08 22:39:56.971836
U4578,26,student,9252,300,high,Hyderabad,2025-07-10 22:39:56.971836
U4579,61,self-employed,60937,437,high,Kanpur,2024-10-04 22:39:56.971836
U4580,27,student,17401,379,high,Pune,2021-12-04 22:39:56.971836
U4581,64,salaried,64697,508,high,Bangalore,2022-08-30 22:39:56.971836
U4582,30,salaried,85893,600,medium,Mumbai,2021-04-18 22:39:56.971836
U4583,65,salaried,82495,558,high,Pune,2023-06-04 22:39:56.971836
U4584,29,self-employed,149766,798,low,Pune,2020-11-29 22:39:56.971836
U4585,34,salaried,52099,413,high,Pune,2022-09-26 22:39:56.971836
U4586,35,self-employed,26505,406,high,Hyderabad,2025-11-25 22:39:56.971836
U4587,46,student,14164,300,high,Hyderabad,2022-01-16 22:39:56.971836
U4588,40,self-employed,117703,650,medium,Pune,2022-11-15 22:39:56.971836
U4589,34,student,18228,345,high,Bangalore,2023-06-24 22:39:56.971836
U4590,24,salaried,40754,453,high,Kanpur,2021-08-26 22:39:56.971836
U4591,60,student,10164,343,high,Pune,2024-01-25 22:39:56.971836
U4592,50,self-employed,72622,502,high,Delhi,2025-02-23 22:39:56.971836
U4593,59,salaried,95567,610,medium,Hyderabad,2024-03-20 22:39:56.971836
U4594,45,salaried,66229,460,high,Delhi,2024-02-11 22:39:56.971836
U4595,51,salaried,59950,430,high,Mumbai,2025-11-25 22:39:56.971836
U4596,29,student,19859,374,high,Kanpur,2025-03-27 22:39:56.971836
U4597,44,salaried,116652,687,medium,Hyderabad,2021-11-03 22:39:56.971836
U4598,26,self-employed,135719,744,medium,Kanpur,2021-11-17 22:39:56.971836
U4599,27,student,18687,367,high,Pune,2024-01-04 22:39:56.971836
U4600,48,self-employed,94770,556,high,Kanpur,2026-01-08 22:39:56.971836
U4601,20,salaried,59502,453,high,Delhi,2024-04-26 22:39:56.971836
U4602,43,self-employed,156658,772,low,Bangalore,2025-10-14 22:39:56.971836
U4603,20,self-employed,26044,391,high,Kanpur,2025-10-11 22:39:56.971836
U4604,31,student,6937,301,high,Bangalore,2023-10-11 22:39:56.971836
U4605,50,student,8753,327,high,Mumbai,2024-03-07 22:39:56.971836
U4606,65,student,8686,314,high,Hyderabad,2022-03-12 22:39:56.971836
U4607,36,self-employed,29509,406,high,Pune,2022-05-12 22:39:56.971836
U4608,62,self-employed,128020,689,medium,Bangalore,2021-03-04 22:39:56.971836
U4609,54,self-employed,91505,538,high,Pune,2024-09-25 22:39:56.971836
U4610,30,student,16490,372,high,Kanpur,2021-01-06 22:39:56.971836
U4611,54,student,16862,369,high,Delhi,2022-02-19 22:39:56.971836
U4612,46,salaried,62330,502,high,Kanpur,2025-05-22 22:39:56.971836
U4613,59,student,15420,321,high,Kanpur,2021-11-25 22:39:56.971836
U4614,32,self-employed,108092,650,medium,Delhi,2024-06-09 22:39:56.971836
U4615,18,student,5568,300,high,Kanpur,2020-12-22 22:39:56.971836
U4616,31,self-employed,157823,747,medium,Kanpur,2023-10-14 22:39:56.971836
U4617,49,self-employed,175257,870,low,Hyderabad,2021-08-17 22:39:56.971836
U4618,29,student,11640,304,high,Hyderabad,2023-05-20 22:39:56.971836
U4619,22,student,15384,369,high,Bangalore,2025-09-01 22:39:56.971836
U4620,26,self-employed,39365,412,high,Delhi,2025-02-12 22:39:56.971836
U4621,51,student,7633,364,high,Kanpur,2020-12-19 22:39:56.971836
U4622,51,salaried,85116,557,high,Kanpur,2024-11-18 22:39:56.971836
U4623,53,self-employed,50525,473,high,Delhi,2022-07-15 22:39:56.971836
U4624,36,self-employed,93136,627,medium,Bangalore,2020-09-11 22:39:56.971836
U4625,50,self-employed,41397,424,high,Hyderabad,2020-12-01 22:39:56.971836
U4626,22,salaried,54663,458,high,Bangalore,2021-12-17 22:39:56.971836
U4627,59,salaried,101298,606,medium,Pune,2021-05-13 22:39:56.971836
U4628,65,student,9505,357,high,Pune,2025-12-19 22:39:56.973113
U4629,51,self-employed,67027,476,high,Delhi,2024-08-28 22:39:56.973113
U4630,63,self-employed,129113,687,medium,Mumbai,2024-10-06 22:39:56.973113
U4631,60,student,5920,345,high,Hyderabad,2024-02-18 22:39:56.973113
U4632,42,student,15285,314,high,Hyderabad,2023-03-29 22:39:56.973113
U4633,56,self-employed,178909,815,low,Kanpur,2021-04-02 22:39:56.973113
U4634,43,salaried,27998,341,high,Delhi,2022-09-12 22:39:56.973113
U4635,32,student,18122,347,high,Mumbai,2022-08-08 22:39:56.973113
U4636,35,salaried,69847,496,high,Bangalore,2020-09-18 22:39:56.973113
U4637,19,student,10320,305,high,Kanpur,2024-12-16 22:39:56.973113
U4638,46,student,9159,300,high,Delhi,2020-09-21 22:39:56.973113
U4639,49,student,11026,375,high,Bangalore,2022-05-17 22:39:56.973113
U4640,26,salaried,55628,449,high,Mumbai,2023-09-26 22:39:56.973113
U4641,53,self-employed,158621,772,low,Kanpur,2024-02-07 22:39:56.973113
U4642,59,self-employed,161823,762,low,Delhi,2021-03-13 22:39:56.973113
U4643,37,student,14539,327,high,Bangalore,2025-02-11 22:39:56.973113
U4644,61,student,14738,375,high,Delhi,2022-11-30 22:39:56.973113
U4645,42,salaried,79007,533,high,Bangalore,2023-08-24 22:39:56.973113
U4646,52,self-employed,121454,651,medium,Pune,2022-04-19 22:39:56.973113
U4647,25,student,13491,385,high,Hyderabad,2022-12-03 22:39:56.973113
U4648,33,salaried,50194,464,high,Pune,2024-12-03 22:39:56.973113
U4649,22,salaried,112396,594,high,Hyderabad,2021-09-27 22:39:56.973113
U4650,62,self-employed,164487,770,low,Delhi,2024-10-13 22:39:56.973113
U4651,48,self-employed,173871,803,low,Kanpur,2021-03-25 22:39:56.973113
U4652,18,student,13390,382,high,Mumbai,2021-09-30 22:39:56.973113
U4653,42,student,9909,300,high,Pune,2022-01-05 22:39:56.973113
U4654,35,self-employed,53053,496,high,Delhi,2023-07-08 22:39:56.973113
U4655,21,salaried,88143,593,high,Delhi,2025-01-05 22:39:56.973113
U4656,22,self-employed,152154,806,low,Hyderabad,2024-01-19 22:39:56.973113
U4657,61,student,11705,300,high,Kanpur,2024-12-10 22:39:56.973113
U4658,49,salaried,73956,490,high,Delhi,2020-12-19 22:39:56.973113
U4659,44,student,12965,312,high,Delhi,2026-01-03 22:39:56.973113
U4660,43,student,17029,398,high,Hyderabad,2020-11-24 22:39:56.973113
U4661,40,student,9282,300,high,Hyderabad,2022-08-20 22:39:56.973113
U4662,57,salaried,92313,561,high,Hyderabad,2021-02-12 22:39:56.973113
U4663,39,self-employed,133623,691,medium,Mumbai,2020-09-23 22:39:56.973113
U4664,33,student,11781,322,high,Mumbai,2025-04-19 22:39:56.973623
U4665,48,self-employed,31245,443,high,Pune,2023-04-22 22:39:56.973623
U4666,27,self-employed,194467,886,low,Mumbai,2024-09-27 22:39:56.973623
U4667,62,salaried,118707,660,medium,Mumbai,2022-09-24 22:39:56.973623
U4668,21,salaried,95631,577,high,Kanpur,2022-05-27 22:39:56.973623
U4669,26,student,16522,349,high,Delhi,2023-02-23 22:39:56.973623
U4670,25,student,16790,318,high,Bangalore,2025-11-16 22:39:56.973623
U4671,28,self-employed,71727,476,high,Pune,2024-10-10 22:39:56.973623
U4672,64,student,8281,369,high,Delhi,2025-01-01 22:39:56.973623
U4673,55,student,14722,326,high,Bangalore,2021-08-19 22:39:56.973623
U4674,21,salaried,112882,647,medium,Kanpur,2021-06-19 22:39:56.973623
U4675,56,salaried,100201,556,high,Hyderabad,2021-05-21 22:39:56.973623
U4676,37,self-employed,108017,586,high,Mumbai,2024-03-03 22:39:56.973623
U4677,41,self-employed,90500,606,medium,Delhi,2021-10-04 22:39:56.973623
U4678,29,self-employed,76252,553,high,Delhi,2022-04-18 22:39:56.973623
U4679,22,self-employed,84662,575,high,Pune,2021-07-09 22:39:56.973623
U4680,29,self-employed,95385,611,medium,Hyderabad,2025-04-03 22:39:56.973623
U4681,39,student,7608,300,high,Delhi,2024-06-08 22:39:56.973623
U4682,60,self-employed,171932,836,low,Hyderabad,2025-06-21 22:39:56.973623
U4683,51,self-employed,142466,746,medium,Delhi,2023-12-01 22:39:56.973623
U4684,57,salaried,32836,361,high,Delhi,2022-04-19 22:39:56.973623
U4685,31,self-employed,77725,579,high,Delhi,2025-07-30 22:39:56.973623
U4686,26,student,8684,343,high,Pune,2024-01-22 22:39:56.973623
U4687,50,salaried,88340,608,medium,Bangalore,2020-12-09 22:39:56.973623
U4688,59,student,13603,315,high,Kanpur,2021-03-22 22:39:56.973623
U4689,41,salaried,87052,516,high,Hyderabad,2025-03-27 22:39:56.973623
U4690,40,self-employed,101459,583,high,Bangalore,2025-11-17 22:39:56.973623
U4691,42,self-employed,152973,785,low,Pune,2025-02-24 22:39:56.973623
U4692,30,student,19063,362,high,Delhi,2024-05-07 22:39:56.973623
U4693,31,self-employed,195205,867,low,Delhi,2020-09-08 22:39:56.973623
U4694,55,salaried,119769,633,medium,Pune,2023-10-22 22:39:56.973623
U4695,46,student,17209,345,high,Bangalore,2021-12-21 22:39:56.973623
U4696,48,salaried,62866,484,high,Hyderabad,2022-01-16 22:39:56.973623
U4697,49,salaried,74983,563,high,Hyderabad,2023-05-19 22:39:56.973623
U4698,30,self-employed,100978,637,medium,Delhi,2023-05-14 22:39:56.973623
U4699,32,salaried,86037,526,high,Delhi,2022-07-26 22:39:56.973623
U4700,35,salaried,72382,509,high,Delhi,2024-04-16 22:39:56.973623
U4701,32,salaried,66192,524,high,Kanpur,2025-09-07 22:39:56.973623
U4702,21,student,13420,311,high,Bangalore,2025-02-10 22:39:56.973623
U4703,52,salaried,106530,569,high,Hyderabad,2024-01-27 22:39:56.973623
U4704,54,student,8786,366,high,Pune,2024-04-30 22:39:56.973623
U4705,40,self-employed,53349,475,high,Bangalore,2024-09-27 22:39:56.973623
U4706,30,student,6230,300,high,Mumbai,2025-08-07 22:39:56.973623
U4707,46,student,6477,353,high,Kanpur,2023-12-06 22:39:56.973623
U4708,57,student,12998,302,high,Bangalore,2022-10-18 22:39:56.973623
U4709,26,salaried,119854,624,medium,Mumbai,2024-05-07 22:39:56.973623
U4710,29,student,13191,327,high,Delhi,2025-11-17 22:39:56.973623
U4711,37,student,13861,341,high,Delhi,2020-09-05 22:39:56.973623
U4712,33,student,14909,369,high,Kanpur,2021-11-27 22:39:56.973623
U4713,19,student,15190,347,high,Delhi,2024-01-09 22:39:56.973623
U4714,65,student,17914,377,high,Kanpur,2022-05-19 22:39:56.973623
U4715,25,salaried,30940,414,high,Delhi,2024-11-20 22:39:56.973623
U4716,46,student,13956,318,high,Bangalore,2020-11-16 22:39:56.973623
U4717,39,self-employed,46257,485,high,Pune,2021-09-30 22:39:56.973623
U4718,63,student,12402,300,high,Delhi,2020-11-23 22:39:56.973623
U4719,46,student,5667,319,high,Hyderabad,2024-05-26 22:39:56.973623
U4720,21,self-employed,58595,477,high,Pune,2022-06-15 22:39:56.973623
U4721,56,salaried,69808,529,high,Bangalore,2021-01-31 22:39:56.973623
U4722,52,salaried,45276,388,high,Pune,2024-11-24 22:39:56.973623
U4723,38,self-employed,55246,512,high,Kanpur,2022-08-01 22:39:56.973623
U4724,35,salaried,100193,584,high,Pune,2022-05-31 22:39:56.973623
U4725,39,salaried,60080,527,high,Bangalore,2022-08-07 22:39:56.973623
U4726,52,student,12140,346,high,Hyderabad,2023-11-29 22:39:56.973623
U4727,55,student,8230,319,high,Delhi,2022-04-30 22:39:56.973623
U4728,63,self-employed,112849,676,medium,Pune,2023-07-13 22:39:56.973623
U4729,64,self-employed,181166,842,low,Kanpur,2021-04-29 22:39:56.973623
U4730,49,student,10649,300,high,Mumbai,2025-06-12 22:39:56.973623
U4731,27,self-employed,64396,504,high,Hyderabad,2023-07-13 22:39:56.973623
U4732,57,student,7309,325,high,Hyderabad,2022-04-24 22:39:56.973623
U4733,64,salaried,44189,477,high,Hyderabad,2023-07-21 22:39:56.973623
U4734,31,student,9239,339,high,Kanpur,2025-05-05 22:39:56.973623
U4735,47,salaried,30384,424,high,Hyderabad,2025-06-20 22:39:56.974643
U4736,26,student,15697,330,high,Kanpur,2024-08-14 22:39:56.974643
U4737,35,self-employed,101182,590,high,Hyderabad,2023-09-06 22:39:56.974643
U4738,59,student,13836,331,high,Kanpur,2024-06-25 22:39:56.974643
U4739,31,self-employed,27601,361,high,Delhi,2022-10-24 22:39:56.974643
U4740,51,self-employed,162509,750,low,Kanpur,2024-07-12 22:39:56.974643
U4741,31,salaried,45771,402,high,Kanpur,2025-10-15 22:39:56.974643
U4742,58,salaried,117240,700,medium,Kanpur,2022-02-15 22:39:56.974643
U4743,52,self-employed,187035,880,low,Hyderabad,2020-12-25 22:39:56.974643
U4744,41,self-employed,188243,838,low,Bangalore,2025-09-13 22:39:56.974643
U4745,49,salaried,90676,526,high,Bangalore,2024-10-21 22:39:56.974643
U4746,48,salaried,44266,442,high,Pune,2022-09-04 22:39:56.974643
U4747,47,salaried,65558,462,high,Mumbai,2025-06-25 22:39:56.974643
U4748,65,self-employed,25861,342,high,Bangalore,2025-09-22 22:39:56.974643
U4749,33,student,12899,300,high,Mumbai,2021-08-05 22:39:56.974643
U4750,62,self-employed,102880,574,high,Hyderabad,2024-12-15 22:39:56.974643
U4751,29,student,16074,312,high,Hyderabad,2024-04-17 22:39:56.974643
U4752,64,salaried,59612,462,high,Delhi,2023-12-13 22:39:56.974643
U4753,64,salaried,57489,456,high,Delhi,2022-09-19 22:39:56.974643
U4754,61,student,5074,300,high,Delhi,2023-08-14 22:39:56.974643
U4755,28,salaried,94338,611,medium,Delhi,2023-04-13 22:39:56.974643
U4756,28,self-employed,194189,900,low,Bangalore,2026-01-13 22:39:56.974643
U4757,23,self-employed,57090,439,high,Bangalore,2025-07-30 22:39:56.974643
U4758,63,self-employed,179214,838,low,Pune,2020-09-30 22:39:56.974643
U4759,54,self-employed,26431,409,high,Bangalore,2025-11-09 22:39:56.974643
U4760,44,salaried,43284,440,high,Pune,2021-04-05 22:39:56.974643
U4761,28,student,5295,300,high,Kanpur,2021-01-03 22:39:56.974643
U4762,31,student,16293,352,high,Pune,2021-08-02 22:39:56.974643
U4763,29,student,13110,322,high,Delhi,2024-04-11 22:39:56.974643
U4764,48,self-employed,183020,873,low,Bangalore,2025-09-09 22:39:56.974643
U4765,61,student,9505,377,high,Kanpur,2022-04-19 22:39:56.974643
U4766,45,student,9645,370,high,Kanpur,2021-03-19 22:39:56.974643
U4767,64,student,18579,324,high,Kanpur,2022-05-13 22:39:56.974643
U4768,39,self-employed,56677,435,high,Hyderabad,2021-07-21 22:39:56.974643
U4769,23,salaried,117073,616,medium,Bangalore,2023-10-29 22:39:56.974643
U4770,64,student,10568,308,high,Pune,2022-01-06 22:39:56.974643
U4771,42,salaried,75870,480,high,Mumbai,2021-07-06 22:39:56.974643
U4772,65,self-employed,121145,631,medium,Hyderabad,2022-11-13 22:39:56.974643
U4773,37,salaried,97174,582,high,Delhi,2024-04-20 22:39:56.974643
U4774,51,salaried,70049,537,high,Mumbai,2025-03-11 22:39:56.974643
U4775,19,self-employed,20607,411,high,Hyderabad,2025-04-28 22:39:56.974643
U4776,56,student,12291,315,high,Kanpur,2024-04-20 22:39:56.974643
U4777,38,salaried,81666,553,high,Mumbai,2025-06-18 22:39:56.974643
U4778,34,student,19214,317,high,Mumbai,2024-11-20 22:39:56.974643
U4779,29,student,17799,375,high,Mumbai,2021-12-04 22:39:56.974643
U4780,60,student,12056,360,high,Mumbai,2022-10-14 22:39:56.974643
U4781,22,self-employed,48830,444,high,Kanpur,2022-05-28 22:39:56.974643
U4782,26,student,18916,363,high,Delhi,2024-09-05 22:39:56.974643
U4783,48,salaried,82464,553,high,Delhi,2021-10-15 22:39:56.974643
U4784,21,salaried,51638,467,high,Delhi,2023-10-08 22:39:56.974643
U4785,26,self-employed,94333,562,high,Kanpur,2025-09-12 22:39:56.974643
U4786,45,self-employed,32224,424,high,Bangalore,2025-05-04 22:39:56.974643
U4787,24,student,8548,300,high,Bangalore,2023-01-02 22:39:56.974643
U4788,18,salaried,105981,589,high,Mumbai,2025-01-27 22:39:56.974643
U4789,36,self-employed,83988,585,high,Bangalore,2024-04-24 22:39:56.974643
U4790,38,self-employed,80649,536,high,Delhi,2022-04-20 22:39:56.974643
U4791,24,salaried,90658,541,high,Pune,2021-10-11 22:39:56.974643
U4792,25,self-employed,109291,636,medium,Bangalore,2021-04-28 22:39:56.974643
U4793,43,student,5904,300,high,Delhi,2021-06-25 22:39:56.974643
U4794,59,student,16237,346,high,Bangalore,2025-05-09 22:39:56.974643
U4795,44,salaried,118820,687,medium,Kanpur,2021-03-28 22:39:56.974643
U4796,63,student,5302,311,high,Kanpur,2025-09-16 22:39:56.974643
U4797,59,student,15368,364,high,Hyderabad,2022-01-20 22:39:56.974643
U4798,48,student,18760,354,high,Delhi,2021-06-26 22:39:56.974643
U4799,57,student,11812,348,high,Bangalore,2025-04-08 22:39:56.974643
U4800,34,student,5800,304,high,Delhi,2021-03-08 22:39:56.974643
U4801,54,student,15601,396,high,Mumbai,2023-07-13 22:39:56.974643
U4802,18,salaried,32476,389,high,Delhi,2025-09-24 22:39:56.974643
U4803,36,salaried,30385,358,high,Pune,2021-02-25 22:39:56.974643
U4804,24,salaried,116650,684,medium,Pune,2024-02-27 22:39:56.974643
U4805,46,student,17445,323,high,Hyderabad,2023-02-04 22:39:56.974643
U4806,48,student,14226,330,high,Pune,2025-03-23 22:39:56.974643
U4807,34,salaried,95644,583,high,Pune,2023-06-12 22:39:56.974643
U4808,42,salaried,90100,570,high,Kanpur,2021-12-21 22:39:56.974643
U4809,22,student,18252,379,high,Bangalore,2022-02-02 22:39:56.974643
U4810,46,salaried,85604,537,high,Kanpur,2025-03-16 22:39:56.974643
U4811,52,salaried,76591,531,high,Bangalore,2023-07-18 22:39:56.974643
U4812,62,self-employed,91557,572,high,Bangalore,2022-09-18 22:39:56.974643
U4813,52,self-employed,67929,538,high,Bangalore,2024-01-14 22:39:56.974643
U4814,28,student,5473,332,high,Delhi,2021-10-06 22:39:56.974643
U4815,26,salaried,101816,593,high,Delhi,2020-10-21 22:39:56.974643
U4816,46,self-employed,147748,707,medium,Hyderabad,2024-12-12 22:39:56.974643
U4817,58,student,19205,310,high,Bangalore,2025-12-22 22:39:56.974643
U4818,38,self-employed,23571,410,high,Pune,2022-07-29 22:39:56.974643
U4819,52,salaried,78051,526,high,Mumbai,2024-11-17 22:39:56.974643
U4820,56,student,12913,377,high,Delhi,2024-04-17 22:39:56.974643
U4821,49,student,7091,300,high,Bangalore,2024-01-15 22:39:56.974643
U4822,51,salaried,41346,374,high,Delhi,2021-03-29 22:39:56.974643
U4823,23,self-employed,28265,346,high,Hyderabad,2024-03-22 22:39:56.974643
U4824,19,salaried,81482,568,high,Mumbai,2024-08-14 22:39:56.974643
U4825,55,salaried,37787,394,high,Delhi,2022-08-06 22:39:56.974643
U4826,48,student,7605,364,high,Delhi,2024-01-17 22:39:56.974643
U4827,53,salaried,87826,552,high,Hyderabad,2021-08-16 22:39:56.974643
U4828,21,student,19756,342,high,Hyderabad,2025-01-02 22:39:56.974643
U4829,26,salaried,111793,607,medium,Delhi,2025-06-26 22:39:56.974643
U4830,39,self-employed,172313,837,low,Bangalore,2024-08-06 22:39:56.974643
U4831,62,self-employed,40653,401,high,Mumbai,2025-12-02 22:39:56.974643
U4832,30,student,9647,338,high,Mumbai,2024-08-14 22:39:56.974643
U4833,44,self-employed,183900,846,low,Mumbai,2023-02-06 22:39:56.974643
U4834,49,self-employed,199622,896,low,Hyderabad,2021-08-22 22:39:56.974643
U4835,53,student,8633,322,high,Kanpur,2025-04-14 22:39:56.974643
U4836,42,self-employed,87186,590,high,Kanpur,2023-06-10 22:39:56.974643
U4837,24,salaried,103571,601,medium,Delhi,2022-04-06 22:39:56.974643
U4838,32,salaried,115143,695,medium,Bangalore,2023-07-08 22:39:56.974643
U4839,56,student,18468,361,high,Pune,2022-08-17 22:39:56.974643
U4840,30,self-employed,140778,699,medium,Mumbai,2020-10-20 22:39:56.974643
U4841,38,student,19974,409,high,Hyderabad,2023-09-05 22:39:56.974643
U4842,42,self-employed,185752,820,low,Kanpur,2021-12-19 22:39:56.976163
U4843,65,student,7628,300,high,Mumbai,2024-02-17 22:39:56.976163
U4844,31,student,11563,300,high,Bangalore,2020-12-27 22:39:56.976163
U4845,35,salaried,29150,429,high,Delhi,2021-10-31 22:39:56.976163
U4846,51,student,13445,319,high,Hyderabad,2024-06-01 22:39:56.976163
U4847,63,student,14722,343,high,Bangalore,2022-06-09 22:39:56.976163
U4848,21,student,11668,341,high,Bangalore,2024-10-24 22:39:56.976163
U4849,26,student,14227,362,high,Mumbai,2021-05-29 22:39:56.976163
U4850,61,student,14451,317,high,Hyderabad,2023-11-19 22:39:56.976163
U4851,64,self-employed,97999,613,medium,Delhi,2025-07-14 22:39:56.976163
U4852,31,self-employed,125095,716,medium,Kanpur,2023-06-22 22:39:56.976163
U4853,52,student,18403,327,high,Kanpur,2020-11-11 22:39:56.976163
U4854,50,student,15038,341,high,Bangalore,2025-10-21 22:39:56.976163
U4855,64,self-employed,134058,670,medium,Delhi,2024-07-11 22:39:56.976163
U4856,49,student,12631,358,high,Delhi,2021-07-30 22:39:56.976163
U4857,52,self-employed,100563,625,medium,Pune,2025-05-20 22:39:56.976163
U4858,55,student,16991,328,high,Kanpur,2021-05-30 22:39:56.976163
U4859,39,student,9008,317,high,Kanpur,2022-08-27 22:39:56.976163
U4860,62,student,12429,300,high,Bangalore,2025-07-29 22:39:56.976163
U4861,50,student,10927,306,high,Kanpur,2025-08-07 22:39:56.976163
U4862,63,student,18661,380,high,Bangalore,2023-09-05 22:39:56.976163
U4863,38,student,8687,300,high,Kanpur,2026-01-13 22:39:56.976163
U4864,27,salaried,36969,447,high,Delhi,2021-06-04 22:39:56.976163
U4865,58,self-employed,94441,579,high,Pune,2023-02-26 22:39:56.976163
U4866,44,student,12200,371,high,Pune,2024-06-02 22:39:56.976163
U4867,28,salaried,62765,538,high,Hyderabad,2020-12-21 22:39:56.976163
U4868,47,self-employed,103134,656,medium,Pune,2024-06-30 22:39:56.976163
U4869,35,student,14027,313,high,Mumbai,2025-11-05 22:39:56.976163
U4870,28,self-employed,67901,517,high,Kanpur,2023-12-18 22:39:56.976163
U4871,29,salaried,54267,512,high,Kanpur,2021-10-05 22:39:56.976163
U4872,47,student,10362,354,high,Mumbai,2022-04-12 22:39:56.976163
U4873,59,salaried,52682,410,high,Pune,2025-12-02 22:39:56.976163
U4874,27,salaried,49529,496,high,Pune,2025-07-06 22:39:56.976163
U4875,41,salaried,102785,568,high,Mumbai,2021-12-20 22:39:56.976163
U4876,50,student,14072,328,high,Kanpur,2022-06-22 22:39:56.976163
U4877,44,student,11686,349,high,Kanpur,2022-11-03 22:39:56.976163
U4878,56,salaried,91841,539,high,Bangalore,2025-02-21 22:39:56.976163
U4879,47,self-employed,162234,801,low,Delhi,2022-05-07 22:39:56.976163
U4880,58,salaried,83235,515,high,Kanpur,2024-03-31 22:39:56.976163
U4881,42,self-employed,101542,603,medium,Hyderabad,2024-09-06 22:39:56.976163
U4882,34,self-employed,151896,773,low,Delhi,2020-12-13 22:39:56.976163
U4883,60,student,5588,300,high,Mumbai,2020-10-23 22:39:56.976163
U4884,55,student,18023,399,high,Mumbai,2023-03-04 22:39:56.976163
U4885,41,salaried,70710,519,high,Mumbai,2022-09-29 22:39:56.976163
U4886,59,salaried,65456,541,high,Mumbai,2023-08-02 22:39:56.976163
U4887,33,salaried,74529,552,high,Hyderabad,2020-09-25 22:39:56.976163
U4888,23,salaried,97530,565,high,Pune,2023-10-19 22:39:56.976163
U4889,56,self-employed,37485,373,high,Hyderabad,2020-12-29 22:39:56.976163
U4890,61,student,7443,313,high,Bangalore,2024-12-02 22:39:56.976163
U4891,32,self-employed,189377,836,low,Kanpur,2022-02-03 22:39:56.976163
U4892,44,salaried,36592,440,high,Hyderabad,2025-09-26 22:39:56.976163
U4893,59,self-employed,147236,713,medium,Mumbai,2021-01-24 22:39:56.976163
U4894,38,salaried,113700,680,medium,Bangalore,2023-12-19 22:39:56.976163
U4895,43,salaried,34811,411,high,Bangalore,2022-09-24 22:39:56.976163
U4896,43,student,7585,300,high,Mumbai,2022-10-06 22:39:56.976163
U4897,59,student,7531,362,high,Mumbai,2021-09-21 22:39:56.976163
U4898,47,salaried,99203,596,high,Hyderabad,2022-12-17 22:39:56.976163
U4899,60,self-employed,37449,366,high,Delhi,2025-11-07 22:39:56.976163
U4900,59,salaried,89592,586,high,Kanpur,2021-06-29 22:39:56.976163
U4901,24,self-employed,109932,644,medium,Mumbai,2022-01-02 22:39:56.976163
U4902,33,student,5506,315,high,Pune,2022-10-13 22:39:56.976163
U4903,36,student,16106,340,high,Pune,2024-08-12 22:39:56.976163
U4904,40,student,15234,328,high,Kanpur,2022-03-02 22:39:56.976163
U4905,59,student,8162,338,high,Mumbai,2022-01-26 22:39:56.976163
U4906,50,salaried,91180,534,high,Bangalore,2025-08-10 22:39:56.976163
U4907,18,self-employed,110365,630,medium,Hyderabad,2022-03-07 22:39:56.976163
U4908,35,salaried,37052,383,high,Delhi,2022-08-06 22:39:56.976163
U4909,57,salaried,116036,678,medium,Bangalore,2024-08-04 22:39:56.976163
U4910,52,salaried,66691,469,high,Mumbai,2023-10-19 22:39:56.976163
U4911,40,student,17885,315,high,Delhi,2025-02-10 22:39:56.976163
U4912,59,salaried,98658,589,high,Delhi,2022-04-06 22:39:56.976163
U4913,24,salaried,83363,599,high,Delhi,2024-08-04 22:39:56.977166
U4914,27,student,8126,300,high,Kanpur,2021-03-15 22:39:56.977166
U4915,23,student,7561,316,high,Bangalore,2021-10-25 22:39:56.977166
U4916,55,self-employed,171161,861,low,Mumbai,2023-02-19 22:39:56.977166
U4917,24,salaried,117018,626,medium,Mumbai,2023-09-30 22:39:56.977166
U4918,41,student,18855,401,high,Kanpur,2023-04-14 22:39:56.977166
U4919,46,student,17114,310,high,Hyderabad,2021-01-12 22:39:56.977166
U4920,18,self-employed,140464,720,medium,Mumbai,2025-05-17 22:39:56.977166
U4921,42,salaried,48926,462,high,Mumbai,2025-12-17 22:39:56.977166
U4922,55,student,16875,302,high,Bangalore,2022-09-06 22:39:56.977166
U4923,40,self-employed,111317,607,medium,Pune,2022-01-08 22:39:56.977166
U4924,53,student,8000,321,high,Kanpur,2025-08-19 22:39:56.977166
U4925,50,student,15657,368,high,Kanpur,2020-10-22 22:39:56.977166
U4926,54,student,17330,341,high,Delhi,2024-07-16 22:39:56.977166
U4927,32,salaried,25447,416,high,Hyderabad,2023-07-15 22:39:56.977166
U4928,47,salaried,114594,689,medium,Kanpur,2021-09-25 22:39:56.977166
U4929,52,self-employed,165007,806,low,Hyderabad,2025-05-06 22:39:56.977166
U4930,65,salaried,87289,534,high,Pune,2023-04-28 22:39:56.977166
U4931,20,student,7463,300,high,Mumbai,2023-08-02 22:39:56.977166
U4932,55,self-employed,146138,700,medium,Hyderabad,2023-12-18 22:39:56.977166
U4933,41,self-employed,106083,604,medium,Delhi,2025-01-06 22:39:56.977166
U4934,39,self-employed,178391,817,low,Kanpur,2021-02-03 22:39:56.977166
U4935,42,student,17430,375,high,Delhi,2025-09-15 22:39:56.977166
U4936,18,salaried,32764,368,high,Kanpur,2025-08-23 22:39:56.977166
U4937,21,self-employed,184057,853,low,Kanpur,2020-09-19 22:39:56.977166
U4938,50,student,7126,306,high,Delhi,2025-10-04 22:39:56.977166
U4939,57,self-employed,164725,767,low,Delhi,2024-11-27 22:39:56.977166
U4940,63,salaried,41647,439,high,Hyderabad,2024-05-28 22:39:56.977166
U4941,50,self-employed,142011,752,low,Pune,2021-10-22 22:39:56.977166
U4942,29,salaried,89972,548,high,Hyderabad,2022-02-04 22:39:56.977166
U4943,62,student,19253,317,high,Pune,2021-10-26 22:39:56.977166
U4944,52,salaried,96334,637,medium,Delhi,2024-03-22 22:39:56.977166
U4945,26,student,10933,335,high,Bangalore,2022-05-01 22:39:56.977166
U4946,40,self-employed,194367,863,low,Kanpur,2023-10-04 22:39:56.977166
U4947,30,salaried,109102,644,medium,Bangalore,2024-01-13 22:39:56.977166
U4948,47,salaried,59486,448,high,Pune,2023-01-22 22:39:56.977166
U4949,50,salaried,95305,618,medium,Pune,2021-08-09 22:39:56.977166
U4950,34,salaried,55345,500,high,Delhi,2022-08-17 22:39:56.977166
U4951,20,self-employed,75238,552,high,Bangalore,2021-07-07 22:39:56.977166
U4952,44,salaried,86282,579,high,Mumbai,2025-04-17 22:39:56.977166
U4953,27,self-employed,112760,670,medium,Hyderabad,2025-10-02 22:39:56.977166
U4954,32,student,15709,388,high,Hyderabad,2020-12-30 22:39:56.977166
U4955,56,self-employed,41727,428,high,Pune,2024-01-27 22:39:56.977166
U4956,54,self-employed,29505,340,high,Mumbai,2024-10-09 22:39:56.977166
U4957,24,self-employed,61286,463,high,Hyderabad,2025-04-11 22:39:56.977166
U4958,24,student,8795,312,high,Hyderabad,2024-06-29 22:39:56.977166
U4959,47,salaried,27782,411,high,Pune,2025-07-26 22:39:56.977166
U4960,31,salaried,97222,634,medium,Bangalore,2023-03-05 22:39:56.977166
U4961,64,self-employed,84802,541,high,Hyderabad,2025-09-07 22:39:56.977166
U4962,20,salaried,60818,490,high,Pune,2024-09-24 22:39:56.977166
U4963,18,student,15877,335,high,Bangalore,2022-08-19 22:39:56.977166
U4964,49,self-employed,161931,748,medium,Bangalore,2021-09-16 22:39:56.977166
U4965,56,student,9729,359,high,Pune,2021-11-23 22:39:56.977166
U4966,25,student,11206,335,high,Pune,2021-03-14 22:39:56.977166
U4967,38,self-employed,25821,379,high,Kanpur,2025-04-25 22:39:56.977166
U4968,26,self-employed,98764,626,medium,Mumbai,2020-12-03 22:39:56.977166
U4969,61,salaried,72876,537,high,Kanpur,2025-04-21 22:39:56.977166
U4970,34,salaried,112628,669,medium,Pune,2023-04-27 22:39:56.977166
U4971,22,self-employed,186829,900,low,Mumbai,2023-01-19 22:39:56.977166
U4972,21,student,17650,332,high,Bangalore,2025-09-04 22:39:56.977166
U4973,35,salaried,33965,446,high,Hyderabad,2024-10-04 22:39:56.977166
U4974,60,student,11933,337,high,Delhi,2022-12-06 22:39:56.977166
U4975,52,student,17777,337,high,Delhi,2023-01-08 22:39:56.977166
U4976,47,self-employed,124068,716,medium,Hyderabad,2023-12-08 22:39:56.977166
U4977,46,self-employed,133036,657,medium,Delhi,2023-01-08 22:39:56.977166
U4978,44,self-employed,141226,762,low,Hyderabad,2022-03-31 22:39:56.977166
U4979,27,salaried,106882,616,medium,Bangalore,2025-05-26 22:39:56.977166
U4980,49,salaried,113567,649,medium,Bangalore,2024-12-02 22:39:56.977166
U4981,32,self-employed,179245,869,low,Kanpur,2025-03-01 22:39:56.977166
U4982,58,salaried,75079,547,high,Kanpur,2022-07-14 22:39:56.977166
U4983,35,student,18026,377,high,Pune,2020-10-15 22:39:56.977166
U4984,29,student,19672,374,high,Delhi,2026-01-04 22:39:56.977166
U4985,58,self-employed,173792,790,low,Hyderabad,2022-04-14 22:39:56.977166
U4986,23,self-employed,107641,646,medium,Mumbai,2020-10-10 22:39:56.977166
U4987,44,student,18017,338,high,Mumbai,2020-10-12 22:39:56.977166
U4988,38,self-employed,147641,775,low,Hyderabad,2023-02-10 22:39:56.977166
U4989,51,salaried,103619,641,medium,Kanpur,2023-12-03 22:39:56.977166
U4990,61,student,7018,300,high,Delhi,2024-01-15 22:39:56.977166
U4991,28,self-employed,87009,552,high,Delhi,2021-09-24 22:39:56.977166
U4992,28,student,8739,330,high,Hyderabad,2023-01-09 22:39:56.977166
U4993,43,student,7259,356,high,Hyderabad,2024-07-05 22:39:56.977166
U4994,51,self-employed,194724,900,low,Pune,2020-10-13 22:39:56.977166
U4995,31,student,15745,372,high,Pune,2022-11-19 22:39:56.977166
U4996,45,student,6653,300,high,Pune,2022-01-02 22:39:56.977166
U4997,29,student,7387,333,high,Mumbai,2025-07-10 22:39:56.977166
U4998,50,self-employed,28246,414,high,Bangalore,2023-07-09 22:39:56.978383
U4999,46,self-employed,147723,713,medium,Pune,2020-10-09 22:39:56.978383
U5000,55,self-employed,82196,529,high,Hyderabad,2020-09-10 22:39:56.978383
